,label,review
6543,0,差评，11点14订餐，13点20饭才到，2个小时才把我的午饭送到，而且还是打了2次客服电话，1次投诉电话才给送来，要是不打电话都不知道几点能吃上午饭？
7947,0,我让多加汁也没加，怎么吃啊？干了吧唧的
9223,0,慢，多远的距离，那么长时间
8579,0,盒子很精致，味道还好。整体不错
9754,0,餐呢？就为了不半价，餐没送来就确认了？必须投诉
4310,0,不管口味如何，送了两个多小时，不骂街我已经是素质好了
10980,0,总是很晚送到
9976,0,"不好吃,饭根本不像饭,难吃的咽不下去"
9517,0,除了速度慢，其他都挺好。速度忒慢了，等了一个小时二十分钟。
5300,0,"超级无敌慢,等了整整三个小时"
4010,0,点了200多块吧，整份鱿鱼卷只有3个，土豆片没见到，丝瓜没见到，总之整份比平时半份还少，不建议一次点很多，三种菜品和十几种菜品都是同规格的打包盒，不会再点了。
7951,0,点了2份单个狮子头，送来就1个。而且还是放在单点的米饭里。好吧，这个混放其实无所谓...然而少一个。
11139,0,送餐不守时，理由一大堆，太难吃。0分
11925,0,我想说的是，正如评价说的，一点都不好吃！一送来，整个家都臭了，还有那个酸笋太难吃了！！！以前在桂林米粉吃的超好吃！这个一点酸味没有，而且感觉快坏了
10818,0,太慢了，送了两个小时
7121,0,这么点菜是几个意思？！气死了。一次比一次少，店家欺人太甚。
4237,0,送餐为啥我要下楼拿。。但是味道还好份量很足。
9935,0,晚了一个小时才到
9107,0,味道很差，饭很油
6195,0,快递员辛苦了！就是眉州东坡现在是在提倡环保么？啊！连个筷子也不给！餐巾纸也不给？！难道我今天要是不在家就要拿手抓着吃么！
4352,0,垃圾食品吃完中毒啦！！！！！！
11806,0,太气愤了，送餐送到小区门口，跟我说车没电了，进不来，要去自己拿，态度超级差，还和我嚷！
5184,0,为什么感觉肉臭臭的…感觉整个人都不太好…
4060,0,"煎蛋，香肠还行。肥牛太老！！菜花难吃！,最sb的可乐是热的，一打开喷的到处都是！,盐酥鸡上面的面太厚太硬！！"
6236,0,赠品没有送来！！已经是第三次没送赠品了
6638,0,"定了两个只送了这个,送餐的开始还不想给我送上来,让我自己下去取,我要是有时间下去吃饭干嘛要订外卖"
7771,0,"没评价,等它来都饿的不行了,小俩小时,呵呵了"
9233,0,肉少也就算了，全都是皮算怎么回事？配送态度不错，说电车没电了，但还是整整等了快俩钟头，再也不买了。
5455,0,飘香肘子卷，里面不是肘子，就是很普通的炖肉，半生不熟的，看着就没食欲。一口下去，唯一的感觉就是：难吃到没朋友！吃了三口，实在受不了就给扔了；包装倒是高端大气，不禁让我联想到老板肯定是把店里的主要资金花在包装纸袋上了
7590,0,"11:23定的餐,1:27打电话告诉我还需要等20分钟,愤怒之下退餐,居然完成了？？？骗了我45块钱,这么垃圾的店,打电话解决,找不到百度,跟他说他说他处理,到现在都没给我退钱,ca,招我我就上你店里要去⋯⋯"
9383,0,虽然快递小哥送来单时连连道歉，但是也夸张到等了两个小时。等待期间我打了两次商家电话都是先是没人接，后提示电话是空号。另外我的备注，快递小哥表示并没有理睬。给两颗星是多还是少？
11294,0,下单后等了一个半小时，要是平时上班这个送餐速度估计我连饭都吃不上了！
10360,0,"肉是糊的,吃多了致癌"
10763,0,凉皮还可以，就是觉得太辣了
8677,0,百度外卖千万别定了！这家餐厅也千万别定了！极其不靠谱！
8376,0,菜不怎么好吃，就是包装盒子看着挺好看
10885,0,有机菜花里有虫子
10390,0,73分钟了，显示取餐时间是13点12分，从右安门到牛街需要73分钟吗，极差
5994,0,没给我可乐
4274,0,送的挺快，半小时吧就到了，但是味道不太好吃
8712,0,为什么没给我开发票？？
6262,0,给的超级少，那么大一个盒子装了不到一半，连牛肉的影子都没看见，再也不来了
7418,0,菜煮烂了，鸡肉很多都是骨头
5212,0,不太好吃，没味，凉了
6109,0,套餐里的可乐送到都洒了，有半杯在塑料带里，真是够了！都泡了！
11177,0,相当差劲，炒的鸡蛋炒饼感觉都坏啦，牛肉18元就几块太少。木耳的量还可以。
9334,0,他们家的菜肉普遍偏少
7560,0,包饺子太慢，让我等了一小时
7790,0,点的大杯，打开一看就一半，连小杯的量都算不上
10710,0,今天送餐很慢，用时一小时10分钟，送过肉夹馍都凉了，好腥。希望下次会快点。
8365,0,不新鲜拉肚子了，难受
8263,0,宫爆鸡丁太难吃了
10970,0,今天送餐时间还不错。就是小炒肉没几片肉，尖椒辣得没法吃。以后再也不订这家外卖了！
8017,0,呵呵，我11点40下的单，送的时已经13点20，送来的米线也软了，我真醉了
6808,0,哎，要的不辣的，结果送来的超辣
10232,0,1小时27分钟送到，没有折扣，就是等
9550,0,"我点的尖椒土豆丝给做成醋溜土豆丝了,酸死了,麻婆豆腐还可以,这次百度骑士导航坏了,送餐比较慢"
6230,0,口味比之前差多了！换厨师了吗？
7375,0,請不要拿放很久的冰品飲料欺騙消費者，喝的時候都是水味
8683,0,味道不错，但配送稍慢
8170,0,汉堡非常小，鸡块超难吃，有股药味儿!
4238,0,八宝菜竟然是咸菜。。。太坑
9658,0,不满意的一次外卖
6930,0,收了我2块钱餐盒费然后，不给我拿餐盒和筷子，什么饭店呀？
9717,0,12：20订单的，13：38餐才到。等的都不想要了
8174,0,非常一般，还不给够发票
6915,0,量特别大，但味道太一般！
10311,0,翻遍了米线也没找到肥牛啊！
6153,0,13元的煎饼口味也不是很特别，送餐85分钟，距离1公里，不知道这服务以后怎么做外卖
7213,0,小炒肉肉不多又肥不说，关键是肉质有异味了，也不知道放了多久，都没敢吃了。小葱摊鸡蛋分量较足，味道也行。米饭一个盒饭大小，不算少。
7864,0,不好，没有以前好吃了，送餐太慢，5点多定的，7点多才到
9516,0,还可以，喜欢吃素的。
11542,0,蒸蛋分量大
4417,0,鱼香肉丝味道完全不对，饼很硬
9940,0,预计到达时间17分钟后联系的我，我已出去办事，没有吃到。
11953,0,下了单说一个小时之后送，过了一个小时送餐员打电话又说晚15分钟，而且态度不好！味道也一般，跟小螺号比差远了，再也不点了
7625,0,等了快三个小时才吃到饭，这已经是第四次了，订完还特意给总部打电话说快给我下单到分店，没想到忽悠人呢，菜品量越来越少也是，大差评！！
6522,0,送餐超级慢，味道还可以
11868,0,10点50订的，12点半才送来，都凉了
10404,0,"订的是虾排,餐来了一看居然是炸虾片=,=,这是让我怀念童年么"
10646,0,主题太硬了吧？腐竹还凑合
6390,0,"菜量少,炒猫耳朵有味了"
5375,0,土豆肉丝并没有看到肉丝。。。
8715,0,"不好吃,不好吃,非常不好吃"
6688,0,"我希望下次再送的时候,把饭拿稳了,我打开的时候都散了"
7165,0,这次的丸子做的没有味道！
5349,0,订了一份餐，1个半小时才送，本来和同事一起定的，只送了一份，还说让我们自己联系，没见过这么差的送餐
11733,0,味道一般，面只有辣、麻，土豆丝没味道
4562,0,"难吃死了,饭菜里面那是甜面酱？好难吃……不像是拌饭,有点像是盖饭……甜兮兮的,不好吃"
11429,0,有史以来最糟糕的一次外卖，下午5点下单，晚上8点才送到！期间我还打了10多个电话！只接了3个，全部都是敷衍搪塞的说辞！好不容易餐到了还要我自己冒雨走一大段路去取！希望百度不要再和这样的无良商家合作！
7522,0,菜品不错，送的太慢，两个小时，菜都凉啦！
8671,0,、天气越来越凉了，希望饭菜别凉嗖嗖的
8234,0,和送餐师傅关系不大，问题是商家没有装够东西，漏放了大薯条，最后补了一个，感觉不像大薯，应该还是中号薯条。习惯好评。没有给差评的习惯。第一次给三颗星。
11407,0,金针菇咸的发苦
11135,0,较之前还是吃的时候腊肉量偏少，不知是不是商家减量还是偶然的情况
4762,0,好吃的都慢
7315,0,"超级恶心,取了半个小时,送了45分钟,不给打电话还不给送呢,张嘴就瞎话,说在楼底下了,出去等半天也没人,还差3分钟就半价了,早知道不尼玛给你打电话了,直接半价拉倒,星冰乐一点冰都没有了,奶油也全泡没了,咖啡也洒了点,最快一次一人13分钟送来了,你TM送了1个半小时,人比人得死,货比货得仍啊"
4999,0,"送餐有点慢,鸡肉有点腥,没吃完,量大"
8338,0,第一次尝试，不好吃，没有鳕鱼好吃
6371,0,尖椒土豆丝分量也太大了，吓我一跳，千万别点，难吃加分量小，失败的一次点餐，还让我等了一个多小时，哎…
5626,0,"少送了一份粥,还联系不到店家"
5541,0,时间超长，给的超少
10460,0,味道可以，量少。饭量大的不够吃
11623,0,爽口菜吃出了烟头
10612,0,菜量很小，味道一般
8913,0,送餐时间长，汤已经凉了，口感不好～
8083,0,点的意式荤劲十足爆牛堡，送的居然是德克萨斯烟熏汉堡，很差劲
9675,0,"送餐速度一般,味道还行可能时间稍长味道不正了"
8096,0,就薯条还行！其他都不怎么样！
11071,0,五十分钟送来面都妥了，第一次订餐半小时送到了，后来就不给力了
11677,0,太慢了，等了两个多小时
8008,0,下午2点下的订单，注明5点半送到。结果6点多打电话催才来，我问他你们家不按下单先后顺序送吗？答说不按。好吧，再也不点了。。。室友11点下的，12点40才到。另一个室友吃出了一个虫子。。。
10040,0,太慢，正一味订了好几次了就是慢。接不了这么多单，就暂停下啊，太耽误事儿了
5886,0,送的这么慢还请假啥。
4019,0,今天送的很快，快递员态度好，味道很好
9125,0,恶意点确认，菜未送到，提前点击确认。
11360,0,"别的先不说了，我餐给我送丢了。。丢了你敢信？我在下面等了10多分钟，跟煞笔似的，送餐小哥让我联系前台，前台让我问小哥。。等我上楼，屁股还没挨着椅子，又打电话告诉我撕错单子了。。用一句文明用语，i,really,ri,le,uzi。。"
5403,0,够久的，以后不会再买了，等了快两个小时。。。
6313,0,辣油很重，慎点~
9894,0,134分钟，一部霍3都看完了，店家电话根本打不通！第一次订外卖遇到这样的！
8987,0,"说了不要香菇,不要香菇,看不看单子啊！！！"
10501,0,排骨只有三块！两道菜都好苦！
4266,0,一个字，慢
4852,0,哇。。还好是满减买的，原价买的要哭死的了。。。一手的面皮肉好少
7880,0,疙瘩汤放鸡精太多了
6816,0,牛蛙就三块.真的
10799,0,羊肉泡馍太咸了啊
5250,0,额。两个小时送来也就算了，我也认了。可是点的南瓜粥呢？？？？希望给个解释。。。
8503,0,"丽华不论百度平台或官网上订餐,现在送餐速度越来越慢,菜品质量和数量相比去年有明显缩水"
10195,0,选了要发票，但却没有
5664,0,"太糟了。等了两个小时,牛肉我吃的快吐了,再也不可能第二次"
11956,0,少了绿豆沙，最近是怎么了，钱都网上付了可老是少东西，外卖送来的的点菜单上就没打上绿豆沙
8747,0,看到不贵，结果超级少，超级不好吃，再也不定了
11099,0,"太慢了,我等了一个多小时才送到"
10988,0,菜凉了就忽略不计了，最搓火的是辣椒都柴了好像都没有炒熟。真是痛苦的订餐经历！！！
5373,0,卷饼一直不错，可是那粥实在是太差了。比稀饭还不如，以后还是不要卖粥了吧，拉低了菜品质量。
7702,0,好吃，就是饼太油了
5770,0,送餐员态度恶劣，延迟送饭。导致披萨凉透，而且只提供一套餐具，不核对餐品是否齐全调头就走。
11322,0,很不好吃，不知道为什么
11117,0,送的太慢，10点40下单，12点42送到，今天再试试，看是不是还这么慢
8726,0,煲仔饭量少
9555,0,你家馒头2快钱一个也就算了，可恨的是，一个馒头要一元钱包装费，合着一个馒头三元钱。这也就算了，关键你馒头来的时候就他妈用一次性塑料袋装的。不管多少个馒头，都装一个塑料袋里边，凭什么收包装费，你的包装呢？
11621,0,米线都碎了！一股搜了的味道！！！怎么吃？
7353,0,"都洒了,还超时,不好"
8013,0,米线有点软
10008,0,太一般了，这个价钱不值
7152,0,几个菜基本都不好吃，鱼香肉丝相对稍好。配送员态度很好，按时送到！
9057,0,菠萝包不给黄油是几个意思
11605,0,10:23下的单，提示卖家已经在准备了，11点左右打电话过去问，店家说正在准备打包，11点才送外卖，我说好吧，快点。11:26我取消订单。（我已经等了一个多小时了）11.34接到电话说，餐到了，我说都一个多小时了，我不要了，店家态度非常恶略，说胡说八道，哪有一小时！我说你回去看我的下单时间。对方就直接挂电话了。
9745,0,送餐慢，饭都凉了，胡萝卜丝太多，其他蔬菜几乎没有，不好吃，鸡块真的很玲珑。
11164,0,等了快2小时！饭盒还烂了！送餐服务还差！
7821,0,"订的超大杯,送的大杯grande"
8509,0,答应下午来给我送发票，人呢
7288,0,太差了，全撒了。蛋糕用咖啡杯装
8311,0,送餐的说餐厅不给开发票，要等。无语，他们就和百度这样合作的吗？送餐也超时。
6851,0,送餐比较慢，味道还行
7526,0,咖喱饭特别一般。。。
11899,0,太差劲了！！！
7451,0,"送餐员差评,投诉,超次"
10257,0,少了一个菜
9928,0,非常的不好吃
8000,0,"可以给0分么,送了1个半小时,忽悠人呢,不能定了,时间没准"
11264,0,实惠，但是厨师技术有待提高
4835,0,一般般。。。
6683,0,"猴子面包就给那么点奶油,无语了"
6327,0,没给我果汁!!!!!心塞
8510,0,"送餐快,饭也挺好吃的,就是饭和菜量比较少,能再多点就完美了"
8552,0,我一再声明留言不要肥肉烧肉！！！！第几次了？！差评！！！！
11309,0,一直都很好，这次却太差，蘑菇里全是沙子，明显没洗干净，希望给个解释！
9571,0,没有满减！
4332,0,虽然送晚了，但是商家的太度还是可以的
4291,0,等了2个多小时，打电话取消了两次，后来又送来了，真是无语了！饼是粘的，不好吃
9261,0,订6个面筋你就给我送过来1个，你们咋想的，打电话不接，黑？
6617,0,十分不满意！！送餐员很跩的收了钱连取出快递都懒的做让我自己取！叫了大份沙拉比第一次叫的时候少了很多！！
10141,0,"等了两个小时,没按时送,饭都凉了,人也饿过劲了,菜也凉了,不好吃,以后不会再叫"
9952,0,特别特别慢！！
5085,0,催了三次单也没用，照样不能准时送到。
6635,0,薯泥太湿了，口感很怪，味道不好，提拉米苏少了一角，被惊到了~望以后注意
5058,0,好难吃，什么味都没有，还被店摆了个乌龙。。
4971,0,难吃死了还那么贵
9526,0,"说好的32,货到啦给我要34,把我们消费者当傻子呢"
6363,0,坏了，菜都变味了，酸味
10656,0,第二次吃第一次点外卖的时候还挺好的。这次点送的就比较慢。钟水饺的汤料洒了一袋子，燃面里面还特么有头发！！！这特么的怎么吃？！卧槽
8233,0,承诺60分钟送到，从来没有做到过。汉堡和薯条都凉了，还能有什么味道？
5231,0,不在范围了，烦
6852,0,和前几次味道完全不一样，只有辣味，什么味道都没有，我又让家人回锅加的盐和鸡精，这样才凑活能吃，菜里点的脆皮肠没找到一个整的，其他的菜也是烂乎乎的，正让怀疑是别人吃剩的，以后不会再吃这个了！！
4454,0,订单在十一点就应该到的，现在都12点了还没有送到，我刚还不小心点错了，把订单确认了，还没有催单的电话，请问我的餐到哪了？
10715,0,吃的我晚上呕吐到11点。肯定有问题。
6234,0,没给可乐啊
4331,0,等了近两个小时
9937,0,"很一般,送到家凉了"
6468,0,等待170分钟
11399,0,真的就是两个小时，足足两个小时，催单三次，不过分量太大了，一个人没法吃～
10387,0,"石锅拌饭量太少了,太少"
10082,0,订三份送来两份，有一份还送错了，
11467,0,味道不错，但送餐时间也太长了吧！！等了一个多小时
8686,0,咸菜丝有些糟糕呀，哎。吃饱没问题，吃好有些难度
5990,0,送餐晚了四十分钟，到的都吃完饭了，而且点的可乐也没有给我！什么玩意啊！！！
11833,0,太黑了，涨价了，改地方了
7755,0,味道还可以吧。
10888,0,服务没问题，但是不好吃…
5331,0,比蜗牛还慢，送到的时候粥都撒了
5187,0,两个半小时才送到，而且真的很难吃！特别咸！！这么难吃，居然还上过天天向上……真是坑爹！！！
9811,0,一共吃到一小条牛肉丝儿，吃完胃疼不行
11313,0,萝卜里面竟然有毛发
6242,0,"送餐速度太慢了,用了快2个小时才送到。每次都这样，没法用"
11553,0,咸菜炒肉，很一般
10991,0,油特多，菜都是剩的还有点发酸，节省成本也不能这么省吧。。。以后再也不点了。
7047,0,鲅鱼陷有点臭，送菜速度如蜗牛…
6687,0,"非常差,非常差,咖啡送错了不说，,咖啡全洒了,你送过来让我捧着袋子喝吗？非常差！！！！！"
5706,0,"一个纸盒王老吉定价5块,太黑"
8786,0,总体送餐时间较快，干炸小黄鱼、梧桐花鸡蛋炒韭菜的味道还可以，只是东边大拉皮是辣的（备注信息我说了不吃辣的），味道也很一般。大花卷个头还挺大，味道一般般。外卖袋子里还多了一个类似的肉馅，味道很不好，不是我要的，比较奇怪。
5228,0,出于好奇点了肘子蔬菜卷，但是真心不好吃，味道淡但是肉很腻，倒是鱼香肉丝的还不错呐
6016,0,太难吃了，直接扔掉，全是沙拉酱，甜的抄手
10808,0,送餐师傅很快，但不知道为什么拌菜像水泡的，凉皮没有任何味道！！这是怎么回事？
4689,0,送餐迟到20分钟不说，竟然还少一样菜！太不认真了！差评！
6633,0,少送了薯蓉！
4748,0,"1、土豆肉丝卷饼,就几根肉丝，我特么去饭店点个土豆肉丝也不至于这样啊,2、飘香肘子卷饼也是那艹型，这是坑害消费者是吗,3’第一次非常实惠，这第二次订餐简直是噩梦。我和朋友说这家卷饼非常实惠，直接打脸,4、定了一个盖饭香菇鸡肉，原来是特么圆盒非常有食欲，现在一个普通的垃圾小方盒，饭菜在一起，还不如成都小吃的一盒饭一盒菜,呼吁大家千万不要吃，人家是越做越好，这是越来越差！！！还坑害消费者！"
7313,0,美式洒了好多
11089,0,"真他妈的慢,我等了两个小时,打客服电话也没人接"
6569,0,"送单太慢了~~,食材还可以"
10803,0,本来是常客了，可是在肉夹馍里吃到了一根黑毛貌似是鼻毛，什么都不想吃了，以后还敢定谁家外卖。。
11572,0,可惜不能发照片，不然我一定会让别人看看筷子和纸在菜里的照片
10374,0,一般，量挺足，味道一般
5473,0,稍微有点儿腻，要是再多些菜就好了，不过总体还是很好吃的。
10162,0,备注了要全麦面包，结果还是白面包。百度外卖的送餐员真的很烂，不是第一次无视客户的要求，点餐的时候多说一句话就这么难么
10855,0,"鱼豆腐我要特别赞一下,已经推荐,！其它的嘛,不好说，每人口味不一样，还有,刚刚听说还有不辣系列的鸭翅，但是品种里面没有找到，我的微辣鸭翅说是没有货了,还有,那个所谓的花生没有收到,这个是什么情况,都没个解释么？"
10189,0,餐厅连餐具都不提供
5927,0,这次的鸡柳蔬菜煎饼真心不好吃～我记得第一次吃他家的鸡柳也是别人推荐的～很好吃～这次的鸡柳就等于是面疙瘩～
6664,0,要的大瓶雪碧没有送
10188,0,"我是个女瘦子。觉得菜量少的可怜,粥也不够喝，价格也不便宜。送餐倒是快。"
11625,0,"早送了半个小时，吃的时候都凉了,还少一根烤肠，强烈要求退款"
11884,0,送货员很好，速度快态度好。螺狮粉实在…有股臭臭的味道，吃完胃难受了一晚上，吐出来才好受。
9188,0,一有点慢，吃了下午就拉肚子了
6466,0,给一星都多，等了三个小时没送到。电话取消了订单，下午2点多送到的我直接拒收了。商家居然还说订单已完成！！！真是无耻！！！！
11361,0,红烧牛肉套餐基本上都是土豆，一般，送餐时间那是个超慢啊
11638,0,不能更慢了
6645,0,送的挺快，只不过收钱的时候是62，订单显示是49元，回家后才发现这个问题--
7692,0,三个小时，从11:13到14:12，菜和米饭分批收到，也是醉了，做的啥生意
10010,0,好难吃，比在店里差远了，坨成一团的米饭。。。
8406,0,这次套餐超级难吃，性价比极低
4075,0,"米饭4盒。,为神马变成2盒。,4个人怎么吃。,合到一起也不先问一下"
11293,0,突然想起来，没给我配烤肠！！都过去几天了，评价的时候才想起来，晕
10143,0,天冷送到都凉了，石锅拌饭还是去店里吃吧！
9858,0,等了70多分钟，餐都凉了
8239,0,东西都凉了，而且1个多小时太宽张了吧
7872,0,第二次点，送餐员晚了15分钟，菜量大，味道还好，只是这次青花土豆丝里吃出个钢丝球丝，很郁闷。
10526,0,什么破海鲜炒饭就放了几块鱿鱼绿豆鸡蛋很难吃一点味道都没有还29元
7940,0,给我配错了，中午的饭，等到晚上才给我解决，中间打了4次电话投诉都无效，差
8949,0,口味可以，量不大。鸡块一般
11098,0,永远不看备注
9953,0,可怜的汤盒，真心小的可怜，在都不订了性价比一点不高
10835,0,太难吃了、比预算时间晚了45分钟。看师傅位置在北店家园，打电话居然说刚取餐这就送！！两地离得很远啊。你完全可以说实话！电话联系完了，看地标位置还先送别人。请问是别人比我提前定，还是别人路更顺？
9974,0,吃正一味，如果你没信心等，那就别点了，86分钟，我快出现幻觉了，以为订的下午茶呢，想想这速度，都醉了。。。。。
8926,0,耗时太长！单点的辣酱，原本带的就不送了！
8292,0,一如既往的慢
8323,0,"凉了,口感很差,非常失望"
4639,0,不是很适合个人口味
4688,0,"土豆肉丝,没见肉在哪"
11370,0,饭盒里的汤汁都洒出来了，整个袋子都油的，下次能注意点吗！？
10577,0,面送过来就会坨了软了，口感不好，其他还可以。
7665,0,不是第一次定！正餐时间订都没这么慢过！一个多小时！送来金牌炒饭是给猫吃的呀？饭盒少半盒！佩服！！！
6223,0,味道以及菜品的质量比店内就餐差的太多了
5439,0,肘子卷味道一般，凉的
5204,0,送餐慢，店家电话永远打不通，虽然味道很好，但是以后也不会再来了
5681,0,粥里面有皮蛋的蛋壳，不干净
9828,0,送餐非常慢，一个多小时，距离只是马路对面而已！而且有两分套餐还是冷的！
8588,0,非常差的速度，等了足足2个多小时，还总骗人说快到了，十分钟等等。还不如改定别家。千万别上当了。
6957,0,很少给差评，这次忍不住给差评！菜量小，味道就是酱油味，颜色发黑，关键肉不新鲜，和附近另外一家比差太多
4678,0,根本不是肘子肉，只是些瘦肉加肥肉。
11523,0,差差差，不到十一点定的，十二点半才到，整整脱了一个多小时。打电话说到楼下了，三十分钟也没上来，爬楼梯也十几分钟到了吧，
8891,0,都说了，面和卤分开的！每回都忘！！！！
4412,0,包装不好，导致粥都撒了。因为送餐员放下就走，打开看才知道不能吃了，因为忙也没有让重新送，就这样吧
5549,0,有点淡，实在量太小了
8176,0,千万别点鸡块，鸡翅，鸡肉堡，这家店做的又贵又难吃（）。食物送来的时候都散了，里面也没有餐巾纸。唯一好的就是番茄酱给的挺多。
5154,0,今天实在是太慢了，但是服务还好
11212,0,一个多小时才送到，已经坨成一整块了你让人怎么吃，我就呵呵
7139,0,餐品少给了我一个，我上楼后才发现。电话送餐员，送餐员也没检查就一口咬定是商家少给了。让我自己沟通商家。结果商家确认确实给了。至今还没送还。
6624,0,餐具给的不是很全，最后得用筷子吃焗饭
11686,0,不要了还显示送达？
7301,0,冷热放一个袋子，冰的全化了，热的也变成凉的了！和朋友都没喝好。
5380,0,酱有点多，速度挺快的
4085,0,百度大哥先是找不到地点，找到说多给了几块钱的发票，我一核对，是少给了发票，还好意思跟我要好评，我也是醉了，醉了，醉了
9608,0,"汤没放盐,一点味道没有,面里有头发,没吃,特别不好的一次外卖,除了外卖小哥服务好以外,没有别的地方让人觉得好,堂食的时候挺不错的,不知道怎么外卖就这样了,不会再订了"
4797,0,从没这样的体验，能告诉我辣白菜那股刺鼻的化工原料味道是哪来的？能解释两小时的送餐吗？漏油，弄得办公桌一塌糊涂！
4193,0,配送员态度太差，送得慢，按正常速度下楼取还一直催，呵呵了？
6857,0,太咸了！！！
4918,0,送餐速度过慢，服务人员甚至弄错了位置。
7804,0,三杯咖啡洒了两杯，除了差评还有愤怒。
4032,0,"原味奶茶没加椰果,而且上面的封模破了"
11086,0,小鱼府一贯的伎俩，送太迟了，就说打电话关机，然后用店里的座机打过来解释一通，真心受不了
6306,0,以前很喜欢吃，现在送来的是什么鬼？咖喱鸡肉烩面，为什么没有咖喱？？？
11616,0,实惠、好吃！好慢啊……
4443,0,"肉质不新鲜,已经有味道了，不知是不是外卖才这样"
11566,0,"菜里有花椒,，而且又吃到,塑料线了。。。。。。。。"
9875,0,外卖版的没啥菜，只有一点点豆芽泡菜和西葫芦
9611,0,为什么不给勺子，难道汤都用筷子吗？
10109,0,餐送错了，给别人吃了
5841,0,忘了送可乐，而且凉了
9086,0,能在坑点吗，一份盖饭土豆片就一点点，米饭还是凉的
9630,0,没有蜡烛！没有刀！没有帽子！！差评！
5499,0,牛逼，再晚来一会儿就能当晚饭了。
5812,0,配送时间超长，眼看着送货员在望京转悠了几圈，最后才送来，还没送到地方就把单子结算了，显示配送成功了，豆腐脑全撒了，满袋子都是汤，煎饼已经冰凉了，一口都没吃都扔了。用了这么久百度外卖第一次差评，实在是太不满意了。
7079,0,居然弄错收货人了，送餐态度也不好
11210,0,服务态度太差，客服不接电话竟然转到联通秘书台，搞笑了。把客户当啥了？外卖还经常洒了，送餐时间超长，整个差评！
9725,0,主要是肉只有两三片…
11923,0,就是时间稍微长些
11352,0,"足足完了一个小时,手机一直开机,保持通畅,但回复说因为打不通电话才走的,我已经在网上交过钱了,让我晚了一个小时吃饭,态度还很差,可以放在前台的,为什么要再拿走"
7869,0,头回吃不勾汁的锅肉；红色的京酱丝，把甜面酱换成酱豆腐汤了吗？换大师傅了
6292,0,什么都不想说了，什么玩意儿，再订这一家我宁愿吃翔
9478,0,味道很一般，以后不会再定了
4034,0,"没给吸管,怎么喝奶茶"
4804,0,"11点下单2点才送到,真特么服了,而且,肘子卷里面根本没肘子肉,就是普通猪肉块"
7548,0,菜量太少了，喂猫呢，宫保鸡丁外星人炒的吧，太难吃
4857,0,没有想象中的好吃
5543,0,越来越小了，性价比不高，而且少送饮料，包装也开始糊弄了，不会在吃了
10230,0,点的酸辣粉和麻辣凉面。前者没之前的好吃，凉面过麻，客服打电话询问意见时说“因为是麻辣凉面啊”，也是醉了，显然没搞清楚还有个量的问题。偶尔吃一吃还行
5495,0,两小时没送来，退订电话没人接，最后没拿到饭也没退成钱，就当钱掉河里了吧。
4644,0,"冷了,有点硬"
5613,0,太少了，贵又吃不饱
4548,0,为什么肉皮上的毛毛没有弄掉？是不是只要挣钱管他死活？虽然吃不死人，但是看着很恶心的。
8958,0,灰常一般，快是快，我家本来离餐厅就不远，饭比凉的好一点，就算非用餐高峰期外卖做成这样……拌饭是提前拌好的也不写明，多买了一袋酱←_←
9689,0,米饭少的可怜，汤里没有几根牛肉，还老到嚼不动，剩下的就是豆芽、粉条和蕨菜干，口感可以想到吧，粗纤维绝对够量！太失败了！
9972,0,准时送餐，不要太早，也不要太晚
5762,0,水果有好几样都有点蔫了，看来买水果还是得自己去挑啊！
11657,0,经常吃，味觉无法识别了！
9403,0,少送个可乐
5650,0,鱼香肉丝味道一般，南瓜粥太淡了
4469,0,包装超级好、味道也不错
5509,0,口味一般，送餐慢
4920,0,妈的。饭都没给我送来，就默认交易成功了。什么玩意
7064,0,订餐后经催促一个多小时才送到，菜和饭都是凉的，吃的很不舒服
5614,0,太慢了，气死了
11682,0,为什么没有饮料！！！！打电话说外卖就没有饮料，那你图片是干嘛用的呢。怎么不写里边说没有，这算欺骗吗?
9006,0,奉劝订餐的朋友们，如果肚子饿的话一定要提前订餐，否则你会饿的没劲吃的！真的是等了太长时间才等到，中途还打了好几通电话，好在送餐的姐姐态度很好，一直在赔礼道歉，才勉强给2星！不过感到安慰的是正一味的饭真的是好吃，量也足！希望能够想办法提高送餐速度，不要因为这个影响了订餐人的心情，这样吃下去的饭会很不健康的！
9224,0,"价格贵,东西不好吃,再也不会来了"
10041,0,口味垃圾，4元小菜真是刷新了我的人生观。辣牛肉汤就两块肉。
10479,0,"送错了,打电话要求补送也不送"
6480,0,"跟同事一块订的..她那里！！居然！！！！有钢丝球！我这里居然有黑的糊嘎巴。。。凑合吃了几口那什么银耳梨那汤里也黑了吧唧的不知道怎么回事没喝,送的倒是真快可是,食品卫生质量真的改善改善了,希望得到解决,不过啊"
7800,0,"洒了一半儿了得,袋子都浸透了,问为什么,还特有理说全都洒这么多"
8755,0,"等了2个小时，显示快递员拿到以后又用了一个小时才送到。,菜品本身还不错"
9984,0,慢，太慢！做不了外卖就不要接这个活儿！东西送来都凉了，厚厚一层油挂在边上，什么玩意儿嘛！！味道也一般，不会再买了，太差劲！
6981,0,送的太慢啦
8220,0,汉堡王的东西真的不好吃。。。为送餐大哥点赞
5559,0,味道还不错，但是送餐太慢了，等了整整两个小时！
4389,0,"粥没味……香菇炖鸡的鸡竟然是鸡肉丝也就算了,一点味道也没有……送餐先说送不到宿舍要去大南门取,我到了大南门他又说他在宿舍了……这家店一生黑"
8741,0,打死卖糖的油好大又甜不唧唧的难吃死
9838,0,越来越坑，第一次等了3个多小时，电话也打不通，最后告诉饭洒了。第二次点的汤，厚厚的辣油根本喝不了，强吃，吃一半还有个肉呼呼像虫子的东西，恶心的要死！！！
8858,0,一般般，凉菜，笋丝和木耳味道不好
11220,0,送餐太慢了，11点半订的餐，你下午1点半才送到
8736,0,"你家这也叫米线？太特么难吃了，还给我清汤的，没辣椒没麻油的，真是再也不想定第二次了，难吃的一B,."
8728,0,"做的不够精细,凑合吃吃也还好"
7461,0,鸡饭一点汤汁都没有，米饭白，鸡肉没味，孩子怎么吃，操作员不专业，没有责任心，别的会怎样，我很生气！
8501,0,说好的发票呢！
9074,0,比预定的时间居然晚了半个小时！！！
4134,0,呵呵吧。这配送。简直了。没下次了
8543,0,不错很好吃
4898,0,根本就没送餐，还舔脸确认，垃圾
8492,0,等了好久好久好久。。。
10106,0,什锦蘑菇饭图片与送来实物的严重不符，根本没有鸡蛋。而且米饭也太少了，还这么贵，真是太失望了
9368,0,服务很差，送餐速度超慢，打电话去催，连基本的诚信都做不到，跟你说的和实际的完全不一致。
10334,0,中饭变晚饭，12:30订的餐16:00才送到！服务超差！再也不再他们家订了！
8816,0,巨油！感觉就是在喝油
10079,0,今天点了咖喱牛肉饭，我不懂为什么是拌好的。剩的？
5550,0,"卷饼挺好吃的,就是送的太慢,快两个小时了"
7085,0,太慢了，等了一个半小时
10253,0,饭送来全撒在外面了，一点都不想吃了
7340,0,没有拿吸管，有东西没了也不提前通知
8734,0,多收了钱。
6983,0,味道不好，很难吃，下次不点了
4208,0,送的超级慢而且巨难吃！
7724,0,你们家关门吧，没法吃。
9941,0,12点18下单，等到一点四十左右才送来，饭是微热了，送得慢就算了，米超硬，这么久米都焖不熟？我喜欢吃硬饭都觉得真是难嚼啊，再说这个饭是五花肉拌饭，肉呢？一共就四五片都不到，20多？不会再订了！超级不值
6804,0,很生气！我在备注上写着不要香菜！结果里面一大坨！套餐里的青菜一大坨香菜！气死我了！还让不让吃！
4048,0,严重怀疑食物的质量！居然有烟头
11903,0,"送来的瞬间我就不想吃了,送餐员身上的味道太大了,唉,我都不好意思说"
6323,0,"性价比比较低,速度慢,等了一个多小时"
9132,0,口味比较淡，一般
4638,0,现种现磨的麦子现烙的饼！11点发货。人民大学到海淀黄庄用时60分钟还是电话催单2次之后（要知道系统显示预计时间11:07）。我只想说，小哥你是匍匐前进来的么！！所谓的高峰时段根本就是从开门到闭店，如果发货和订单时间根本没关系的话，那就索性什么时候出外卖什么开始下订单好了，省的彼此都废感情。最后，这是我第一次也是最后一次订餐，午休只有一个小时伤不起。。
9013,0,东西不好吃，价格偏贵，送餐速度还可以
9534,0,两份一起订的，一份成功了，一份失败了，钱一样的扣了，还没有退回。再次订餐相差30分钟，送餐时间相差一小时，点餐前还打过电话让一起送到，结果还是一前一后，还差了这么久。什么订餐的心情都都没有了。
10600,0,两个小时，餐还没到，速度太慢，差评。而且我还没收到餐，网上订单就显示完成了
4082,0,全是垃圾没法吃不建议订餐
9524,0,维生素冒牌货配送还好
6757,0,汤菜都漏在外面了
4433,0,东西还好，餐送的很慢
10791,0,木耳要放多少芥末？
4154,0,除了可乐，其他都差。还送错了，我要的是鸡腿肉，两单都送错！快递也不上楼。
5235,0,味道还可以，就是这送餐时间2个多小时才到，也是醉了！
9916,0,"12点订的,3点送来的,给店里打电话,无法接通,那么忙送不了就别铺在上面或者直接说,是想让人饿死吗,下回头一天晚上订,能按时吃上饭吧"
7388,0,压根没送到，快递员为了降低送达时间，先点了送达。
7477,0,不是一般的差
7154,0,京酱肉丝给我配的烤鸭饼！
4786,0,盖饭好难吃…粥还可以
9488,0,这次没给拿醋…腔骨很咸。
6716,0,酱都不给，拌菜只能扔了，
4586,0,我要的辣的，怎么送了个不辣的呢！
7141,0,非常不好，11点半订的餐，餐厅把餐给错了，又从新送的，由于之前快递师傅已经点了订单完成，所以退不了餐，也不能改为餐没有送到，都1点半了才吃上。餐厅并没有按很生气说明里写的超过预定送餐时间半小时赔付50%的餐费。
10623,0,"6点半下的订单，8点才确认。。。。老子都饿饱了,才送来。差评！！！"
11379,0,等了一个半小时，16：47下单，等到七点多，到了牛肉太少，土豆块里面没熟，不知是不是把我落下了，后来仓促做出来的
5281,0,太可恶了，不送还接单，催了几百遍都不理客户，从没碰到过这么恩劣的商家
5947,0,"没给发票啊,几个意思啊"
9757,0,我要的小菜是裙带菜，为什么送的是花生，百度外卖不看备注？别的外卖送的和订单要的不一样还会告知一声！！
6258,0,大排真是太少少少了……差点以为是猫粮
4555,0,写给没定过的朋友，一定要先看评价再订餐，我绝对不会再定，味道你懂的。本人订餐从来都是5星好评，这个真的。。。
9870,0,超级差，都快两个小时了没送来，我定的是晚餐吗？？电话也打不通，定他家的饭能等出胃病来！已经打客服差评了！
10714,0,昨天少给我送一个肉夹馍，9块钱没了
7153,0,配料太多，味道一般
10551,0,送餐太慢，半价优惠，居然是扣送餐员的工资，同情按全价支付，送餐员找不开，少收七元。菜品味道肝尖本次不太新鲜。送餐时间过长，菜捂得有点面了。本次服务失望。百度外卖应考虑业务初期不要因为小利，损失整体业务形象。
9886,0,这家店我去店里面也吃过，真心越来越一般。
6017,0,好奇怪的味道
5752,0,送餐小伙很好，一直等着拿餐！但是餐厅做菜太慢，就两个菜和饺子，居然两个小时，慢得无法忍受！
9072,0,他妈的我要的黄瓜，葱哪里来的？黄瓜好吗？
6481,0,买三样送错两样也就算了！面里竟然有钢丝球！真受不了了！再也不吃！差评差评差评！！！
9184,0,还可以就是有点辣
6870,0,"菜里竟然有不知道是锅,还是,盘子的碎片,太过分了！！！！"
8001,0,没以前好吃了
10401,0,"真讨厌,好不容易到的外卖,都快饿死了,没想到拿过来的汤竟然全洒了！真够气人的！,但还好有重新送了一份,但是好心情全被毁了！"
7773,0,菜不错，快递不给力，就一个师傅，给人累的够呛。
9121,0,饺子到了都烂了
8787,0,点了锅包肉和地三鲜，油油油啊！全是油，感觉在店里吃没有这么多的油啊，吃了几口实在吃不下了，太油腻！送餐速度也是偏慢，这家店离我家很近的，唉
9138,0,味道可以，但是没有给酱油、醋、辣椒油
10697,0,不好吃不好吃不好吃，什么里面都是香肠！
5015,0,送餐很晚，订的是11点送，快12半才到，主要是送餐人员11点才上班，哎没办法，有点咸，不太好吃
5594,0,为什么每次都是凉的。。。。。。
8639,0,鸡腿饭一般，和想象中差距挺大，不是很推荐
4071,0,快递师傅很好，可惜饭菜配不上师傅的速度，太难吃，油大，卖相极差，味道也差，绝不再吃。
7575,0,送餐不错！只是送饺子怎么没送调料啊？
7444,0,严重超时，无法联系！全是凉的！
8909,0,我的煎蛋呢，少了煎蛋，是不是应该退我煎蛋钱！！
5176,0,食物一百分，速度1分。明明走路十分钟的路程，制作要那么久吗
6883,0,我真的很少给差评，这送餐员太不靠谱了吧，居然找人随便把餐带上来!
4159,0,木耳有一股奇怪的味道。肉也有腥味，一般吧
8707,0,还行吧，比刚开业时差了一些
10046,0,"还可以,就没给带发票"
7829,0,多次买了，但是这连续四五次全都洒的很厉害，送餐人员能不能注意一下
4750,0,垃圾，难吃死了，饼还不熟
11181,0,就是太慢了
8871,0,就一点牛肉酱一点味也没有，，太差了
8569,0,菜品很差，这么多次了
7530,0,没在我要求的时间送到，到家吃的时候都凉了。这已经是第二次了。
5593,0,"正面：卷饼味道确实不错；,负面：送餐很慢，订单标注需要送到房间，外卖员非常不耐烦，上来之后竟然还骂骂咧咧，非常恶劣，以后再也不定了，也不会推荐楼上其他人订。"
5148,0,饼里一点酱都没有，干巴巴的没味道
4112,0,注明了不放香菜，结果送来满满的全是香菜。带汤的面条，汤和面没分开盛放，送来直接全糊了，今天注定要饿肚子了，28块钱2个多小时等待打水漂了，差到极致的外卖！！！！！
5720,0,才发现立减6元没减到，难道人家送餐人员忘了？
11545,0,味道跟店里吃的完全不是一个样啊，送餐太慢，汤也凉了
9058,0,点了三碗汤，不给勺怎么用！！！专门留言要勺了你们眼瞎！！！
8091,0,"可乐全洒在袋子里了,怎么喝！"
7218,0,生平第一次吃甜味的地三鲜，这算是创新吗
11577,0,送来的太晚
11398,0,牛肉的筋太多，味道还行，不过价格摆在这里，挺公道的了
9343,0,送餐时间特别长，2个多小时。。。自己想吧
6182,0,"送过来的时候最底下的粥都压扁了,全洒了,送餐员也不看一眼,一坨就给我了,无力吐槽"
4259,0,送餐太慢。不是一般的慢。11:04下的单，最后13:20才给送到！客户端催单三次没反应，打电话给商家打了两次，光送餐员（177xxxx0056）打电话就打了三次，最开始地点还给送错了！我又告诉他了地点在哪最后才给送到。这时候给送来了都开始上班了，没时间吃饭。强烈不满！！！看在送餐员岁数不大，一直在说对不起的份上，我还是把中间几位数字隐藏了。
8618,0,又自己换菜也不通知消费者！能提前和消费者说一下吗！
8279,0,"不好吃,不是炒菜是咕嘟菜"
8400,0,要的发票呢？
9196,0,土豆皮都不刮，挣完百度补贴就走这是啊，差评
4777,0,"送了80多分钟才到！味道,鸡肉太老了！粥的味道不错"
7369,0,在一个小时后才告知没
8366,0,物流特别慢，催了一次单，打了一次客服，评价居然显示12：50送达，你送到了吗？一点半才送到好不！等了一个多小时！
11938,0,"外卖骑士将近两小时送到,而且还要我下去取餐"
7904,0,今天的菜太淡了。
4202,0,等到花都谢了，真心太慢了，希望以后能快点
4007,0,没发票，乱收费，订单没到就被完成了
6064,0,"少送一个菜,也不处理"
11037,0,吃了这么多次了，这次竟然有块大石头，不注意还以为是猪血，太吓人了
11319,0,这个米饭是怎么做的，好像送来的是一块砖头！太失望了！
8546,0,一般、毕竟价钱不贵
5799,0,白菜豆腐汤就是我想要的味道！西红柿鸡蛋炒面里放了酱油，怪怪的。酸菜鱼片，只有酸菜啊，一份两盒，一盒里就四小片鱼啊！
8040,0,味道很一般，不知道哪里怪怪的
8896,0,"面送到的时候已经坨了,凉拌木耳洋葱实在太难吃了,红豆粥真心好喝"
9275,0,十一点定的，快两点送到，中间饿的不行自己去吃了，要求取消订单，老板答应的挺好，实际还是没给取消。真是服了。
7855,0,锅包肉相当难吃，东北菜，这三个字让你毁了
4410,0,味道还可以。
7931,0,送错餐，然后一个半小时以后才吃上
4629,0,鱼香肉丝没有一根肉就算了！还吃出来根头发！我真是！！！气死了！！！
7740,0,等待一个半小时不说，土豆还是生的，此次订餐真是很失望。
4130,0,"1.,十一点订的餐,一点三十才到,2.,12点催单，就说配送中了。,一点二十催单,还配送中。,我单位就在边上走路五分钟的地方,3.,给商家打电话,关机。,4.,送过来之后饼凉了,餐凉了,5.,肘子肉全是大肥肉和青椒,量也小的可怜。,口感我就不说啥了。千万别定"
6566,0,越来越偷工减料了
10158,0,冷的，味道不理想
6551,0,送餐太慢了！味道一般般
9189,0,送来时饭菜露出来来了，叫我怎么吃。
7871,0,亲为什么餐是冷的胃疼
10495,0,怎么一用支付宝有优惠就不成功啊？什么意思？有本事别弄优惠这项啊！
4808,0,量不是很大，小贵有些油，等了快一个半小时了才来
9750,0,很失望，不好吃。
6874,0,酱油太多，黑哇哇的，要的地瓜都没有看到！
10386,0,百度送餐员的卫生真是堪忧
10408,0,金枪鱼沙拉里几乎没有青菜...我也是醉了...
5679,0,从下单到收到餐，142分钟，送到的粥洒了。。
6180,0,外卖员不进园区
4337,0,送的有点慢，味道很好！
9905,0,全是冷的，饺子都快变成冻饺子了
10790,0,等了一个多小时，菜量少，尤其是那份拍黄瓜，又少又难吃
5409,0,送错了，送成盖饭了。。
5316,0,"两个小时才送到,京酱肉丝简直打死卖盐的了,以前很好吃的呀"
8078,0,第一次出现这样的情况，打包的小哥给我只装了三份薯条就送过来了，根本没管后面的。
7427,0,等了2个小时没送来，上班了才送来，退款很慢
11610,0,"不到500米距离,不算预定,送了两个多小时"
6041,0,看了送到时间就知道了，东西已经都凉透了，没法吃了，直接扔了
4424,0,太慢了，等了两个多小时，而且特别咸
4384,0,从包装到味道总体还可以，就是小菜不怎么好吃，木耳还凑合，辣白菜根本不是那味儿！所以小菜再弄好点的话，还会多多支持！
9760,0,可能天热放坏了，吃完晚上拉肚子了。卖相也没有店里的好。
11208,0,送餐时间太长，面都不能吃了，味道还可以。
9807,0,外卖员把汤全洒了，菜还是凉的！绝对差评
7260,0,"1，快2个小时才送到,也没有超时赔付,2，没按备注制作咖啡,3，冬天能不能增加点保温措施,热饮变冷饮了"
6263,0,"我要的热豆浆到了都凉了,想让我拉肚子吗？"
7130,0,我要的精选米饭，你给我送过来一个空盒？？？你TM在逗我吗？？？？？差差评！！
8542,0,"还可以吧,毕竟价格不高"
7037,0,饺子送到都凉了
11380,0,"不会再定了,简直搞笑，两小小小片肉渣渣和一坨没切的菜花"
5604,0,"请不要把硬硬的肥肉块跟嫩嫩的肘子肉混为一谈。谢谢。,简直侮辱了肘子肉。"
8948,0,"11点31下单,12点51送到。这速度太慢了"
4493,0,"好难吃啊,都没吃过这样子的京酱肉丝,还送得超慢,差评"
10420,0,饭和菜一共就半碗，一个鸡蛋也没熟，没肉，30，真差！恶心！
7424,0,汤汁洒的都没食欲了。
7795,0,摩卡做的不能再差了，我不知我喝的是摩卡还是稀释的热巧！咖啡，巧克力，奶油，奶泡的比例完全不对。
8282,0,鱼籽都散了！量少！不过味道也可以！
7591,0,明明点的两份饭，却送来一份
9933,0,时间太长，并且泡菜汤没有米饭
7796,0,"超时了十分钟就算了,一杯咖啡洒了小半杯,那洒这么多的钱都我自己来赔对吗！杯子外面全洒满了咖啡！这种服务不要也罢"
10190,0,虽然送餐很快，可是焖面吃了一口就吃出一只虫子，带翅膀的有蜻蜓那么大。。。
5317,0,送餐速度超级超级慢……
9906,0,送达时间倒是挺快，可这个饭量也太缩水了。辣牛肉汤，连肉星子都没有，一堆蕨菜。量少的可怜，就一小碗。米饭估计也就1两，这饭菜贵的离谱，量少的给小学生吃都不够。以后再也不来。太不靠谱了。
5272,0,无语了，十点下的单，要求尽快送出，下午两点多才送到。差评！
11517,0,"换过两次套餐,都是17换16,前后2次,2块钱,都没退"
5899,0,看在我最后没迟到的份上
7919,0,简直太难吃了
4526,0,送餐时间等太久了（80多分钟），还少送了一样，给退了钱，味道还行
4267,0,这是从宇宙送来的，快递太慢，6点39下单，马上八点才到
5700,0,不会再吃了
9936,0,百度的服务还是很不错的，辣牛肉汤味道也不错，可惜送达的时间实在是太晚了，我都是冰冰凉吃的，唉，非常委屈
10750,0,简直太烂了，凉皮连调料都没给，让人怎么吃？
9859,0,"1：菜品打包后明显比店里吃差好多,2：汤在送达时撒了一半,3：送餐员态度非常不好，首先迟到了没有道歉的意思，菜送少了也觉得很理所应当，我们说少送的要不回去拿，要不减钱，结果人家送餐员同志说没好气的让我们都退了，大哥我们目的是吃饭好么，送晚送少都是你的问题，不但不道歉还要让我们都退了，饿死我们吗？这样的送餐员教育一下吧，不然会得罪很多顾客的。,总之，本次很不满意。"
8570,0,备注和发票那里都写明了要发票，每次那送餐员来的时候总是说没看到要发票，让回去研究研究，你说一次让研究也就算了，次次都说，研究你妹啊，差评！
7793,0,"加了份奶油,送过来的时候奶油已经化得无影无踪了"
11847,0,菜没熟，蒜台、青椒没熟。好难吃。
7584,0,猪蹄上都是猪毛，我都怀疑其他东西干净不！
6252,0,汤洒一袋子。送的也慢。包子味道不错。
7465,0,"点了海带丝没货,双拼饭超级难吃"
9413,0,挺准时的，大家都说米饭有点少。再多点米饭就更好了。
7781,0,送错了，没有美式，给了个小拿铁....
10335,0,配送了三个小时，够了
9849,0,一个多小时才送到，菜汤还都撒了，只给送到楼下
7653,0,两个小时的配送时间，真是服了
9060,0,这是最近最不愉快的一次订餐，这家餐厅我们前后订过不下10次，俩月内，以前平均40分钟到一小时送到，可是今天用了将近三小时，百度外卖怎么管理的送餐，是接单谁抢到算谁的吗？不管什么时候送到，之前就发生过，明明十一点送到的，可是下面的送到时间填写的是十点半，这一单，下面的送达时间是12点16，实际是下午两点才送到，我们点的是孩子的中午饭呀，11点20点的，结果中午没吃上饭，非常耽误事。生气了。
8212,0,汉堡超小，跟烧饼似的，以前在店里吃的都觉得量很足所以才点的，没想到外卖差这么多。。。千万别买真的好小。。。
9456,0,菜的量有点少啊
8468,0,等了73分钟才送到
11694,0,此次送餐时间还算迅捷，可惜原来的20-13活动咋不继续了呢？
8430,0,送货员送错了一份餐，也没有给发票
10221,0,连续两天出问题，投诉！
7156,0,这大牛逼鸭子做的~能再老点吗~面酱能在混事点么~鸭子没味面酱走味还开个什么啊~早日关门大吉吧~
11627,0,点了两瓶啤酒就送了一瓶
5309,0,京酱肉丝还可以
9326,0,像是青菜炒肉
11213,0,鸡蛋太少都是酸豆角
6127,0,我就不明白了~备注里写的清清楚楚~是不认识字~还是不放辣椒不会做？就吃了一口就给家里老人辣着了~妈的~脑残么
10278,0,送餐速度比较快，但是少送了一份，只能让外卖小哥给退了，可是还是有一个人没吃上饭，有点坑～希望商家下次配餐时候认真一点
7777,0,盖子盖不好，送来的时候都洒了，咖啡品质越做越差。谢谢师傅大冷天的配送。这家星巴克店都对不起师傅这么辛苦的跑腿儿。
10204,0,"土豆丝葱姜蒜什么配料都没有,白哗哗的能发照片就好了这个厨师是不是以前干司机的,气死了"
4322,0,送餐太慢了，我十二点点的餐两点才到，
11797,0,差！！！！！！！送餐整整用了三个小时！！！一个办公室定了八份，竟然一份一份送！！没有能力接单就不要接，耽误别人的时间！
7188,0,配送能不能快点呢？
10546,0,预计12:17送到，但事实是1点才送到，而且汤汁全洒
4329,0,"我很少评论外卖,但是这个我真的要说一说,!,十点多订的我外卖,卖家一分钟就接单了,然后过了一个半小时还多我才收到外卖!!收到的时候粥已经是凉的,锡纸包着饼,锡纸是热的,我还想还好还能吃,可是打开后饼已经凉了,油也凝固了,饼也因为凉了变硬！！！106分钟才送达,送来的还是凉的,卖家要是你你能满意吗！！！"
6397,0,面不好吃！送餐服务不错
11234,0,馄饨没给勺，要的烤肠没烤不说还是酸的，唉
6621,0,50分钟才送到不说，馅料完全散了，从没见过这样儿的外卖批萨！
5934,0,差评，太慢！！！
4585,0,"太慢了,等了一个半小时，中号卷饼很大，有点辣，肉给的很多，没有酱？味道一般，南瓜粥没有味道也不甜。"
4367,0,没想象的好，粥里没硬货，饼味道还行，量一般
5470,0,送餐花了一个半小时……无语了
6011,0,难吃……越来越难吃……
9283,0,味道还行，就是配送太慢
5395,0,一不小心点错了，一个小时十五分钟了，还没送到
7116,0,菜都是凉的，这大冬天让人怎么吃？
4378,0,送餐速度太慢，两个小时才到，打电话也不接！味道也很差，直接扔掉了。。。。点过的最差的外卖！！！！！
7335,0,一杯咖啡送到了洒了三分之一
9384,0,炒饭挺好，点的手撕包菜吃起来怎么有股煤油味似得，没怎么吃..
7089,0,非常差，速度慢的可以，0分
5675,0,送过来的时候已经有些凉了，肘子变得非常油腻，吃了一半就扔了……
5761,0,商品太差，以后再也不定了
5203,0,差评，口感一般，量不够，最过分的是等了半天，快递小哥让我去楼下自取，说没有地址！324不知道在3层？？？！！！
11038,0,送的面由于送的时间长都不好吃了
5295,0,饼带汤的洒哪都是，还一直淌～南瓜粥一点味没有
5853,0,小炒肉饼太辣了，配送慢，还没给带发票
5097,0,太腻了，口感不如西少爷
6652,0,没餐具怎么吃？你来试试
7087,0,"量不是很大,一把人还凑合"
4543,0,失误难免，，以后请注意。。
9790,0,"特别油不好吃,基本没有牛肉,有几条肉丝,不超过3"
7696,0,粥又酸又辣不知道是不是坏掉了，料全部都是生的放在里面，而且不是百度送的，很慢。没有物流信息
10918,0,味道还不错，但是送餐真的好慢，明明不是很远，一个多小时才送到。
11007,0,太慢了送的，服务态度还是不错，不过速度实在不能忍受，不会在订了
6828,0,一直吃你家米线，怎么现在给的菜越来越少了？我点的肥牛的，就只有一片肉吗？千叶豆腐的那份也是只有几块，太让人失望了
6649,0,要的套餐（套餐含饭和饮料），就给送饭了，打电话过去说给补送，现在也没送来，差评！
5202,0,东西好吃，但是要等好久！好久！好久！！！！店里电话打不通，好容易打通了，要了送餐小哥电话，结果是个空号！！！！！真的无语了！！！！
7412,0,鸟巢明明点的是热的，送来还是凉的！
4272,0,等太久了，而且漏送了一瓶王老吉~~
8531,0,丽华饭量小了点
4921,0,鸡肉的有点淡
7430,0,强烈投诉！！！！！！！鸡肉都是碎头！！都是！！！！！！！！和第一次定完全不一样！点大份送来的却是一盘散沙！！明显比第一次给的少太多！！！就连米饭都不满，店家你至于吗？！？更可气青笋不到10片还都切的跟芹菜似的～回头客就是被坑！慎重吧！！！！！我是不会再点啦！！！！！坑人啊！！！！！！！
6713,0,点了这么多次，头一次这么慢，晚了一个多小时，打了好几个电话催才给送过来。说周六比较忙，忙的话不能多请几个外卖员？
8828,0,"送餐等了1:30小时,真是醉了,味道还行就是没给筷子"
6726,0,"送餐没我在筷子和勺子,11点半订餐,1点一刻才送过来,太慢了"
5579,0,"太一般了,送到了都凉了,味道也太一般了"
5286,0,慢！！！提前订也白搭
9747,0,餐厅写错地址，冷面很好
7441,0,十点多预定，还是没有准时送到
4160,0,卷饼凉了里面好多大块大肥肉，青椒是生的，吃起来很恶心……粥给我洒了一半，我用了袋子里的两张纸加上自己搭了两张纸，也没把粥盒擦干净。我看这家店名字很逗逼，没想到菜也很逗逼，不会再定了…
10997,0,我已经不想骂人了，我只想打人！跟同事一起订的让11点半送到，结果同事的送到了，唯独没有我的！打电话问店里（很难才打通），他们说11点20就送出了，那为什么没有呢？打了好几个电话催，终于在12点30多送到了，这一餐吃得艰辛啊，还害我午休时间都没有了！再评价饭菜吧，米饭不错，是大米饭，软硬适度，但是菜一般，不值，加一起差不多也就值花的这些钱，加上百度给的13块就实在是不值了，不知道是百度被坑了还是我被坑了。三次订餐都很失望，我不会再在百度外卖订餐了，失望至极！
5054,0,送饭太慢了
6656,0,等了一个小时，也不好吃。
6401,0,大过年的啥也不说了，18点10分下单，20点20送到家，1公里多的路，菜全都冰凉，羊棒骨不给吸管怎么吃？以后再也不叫他家外卖！！
5563,0,凑活吧，随便吃吃，比合利屋好一百倍！
5596,0,"“喂，你的外卖我在门口赶紧出来”,开门之后,塞到我手里就走，定的粥压根没给，"
4581,0,送了快两个小时！电话也打不通！
8192,0,鸡肉死丁丁的，不好吃
8307,0,快递是卡着点来的，还有5分钟就半价了，我也是醉了
4016,0,.炒菜都不放盐的？咖喱炒饭没吃就扔了！太失望，差
4187,0,"一个半小时诶。。。点了套餐,没带粥来,肉卷是凉的。心凉！"
8045,0,难吃的意面！十块都不值
11405,0,真是气死人，速度太慢了，一个半小时都送不到，老这样
4380,0,千万不要买，不好吃而且服务太差，送餐速度三小时，最失败的一次购买
4386,0,两个半小时才到，问商家说配送员11点出去的，一点才到这是去送全北京的外卖了吗？问起来就各种找理由，又是单子多又是第一个送的我的，我十点半定的也不算晚吧！就不信两个半小时都送不到！
6107,0,这是我最差的一次送餐体验了。一杯可乐撒掉了五分之一，豆腐脑也从碗里溢出来了。送餐小哥是跟谁越野飙车过来的吗？同时也想问问商家，你外卖可乐那么贵就不能用听装的吗？非要装个塑料一次性杯+塑料袋，既不环保又影响卖相！
7443,0,"太特么恶心了,服务不到位"
9734,0,味道不正宗
8154,0,配送员说对不起迟到了25分钟，但我吃到的东西是快餐，已经凉了，该脆的都已经皮了硬了。。这是我第一次用百度外卖，实话实说，我很不满意！11:28分下单，说13:00前不送享五折优惠，快递员是12:59踩着点送餐。。我不知道是快递员的问题还是哪里出了问题！从商家确定订单11:34到快递员取餐12:19，这个时间确实有点过长
7298,0,点的星冰乐，来了变成星水乐了，在差几分钟超时赔付时才送到，这次真的太慢了
4757,0,两个小时才送到，期间也没打电话说明情况，必须差评！
8126,0,沙拉的密封膜竟然已经撕开了！要是普通餐盒的塑料盖也就不追究了！菜撒出来一半！绝对不能吃了，谁知道中途发生了什么？！
7033,0,"3个小时送到的,呵呵,送餐员脸皮够厚"
6321,0,"饭都是生的！！！,能不能把饭做熟再送来！,全扔了！！,气死人！！"
6512,0,"份量缩小,买的猪排都没有薯条"
6156,0,煎饼难吃死了。冒菜一点不辣巨麻，全都是花椒。也巨难吃。以后绝对不会吃了。
9519,0,快递小哥人很好，饺子吃着一般，特别慢。
9711,0,送过来我一看傻眼了，太次了，下次不要这家的了，整个糊弄人呢。
6287,0,包子都不想说啥了
6715,0,少送了一份海苔汉堡串，打电话给客服也没有解决
10186,0,良少，味道一般明显比去店里吃差很远
10422,0,我觉得量很少，不怎么好吃！
5496,0,送得慢咱忍了，卷饼凉透了咱也忍了，尼玛劳资明明点的皮蛋瘦肉粥，是粥是粥是粥，送了个王老吉过来神马意思！！！好吧，就算太忙送错东西也可以理解，尼玛电话打不通，打不通，不通，这TM神马意思！！！到现在解释都没有一个，尼玛劳资现在一颗星也不想给。宇宙卷饼，差到不行，继续多说，影响心情。
11888,0,这次的凉了，很难吃，短期内不会再点
4481,0,送得很快。可是，肘子卷和以前吃的不一样了，全是肉，都漏油了，只有几片小小的跟指甲盖差不多大的青椒，没吃完，太腻了…粥不错
10945,0,是不是也太少了！吃两份也不够啊！
5191,0,少了南瓜粥
8886,0,300米的路程等了一个小时才送到，走路都到了
9910,0,"饭菜提前1个小时就送来了，而且都凉了，果断取消订单,挂断放弃，再也不会订了，连热饭菜都吃不上"
8421,0,米饭感觉有点泡水了，大概蒸的时候水放多了；牛肉没有以前的味道，大块的咬不动。
10304,0,"太难吃了,是得罪卖盐的了么,买不着盐么,一点咸淡没有,醋任何调料没有,你不敢放,能不能拿外卖袋装点调料啊"
8005,0,我要加的木耳没加……
9044,0,整整两个小时，快递员才取餐…
5949,0,根本没吃到我点的煎饼…
6484,0,少送了个盐酥鸡～说稍后联系我～连个屁也不放了～真恶心～
6841,0,订了大概十多次了，店家没一次给送对过，要宽粉，给米线，要红薯粉还给米线，要辣椒，忘了拿，要麻油没拿，还有几次就不说了
9136,0,"点的俩菜都不好吃,还挺贵一共96"
10881,0,米饭里有一只蟑螂，让人怎么吃
9195,0,金针菇这次感觉口感不好，其他还行。
9069,0,快递员不是一两次了，三番五次送的菜每次汤都得洒出来。受不了了
10247,0,配送没问题，但商家没有给发票，请补一下给我
11693,0,送餐速度还行。味道惨不忍睹，就怕菜的味道太淡，特意点了宫保鸡丁，这居然都能做的那么淡，不咸不辣有点腥。以后估计不会点小渝府的外卖了。
4107,0,"面太干太硬不好吃，除了面就有两片木耳，差评！,汤水洒的满世界都是"
7788,0,别跟我说经典巧克力不用吸管喝！里面没有吸管你让我怎么喝？
11659,0,10点20下单，1点半还没有送到，只能取消订单。
7504,0,第一次用百度外卖，真心不愉快，当然跟百度没什么关系，菜品跟店里的差别太大了，三个荤菜，肉块加起来只有五六块，10分钟的路程45分钟送餐我也不说什么了竟然还迟到10多分钟，希望大家不要买它家的了，真心坑啊
9193,0,"打了3个电话,送餐的不知道酒店地址,足足1个半小时多,菜已经闷的变味,吃了几口实在不能忍,不会再点了"
7276,0,写了要去冰少糖没有按要求
9237,0,5点多定的，8点半我下班还没送到，什么玩意，还没给我退钱
6830,0,"油太腻,米线太多,外带的一样没少"
9795,0,来时都凉了
5156,0,味道很不错，不过包装真的是越来越差了，之前高大上的牛皮纸袋也没了。送餐太慢。
4679,0,点的肘子卷饼，说实话，挺失望的。首先，全是大块的肉，只有几小块生的青椒，而且肉是整块的瘦肉，根本不是肥肥的肘花，而且饼很硬，肠胃不好的很难消化。作为妹子表示，全是肉吃得非常不开森。再说送餐速度吧，等了一个多小时才送到，真是挺失望的
11488,0,"味道还可以,送餐速度超级快"
4587,0,很难吃的饼
6358,0,"这份量,搞错了吧！！"
5206,0,太慢了，等了80分钟才到
8313,0,送餐慢也就算了，东西都凉了不好吃了，差
7978,0,3元钱的米饭连饭盒底都盖不满，真是第一次遇到。招牌菜牛蛙，一坨浆糊，炒鸡蛋也是一坨坨，真是够了。这年头不是只有你一个商家，看看人家都怎么做的。三个菜172，比望湘园眉州东坡不知道贵多少，还这种质素
4658,0,包装上没少下本，味道有待提高，吃完有些腻
7952,0,不错～送餐很快～服务很好
7326,0,外卖菜单上的咖啡种类和食品种类都太少！太老！没有更新！！
10679,0,肉夹馍简直太腻了。都是肥肉，吃一个能恶心好长时间。
6529,0,有点腻，味道还可以，不能多吃
9447,0,就还行，没有很好吃
9896,0,"1.送货奇慢，已经慢近了45min,2.我点的套餐，结果比单点就多一个可乐，但是多了8块钱，就是罐可乐8块钱，坑！！！,3.味道都凉了，真的不好吃！！！,总之烂！！！！！"
6648,0,"味道不错,就是送餐慢了"
9938,0,送来都是凉冰冰的，根本没法吃
4522,0,9点多下的单。约定11点30到。12点20才到。期间催单三次。最后不得已打电话催单。饭量是够饱。就是太慢了。
8348,0,菜的味道不错，但是我点的黑椒牛柳，下单后马上给我打电话说没带这货出来，很失望，原来我吃什么不是我选的什么，而是看小哥带了什么！很失望的第一次百度外卖体验，还是用我以前的老软件算了！
11170,0,我是11:36下单，13点才到，我打电话催了6次，我无话可说了，希望老板能改进！
5820,0,基本不给低评价，这次是真怒了。早8点一过就下单晚到30分钟以上也就罢了，还联系不上，也不打电话说，孩子饿的不停叫唤。最后送来要的传统早餐套配错了，就一杯豆浆和咸菜。油条和豆腐脑不知所踪。也没让再补，因为已经10点了再送来就是中午饭了。真心不愉快。
7767,0,麻婆豆腐口味绝对需要提高！肉饼和茄条好次，扳回。送餐很快！
5129,0,送餐时间太慢太慢，包装倒是很干净，也挺好吃，就是送餐好慢
8416,0,"虾线不挑，看着太脏,不吃苦瓜，结果里面是苦瓜炒肉,一次失败的订餐"
7197,0,"送餐超慢，晚了一个多小时，催了三次,菜品油太大，除了汤还行，其他的都糊嘴,并且，说好了满100送大可乐，特意凑的单，结果送到了说没拿，打电话到店里结果接了之后说查一下给我回电话，然后就没有消息了"
9793,0,差评，差评，没吃过这么恶心的冷面，一口就吃吐了
9231,0,傻逼一样的服务，等了一个半小时，太渣了，以后不点这家了，等得都炸了
11242,0,"土豆好几块都没熟,一次性餐筷有异味,米饭我不行跟旺德福差远了"
9789,0,饭是冷的，郁闷
7078,0,送餐超级慢，送餐员态度也不好，打客服催单也没人理，取消订单也取消不了，总之是超级差劲
9799,0,"不好吃,量又少的可怜,又贵没一点优惠"
8401,0,居然在密封的一次性筷子纸巾上有三只死蚂蚁，怎么弄的，恶心死了
6775,0,食物太差，其中一個餸是壞的
11976,0,外送员很赞，商家能不能仔细看订单啊！点的干拌面送来的是汤面，说了粉汤羊血要多加辣椒送来的一点儿辣没有！！
9248,0,7:40下单9:35送到，说好的一个小时呢？等绝望在家泡了面了。。。幸好做的很难吃，可以就是浪费了，牛蛙基本没见着腿儿，牛蛙腿你们留着做别的菜了么？特意备注的不要辣牛蛙你不能单炒也就算了，烤串个比个的辣，厨师你们不看备注的么。。。鸡脆骨不熟，板筋嚼不动，烤大虾肉很松不新鲜，总之不敢再点了，唉。。。
4908,0,纯素拌饭真心难吃
7460,0,10:40下的訂單，12:06才送到，配送速度超級慢。
6302,0,送的饮料没有，说是下次补送，呵呵，谁知道你送不送
4462,0,卷饼不错，但等了两个小时，什么情况
8057,0,海螺是剩了俩月的？难吃的要死…直接扔掉，第一次买，最后一次买
10650,0,久久鸭的口味偏颇，辣味不是很浓。总体而言还行。但是没有餐具，虽然我的单里说明要餐具了，这是一个遗憾！不过送餐速度很快！
6719,0,晚了三个小时！！！不管什么原因！！
8969,0,什么都不想说了！俩小时送到，已经给退了
5928,0,"到现在还没送来,还没人接电话"
10376,0,饭又少又硬，不好吃！
11522,0,味道也就那么回事吧，米线给的量好大，一半都没吃完
6963,0,蘸酱菜的生菜很不新鲜。锅包肉没有第一次做的好，咬不动。韭菜盒子的边太宽了。
8391,0,十一点40多时说15分钟后到，结构一直等到快一点。
10400,0,竟然没有勺子，怎么喝汤？
10554,0,快递员不认识路，取餐后一个小时才送来
7745,0,送的太慢，最慢一单两个小时都没到
8022,0,"蜡烛,餐具都没有,真赢了,要不是看送蛋糕的不容易,就给差评了,只能给你很一般的评价"
11286,0,送饭晚了20分钟。菜的质量很差
5333,0,速度确实不是一般的慢，菜品我很喜欢～赞一个吧
8466,0,以前也点过，可是这次量给的少
5209,0,里面竟然有大片肥肉皮，说好的鸡肉卷啊。。。
11010,0,"这个订单根本就没有送到,让我们等到1点多，信誉太差了，之前还一直在他家订饭。"
11011,0,饭还行，催单的时候接电话人态度不咋地。
11662,0,真心垃圾，今天中午又在这叫个外卖，等了一个多小时也没来，打电话想取消还不接，催单都催好几遍，一个多小时了你们是去种菜了吗？
6974,0,送餐时间用了2个小时。。。中间催单店员还踢皮球，伤不起，下次真心不敢订这家外卖了。。。
6337,0,"两个字，恶心。蛋太生，沙拉竟然给我一包番茄酱，香肠和土豆泥都没有酱汁，那么干怎么吃？,总之和第一次相比差很远"
7766,0,点的菜品好几个没有了，菜里葱特别多，要在葱里找菜，送餐的时间也比较长
9238,0,菜量少得可怜
5644,0,鸡肉上还有鸡毛，没处理干净
9316,0,"不到十一点下的订单,差不多一点半送到，醉了"
5562,0,太慢，太小，吃不饱。味道还行
6009,0,慢的要命，再也不吃了
8069,0,饮料都洒了，把汉堡袋子都打湿了，外卖员还让我看有没有问题，薯条撒了一地，本来要申诉，要不是看在外卖员是一个年龄挺大的大叔，就算了。百度外卖对外卖员是不是该统一培训一下？
7211,0,"送到菜和饭都凉了,哎"
7588,0,送的真的很慢
7935,0,我第一次吃，不敢再吃了，因为我尝了一下红烧肉感觉肉肯定时间长了有味道，即使炖的咸味也掩盖不住，狮子头也是味道不正常就是肉不是新鲜的，我们是吃东西真是不敢相信他们商家怎么这么不在乎安全卫生、我们的身体还是自己在家吃吧。
9369,0,豆角煸老了，咬不动
10845,0,味道很一般，比老车记差远了
8704,0,"味道不错,就是太慢了,真的很慢"
4690,0,味道一般般
4961,0,"得亏现在有优惠，你确定这一个卷饼值20,肘子在哪里,分明就是半熟的肥肉,糊弄人,量也是刷单刷的"
8585,0,"还行,送货挺快"
8195,0,"薯条不错,蘑菇芝士汉堡不好吃,没有很牛堡好,送餐挺快的"
4079,0,最奇葩的一次，这米饭少到没法再少…估计成年人能吃五份米饭，那么大的盒子，米饭放了不到六分之一…难道你家的米很贵吗？真是日了狗了！
7003,0,快递员不认识路，还不听指导，还让我们下楼拿，一共3层楼，这样还收外送费，
5113,0,两个小时才送到，失望
4738,0,包装很精美，吃起来没有想象的好吃，很噎...
6686,0,"两个蛋糕扔在一个盒子里,乌七八糟没法吃"
11394,0,刚吃上没多久就拉肚子了。肉肉明显不是正常的红烧肉颜色。
6679,0,香草的里面完全没有咖啡，就是杯奶！
8235,0,慢。很慢。非常慢！7点半下的单，10点配送员才刚刚取餐，晚饭生生变成了夜宵。而且如果不是我打电话，配送员完全不知道和客户联系。说好60分钟送餐，最后变成了150+！不能接受任何借口和解释！！！更关键的是，送来的汉堡和薯条都已经是冷的！一到家门口纸袋就穿了，掉了一地！原本想着算了，结果发现汉堡还送错了！太烂了！！！
5822,0,慢，早餐吃成午餐
11339,0,今天的饭真的是太令我失望了，从来没见过这么烂的外卖，菜花都是至少三天前做好的，根本没法吃，看看就恶心！！！！！！！！！！！！！！！！！！！！！
7222,0,一般吧，还可以
8340,0,肉还没在微波炉里打热就送来了，还粘在一起呢。东西也确实不好吃…
7846,0,太难吃了，无法形容！
5865,0,点了个套餐，豆腐脑没勺子、饮品没吸管～你叫我怎么吃？
5011,0,实在很一般，干死了，不好吃
4972,0,品味太一般了！卷饼硬，里面夹的菜品量太小！肘子太肥
11483,0,送了2个小时，不给饮料。
4168,0,太low，吃不下去，差评差评，好难吃，
7180,0,外送人员好评，芥蓝差评，太老啦
11383,0,真心的慢啊，彻底无语，彻底失望了
7973,0,前几年去他家店里吃特别正宗。这次外卖点的酸豆角肉末和小炒牛肉居然配菜都一样！！配菜都是酸豆角和蒜苔，太难吃了，肉末酸豆角居然放蒜苔。牛肉又小又少。两个菜一个味！！望改进。
4497,0,写的是12点送，11点就给我打电话说到了，在上课取不了，12多点又来的，之前订的外卖都能送上楼，这个不给送，下课到楼下取的，肉卷的味道倒是可以！
4765,0,很慢就不说了，关键是还不好吃。
11475,0,绝对不会来你家了，一个面条送了俩小时。送来全部融了，这怎么吃。以前还经常叫，这是最后一次。
5134,0,难吃到爆~真心服了
9545,0,两个小时送过来的…电话还一直打不通…
11005,0,"本单实际送达时长为169分钟,口味什么的就不重要了吧,对耐心要点32个赞哦"
8248,0,一个番茄酱都没给我！还注明了让多带番茄酱
4334,0,等到快8点，南瓜粥是凉的，卷饼也是凉的！
11919,0,螺蛳粉还是不错的，绿豆沙也很好喝，但是这送餐速度也太让人无语了吧，不说自己不认识路，还怪我们把地址写错，气人！
4806,0,好慢。以为是拌面。
11793,0,人多有点慢，有点受不了，一等就是两个半小时。
9704,0,送餐慢不说，汤凉了还怎么喝，送到汤都洒了一半，就是不能上图，要不让他们看看！
9613,0,我家离贵店不是很远，送餐大概一小时，菜的口感一般，价格偏贵，米饭很少，性价比一般
6864,0,这是一麻一辣吗？所有的牛蛙都是糊，经典的牛肉丸别说弹性，都干的咬不动了！这是一麻一辣？关门吧！还不如街边的小摊
8119,0,每次都没有番茄酱和餐巾纸烦死了
9585,0,腐竹一股坏了的味道，更重要的是生菜里有毛毛虫，你马勒戈壁的商家，操你姥姥
5750,0,骑士送餐很快，饭菜太难吃
6435,0,老汤捞饭味道有点奇怪，有点咸
5547,0,难吃极了！送的还慢！千万别上当！
11145,0,送餐慢，送了70多分钟，而且包装简单，拿到之后，到处都是红油，餐巾纸都没有！最后吃完饭，办工桌子就跟一个废墟一样，身上到处都是红油，说了不吃辣椒，结果还是辣椒粉多的要死，我自己因为不够20元，多加了一个小果粒橙汁，然后送给我的盒装饮料取消不送了，简直悲剧。
8544,0,"这是儿童餐吗？饭和菜的量都少的可怜。米饭只有一小方块，装菜的格子本就不大，还只装到1/2的高度其中还以菜汤为主，2个荤菜杏鲍菇肉片私自改成了窝笋肉片(实际上根本没有肉片只有三根肉丝)，所谓的奥尔良鸡排只是两片薄鸡片可怜巴巴的躺在格子底，I真是服了You!您这是20元的套餐？我当时真想拍下来传到网上让大家好好瞻仰学习一下，后来想想算了，毕竟这么多年也是你们的老客户了，给你们留点面子吧。不知道百度是怎么跟你们谈合作的，搞活动这13元是你们单独承担还是与百度分担，但无论如何菜品质量下降这么多是说不过去的，要是你们坚持说正品20元套餐就是这样的量，那恐怕活动后不会有人用原价买你们的正品了，那你们做这样的活动还有意义吗？这是专门要砸自己的招牌吗？,另外这款套餐的设计极不合理，你们16元的套餐是3荤2素米饭也比较多，20元的却是2荤2素1咸菜(这咸菜尤其鸡肋，又不是自己做的特色小菜只是普通的几根真空袋装的榨菜，既没营养又不健康而且没用——本来饭就少不用靠它下饭，被扔掉恐怕是绝大多数人的选择)饭极少，真不知道为什么还比前者贵。"
11091,0,味道不错，速度太慢，六点半定的，七点五十才到
10867,0,不错，以后还订
7667,0,"点了两份粥，咸死了！喝了两口就扔了！为什么弄这么咸！！！！！！！！！！,配送服务还可以，就是粥太咸太闲太闲！！！！！"
6163,0,煎饼送过来都软，凉了。。。豆花也冷了。。请问我应该如何评价？
4297,0,尼玛，送了三个小时
7853,0,这哪是呛炒圆白菜啊简直就是水煮啊！怎么菜全是软踏踏的啊什么做法啊这是???可惜了我一份菜的钱这道菜如果店里也是这样的话简直没法吃!
10288,0,没提供筷子，派送员不带零钱，简直奇葩。
5622,0,。。。还能说什么呢。。。
10295,0,米线都是糟的，配菜少到单点的鱼都找不到，豆腐的酱汁也洒的哪儿都是，全浪费了
4796,0,粥洒出很多，配送人让去电梯门口等
10521,0,等了快两个小时。。。都饿晕了再也不会用这家，没有筷子没有餐巾纸米饭也是随便盛的
10898,0,"没有发票，我还要公司报销呢。。,菜有辣味，好吃,就是量少了点"
6958,0,饺子皮厚，褶皱处都没熟，而且破了好多，味道也一般般，素三鲜里有的韭菜一看颜色就是剩的，以后不会再吃这家
10375,0,样子不是很好但味道不错
5641,0,太淡了，也没有酱
7749,0,菜量有点小，汤洒了一大半，很闲，点的没有换了别的，比较快，挺好
8423,0,嗯，总体来说挺好的，红烧排骨很好吃，只可惜有点儿少了，而且来的时候没有带发票，希望明天能带过来
8608,0,越来越不好吃了，以前几次订还不错，这次是真心难吃，失望了以后不定你家的了。
8761,0,"发票又没给,不知道是派送员的问题还是店家的问题,已经投诉,希望百度公司加强管理,然后最让我震惊的是纯净水瓶已经被开了,你TM在逗我么？"
7378,0,明明点的香草拿铁，结果送来拿铁，有点离谱。
8316,0,送餐时间太长了。而且我要求多带番茄酱，结果只给我拿了一小包，完全无视我的要求。
6138,0,"两个小时才送到,我是真苦了"
10862,0,今儿送餐较慢，订的米饭也没送，萝卜牛腩与餐品图片相差甚远
9506,0,点了腊八蒜，没给我送过来，饭店陪餐人员马虎，让我感觉不会再爱了
6111,0,太咸了，我要加辣又不是加盐！不好吃
7850,0,不知道是商家不做还是快递员不送，2个小时才送到，餐到已经彻底凉透，很是无语
6429,0,牛腩怎么会有那么多肥肉，吃起来还很腻，不太像牛肉
10657,0,"根本和粤菜牛马不相及,河粉全是酱油,又黑又咸"
6548,0,迟到40分钟
5696,0,粥很稀，卷饼厚，内容少，等待时间太漫长，服务态度还不错
4345,0,盖饭不好吃。还等的海枯石烂了。不点了
5558,0,送餐慢，味道一般，一点都不值20块，牛肉的根本没出来肉啊
11600,0,从下单，到配送，前后两个小时，多次打电话催，等了一个小时先是说送餐的人车坏了，回去换车，过了半个小时再催，又说换了个人送餐。又等半个小时，还没有送到，饿得不行了，就自己出去吃饭。两个小时才收到送餐员电话，结果告诉我他的地方还没对。本来是加班，想说订餐可以节约时间，结果可好，气死了，再说，饭菜做好了，即使两个小时送到了，还能吃吗？
10070,0,蔬菜沙拉没送
5792,0,我要的是疙瘩汤，送来的是西红柿鸡蛋汤，醉了
6785,0,"三十块钱,一小盒都不满,怎么想的,再也不会订了"
10036,0,"送餐时间太长了，而且送到的饭都是凉的，还有点了四份餐竟然还忘带,了一份~~~~挺无语的。以后不会点这家了"
7086,0,人还没到就叫我下来，骗我说自己到了。
10177,0,"冰糖雪梨粥,连米都没有,就是个甜汤,凉拌木耳里面怎么还有一根黄瓜丝,一根豆腐丝"
5416,0,菜量有点少
7636,0,"送餐员不分东南西北,还说我不认识路"
8226,0,我说不要冰为什么还是有
11641,0,都没送怎么就叫订单完成了？
10415,0,价格不便宜，外卖包装太简陋，饭的量也非常少。
7698,0,饼太硬，香肠炒饭里的香肠是臭的
10191,0,送餐用了82分钟，收到已经变成一坨了，百度服务去屎吧！
5576,0,时间提前太多，到吃饭的点都凉了，希望下次改善，量有些少，再增加点就好了
11571,0,没有年前分量多了
8792,0,东北乱炖不是正宗的，而且油特大，只能吃半盒其余的全扔了
9650,0,不错送的很快
8656,0,很不错，超值的
10764,0,很快，就是没发票
11612,0,今天这顿午餐吃得着实不爽，10点多订餐，要求12点到，结果迟到了40多分钟，1点就上班，还有时间吃饭吗？配送员竟然和我抱怨说这边太远了，这个理由太扯了吧。好吧，就不说菜汤都流的到处都是了，着急赶快吃完上班，一口菜进嘴里，一个比鱼刺还大还坚硬的塑料碎片卡在嗓子眼，估计是你们塑料勺碎了吧？怎么还掺在菜里面？幸好我及时取出，现在嗓子眼还疼着，物证还保留着。这种卫生，着实醉了。
10075,0,承诺40分钟的送餐，最终持续了149分钟才到，到了都1点35了，期间还多次电话催促，未果，孩子哭大人嚷，都饿的不行，结果餐送来的时候发票还没带。非常失望的一次订餐，这还是家门口的和合谷，以后再也不在这家订了。
7555,0,味道还行，套餐里有雪碧或可乐没有送！
9932,0,"感觉非常不实惠。,拌饭里面的各色菜只有一点点点儿，豆芽可以用几根来数。,只能吃到辣椒酱的味道，吃过正一味多次，口味最差的一次。,一听装可口可乐就是“7元饮料”。,如果不是这次送餐很快，真想给你一星或负星。"
10899,0,干锅茶树菇和上次送来的不一样，有股臭味！
4514,0,饼不错，味道也可以，就是夹的菜有点少。送餐速度也挺快。
8848,0,菜的汤汁都出来了不是特别好很乱
8460,0,你们家的菜越来越少
8567,0,慢啊，怕是慢订的人气最旺的套餐，结果还是四十多分钟到
7913,0,菜不好吃，七元一个葱油饼结果就手掌大，真贵
11125,0,第一，这个系统怎么回事？明明12:50才送到，下方黄字系统写的11:52到达。第二，这次包装很不妥，饮料把菜盒压扁，菜汤粘了饮料半罐，送的餐巾纸是用来擦这菜汤的吗？第三，米饭很一般。
8525,0,"菜好简单,盒饭=,="
8224,0,送餐当天下雨、4点订餐、要求起点送到、最后居然9点才到、中间打电话是送餐员出了事故、但是没有新的派送员送餐、也没有人和我们联系！！
4916,0,"快递找不着地方，反问我都不知道哪儿，态度让我心情很不爽！一周左右吧，我留的也是这个地址，也是这家，为什么别人可以找到？前几次态度都特别好，就这次,。"
9701,0,菜量太小了
8516,0,送单很及时，不过不知道是不是因为我们三个人订的是一样的套餐的原因，菜量明显比之前单独定的时候少，估计是一起三个一起出的，菜量就明显少了，希望商家可以改善~
8230,0,在于我们朝着目标的重要指示的方向
10702,0,好评给快递员！东西一般般……不喜欢，秘制凉皮勉强吃了一半
8835,0,"菜很便宜,也很实惠,个人认为以后不会再定了"
4830,0,注明了不要辣，可还是辣的
8431,0,吃完闹肚子、真糟糕
9364,0,不是很好吃
6189,0,羊排饭连餐厅点的一半不到，分量太少了
4818,0,绝对不会再点第二次，包装的锡纸跟烤糊了一样，脏！送餐的逼跟大爷一样，我在阳台凉衣服，第一次没接到这逼电话，第二个电话我接到了，丫跟审孙子一样问我点没点餐，先不说东西好不好吃，就TM这服务态度，等着关门吧！
7090,0,"送餐太差,找不到地方电话骚扰,一个多小时才送到,口袋里面菜汤还撒的哪都是"
9306,0,"这次送餐有点慢,那个香蕉牛奶有点坑爹！！"
8916,0,外送的质量太差了～全是粉丝～
5312,0,刚开始挺好吃，后面我发现鸡皮上还带毛，我就恶心了，真恶心了，前面吃下的啥，我就难受了，早知道就吃肉丝得了。
8559,0,"主菜肥肉太多了没办法吃。。。送餐服务很好,送餐叔叔怕我着急还给打了电话"
9286,0,没有筷子！！
9235,0,"一般吧,凑合"
8305,0,披萨粘在盒子上了，披萨饼和披萨馅分成两半了！全粘盒子上去了，意大利面味道太淡不好吃，这次必胜客很失败
5257,0,昨天订单付款，两次都一样，感觉牛肉有些问题，挺饿了，后面那个就吃了，晚上闹肚子，晦气
6565,0,金枪鱼超级少，还是合利屋号，土豆泥是网上那种买来泡的，不是真的土豆
5754,0,太慢了等了2个小时。
6172,0,粥还可以，凉菜一般。
7032,0,鲅鱼饺子太腥了，不好吃
10960,0,狗屎餐厅，送餐3个小时，还没咖啡，一杯咖啡送了3天，客服电话打了6个以上，餐厅电话一个没打通，老板什么态度，一杯咖啡就不给送了，住店家早些倒闭，谢谢。
6370,0,外卖员没有送上楼，要求客户下楼取餐
7990,0,几乎没有牛肉，全是蒜苔
5296,0,把中饭送成下午茶，2个小时，这还能算外卖么，已经没有食欲了
4324,0,太慢，而且不好吃，只是辛苦外卖小哥了
9012,0,慢，没带餐具，饭到我这就是快凉了
11381,0,能不能0分，定了三样少一样，也没法找回，真垃圾
8458,0,迟到，到了以后告诉我黑椒牛柳没有了，只能换了个排骨的。送餐组织得很差。
7540,0,"在店里吃豌杂面很好吃,但是这次点了小面难吃极了,是忘记加盐了么,全是水,回锅肉全是配菜就算了,仅有的几片肉还多数是全肥的。。。"
9769,0,这是我吃过最难吃的石锅拌饭了，真不知道说好吃的都是什么味觉，非常客观的评价，希望你看到能换家餐厅！
6912,0,很差，时间太短了，不好吃，
8209,0,"我的套餐里的水呢水呢水呢…,不打算买了,上次就缺东西,这次还是！"
8213,0,"送的超级慢…,薯条都干了,整个俩小时才送到"
6869,0,大家千万别在这家买
7391,0,特大杯星冰乐和大杯的拿铁一个杯型，下次要当面确认！
5136,0,卷饼味道有点淡。粥不错！
5369,0,"9点多下单，约定时间为11:30，12:40才送到，还要不要吃了,量少，还吃不饱,写了备注了，不放辣，不放辣，不放辣，不放辣，不放辣。结果还是很辣，下单的人是傻子还是瞎子,实在找不出来优点了，特别不建议选这家了"
9872,0,鸡块是冷的。。
7642,0,因为之前吃过一次觉得好吃，于是今晚买了两份，太难吃了，感觉饭都是生的，一盒都没有吃完，真是浪费
5035,0,肘子卷饼不好吃还贵
5075,0,额。。。很难吃
4198,0,送餐速度太慢了，比蜗牛还慢。没有皮蛋瘦肉粥给我换了一个可乐，还没给我补差价
4785,0,第一次订餐10点半订的，12点35才送到，还少一样，我确实很无语。
8398,0,高峰期点菜，质量就差点。
11955,0,味道没店里的好。订单少送一个绿豆沙，发票的单子的价格也是错的，懒得再打电话，送了1个小时20分钟才送到，再也不吃他家外卖了
4338,0,味道很不好，都凉了，饼都没有熟，肉也没有味道，跟在店里吃的差远了
5330,0,送餐速度不是一般的慢，而且店家的电话永远打不通，也没法确认送达的具体时间。不会在订了
7968,0,大酱汤全撒了！饭里，就连芥末里都是……一口没喝上……快递小哥递到手就走了……
4510,0,量少，不怎么好吃，太干了
7760,0,每次都送到家，这次让去楼下取，说是腿摔了，老公也没好意思，下去取的，不满意！头一次对百度送外卖不满意！！要是这样还不如去店里吃，还外卖做什么？！
8627,0,不给我多加点米饭！！！
4735,0,非一般的慢
5372,0,没有以前好吃了，感觉优惠了以后肉和菜质量不如以前
11650,0,能不能到了再打电话，害的我非得在楼下等半天
5850,0,配送太慢，很差！
6134,0,"希望下次送餐能准时一些,谢谢"
8425,0,好多次20元的套餐没有换成其他的了……
6193,0,份量太少～送餐的也不给餐具，无语～
8900,0,"估计快过节了送餐人员想偷懒，取消了我8,9次订单，也不打电话发短信说明原因，哪天真得跟半亩园的管理层说说了，员工白拿工资不干活"
4063,0,饭凉了，咋吃啊？还是本来就是剩饭？
6554,0,我等了将近2小时，还让我自己去楼下取的，原来最爱的海鲜饭已经变成剩饭了，不好吃！主要是等待的时间！！！累觉不爱了
6637,0,竟然不给餐具！
7431,0,太慢了，味道还不错，
7626,0,十一点下单，一点才送到，菜量超级少，味道还好。
10174,0,做饼的油明显不行，吃的下午反胃难受。
4597,0,"面没熟,有点凉了,不是很好"
10471,0,饭量太少，味道马马虎虎过得去
10530,0,菜好淡，没有味。就肠还行
8801,0,菜太咸啦！
11410,0,绝对超过一小时，送餐垃圾，再好吃也白搭。
8513,0,为什么麻辣子鸡要和宫保鸡丁搭配。。。全是鸡肉。。。
11028,0,"送错单了！！！！态度特别横！！！特别差！！！！我特意确认收货,给差评！！！态度太恶劣了！！！说一会儿再给送,问还得等多长时间,他说那不知道,我们说那就不要了,他还说送都送来了,意思是必须要,态度特别特别差,就跟我们做错事一样,没见过这么牛逼的送餐的！！！以后再也不会定了！！！"
4751,0,图片与实物完全不符，不知道是送错了还是怎样，而且不好吃！！！送餐大叔的脾气态度特别差，就好像他才是订餐的顾客，我还得顺着，宠着他:)劝大家别订他家！！！
8433,0,菜太清淡，而且早就做好了，不新鲜
7419,0,点的配菜一样都没有，不知道商家是怎么回事，一点诚信都没有
11251,0,送了两天了不知道你们把餐送到哪里了，我都没有收到就交易完成？你们还真是会意淫的，小伙子你很有前途吗
8972,0,要了3份荞麦面，送了一个玉米的，两个荞麦。嫌麻烦就凑合吃了。证明配送员不认真。
5448,0,口味一般，感觉不是肘子肉
10565,0,东西有些小贵。
11393,0,第一次的配送员打翻了我的面；第二次的配送员态度很差，手机号码是：13051325039.
8111,0,送餐找错小区，可乐没吸管，还洒了好多，薯条都凉了，还要好评
8404,0,非常差！太垃圾了今天
6409,0,不给筷子跟餐巾纸的。也太省了吧。宫爆鸡丁量还可以。焦溜肉片做得跟锅巴一样硬咋吃啊。就这一会下次绝对不定了。
10437,0,操你妈百度外卖，一会儿满减，一会儿又没有，一会儿又休息中！操你全家死光光！
7890,0,米饭喂猫呢？太少了，半盒都不到还三块，坑！
5929,0,"到现在餐还送不到,电话也没人接,真是太差劲了"
7593,0,食物还行，外送太慢了，等2个小时，走也该来了
6039,0,一般，价格味道不成比…
5137,0,"不好吃，没有盐。建议增加甜酱,回头客会多一些，只能呵呵了"
10183,0,"很难吃,炒面质量很差,不推荐"
4061,0,太难吃了。大米不好蒸的也不好。鸡都是碎的。
9284,0,太快了，都不饿了。
9302,0,少送了一份米饭
8357,0,承诺十二点五分送到，结果十二点四十刚刚送到。。。送不到就不要承诺时间。。。
7207,0,菜贵，配餐费还高。真坑
9170,0,十点多就点菜也然并卵，十二点多才送到。好久没吃了印象中很软烂进味的手撕鸡干硬而且味道一般，因为时间久了还有点凉。可能是顾客多了不管是菜品质量还是送餐速度都下降了很多，残念，可能很久都不会再想吃了。
4153,0,备注不要辣椒，还是放了辣椒，所以放弃当吃货的机会
4815,0,"送的挺快的,但是饼子不热,夹得肉好少没以前吃的时候多了"
8587,0,"因为很便宜,所以,难吃的要命了。。。"
11680,0,一个半小时才送到，图片上的饮料也没有，一点也不值21元。以后没有优惠卷活动了肯定不吃了。
4354,0,就这还想要意见？找客服，你没送到就没送到，找毛的理由了，我饿了2个小时，对你态度能好？直接差评，以后不来买了
6802,0,油豆皮没送
9564,0,只想说猪手好少。。。。
5463,0,宇宙卷饼辜负了“宇宙”的大名。饼难吃，肉不香。店家在没有任何告知下，更改订单内容，这种做法实在不妥，事后还找各种借口为自己的错误行为辩护。不会再光顾。
5288,0,送了两个多小时才送到…都冷了，这种天都能冷掉
7005,0,"我只能给零分,因为不能给负分,不然就是负亿万分,自己做错不愿意承担就指责别人,送错饺子不知自己反省还责怪用户,味道再好这种服务还能怎么样,懒得和你多说,就这一次,绝不再来,百度外卖,九品金饺,永不再用"
5036,0,木耳非常难吃
6008,0,早点定的是两份8元煎饼果子套餐，苦等了1个多小时，结果送的是两份油条套餐，重点是说会补送，以为这服务真心不错，结果就杳无音讯了！
11560,0,鸡块里一半是鸡脖子……
9167,0,味道真的很一般
7709,0,性价比一般。炒饭不好吃，肉饼还可以
11367,0,速度有点慢
10854,0,我点的鸡蛋干为什么送过来是豆皮～不好吃
5397,0,只送来了卷饼但是没送粥，打电话一直占线，最起码打了不下十次了，总算通了又让我打另一个电话，又继续不是占线就没人接，终于打通了才把粥给我补上送来，据我下单已经过去快两个小时了
10533,0,餐出得慢，送餐员送得也慢
5443,0,"送餐慢,鱼香肉丝的太油了,不好吃,腻"
7953,0,只能说很一般……肉给的太少了，蛋也太小了……跟描述完全不符
5241,0,口味很一般，我说不要辣店家竟然把青椒给抽掉了，然后整个一个土豆丝饼，而且还咸。。。粥太稠了，都没有什么味道，有待改进
6563,0,送了整整两个小时，真是怕了，不会再来这家点餐了
5276,0,拜托你们给每个饼涨两块钱多请几位送餐师傅行么，我定了三次饭了，每次都是提前一两个小时订，最早的一次迟到一个小时送过来，你们都是睡醒了午觉吃午饭么
4298,0,送餐速度慢，口味一般！
10355,0,不好吃，冷面很硬，饭特别少
6403,0,3个羊肉串放在饭盒里面数了数合计11粒，豆腐很大的羊肉味，一个碎渣。茄子味道一般。。。羊肉串，差差差，非常非常不满意
6013,0,豆浆不好喝…南瓜粥洒的满袋子都是…薄脆煎饼跟豆腐脑还是很好吃的
10713,0,味道太一般
5068,0,感觉味道一般
11150,0,送的速度太慢等了一个半小时
10712,0,凉皮味道一般，真没觉得怎么特制勾魂
11660,0,实在是一般啦
4702,0,真的很难吃，其它不愿吐槽了
11767,0,太少，太难吃！！！
4206,0,送餐时间远超1个小时，骗我说送餐员在路上可是2个小时才到。爬也爬到了吧！差评！
7058,0,"配送太慢了,比系统预计时间足足晚了一个小时"
5569,0,等了两个小时，都不容易，算了
6036,0,我催单催到现在。然后东西是到了。豆腐脑是洒的。袋子里全是豆腐脑。所以泡在油条和煎饼上。这是让我怎么吃。整个袋子里是煎饼油条和包装袋配着豆腐脑的汤。以往你们不是这样的。这次让我很失望
5275,0,定这么多次，没见过这么慢的
8272,0,汤汁洒干净了
9779,0,12点14订单已完成了居然还没送过来，12点40送来了还送错了，真是醉了
8059,0,一般，丸子不错，就是鸡翅糊了，味道很一般
6956,0,锅包肉和地三鲜都好难吃，酱骨还可以！
10211,0,送餐很快，但是给我发票抬头开错了........
4283,0,等了2个多小时才送来，送来还都是凉的，差评
7677,0,土豆肉片是重新热过的吗，卖相口感都极差，直接倒掉
7659,0,宏状元真的是难吃到极点了
10285,0,差评，你是收了外送费的好吗？有点责任心行吗？你是掐着超时赔付之前的点来的吗！等了一个多小时，送来全是凉的，连餐具都没有，让我手抓吗？明明取餐挺早的，却这么晚送来！！您是去吃饭了吗？
9945,0,极烂！！！！！！！！不要订他们家的，送餐员不务正业大风天还躲着避风，导致晚了3个小时才送到，饭菜都凉了，味道也不咋地
4861,0,味道一般（纯素蔬菜卷）
7474,0,太一般了，送的还特别慢，催了半天
8049,0,臭桂鱼一点都不入味……荷塘三炒不知道为什么发酸，感觉像坏了，没吃，全倒了。送菜速度倒是很快。
6659,0,披萨非常差，感觉像小作坊做的。而且点的蝴蝶虾结果送来的是鸡翅。关键鸡翅应该也是5只装啊，怎么成2只了。
6082,0,小清新完全是重口味。。。吃一半可以腻死。。。套餐里的橙汁是业界良心，甜到忧伤。。。
5171,0,咬不动，给的肉还是挺多的，都是肥肉，再也不订了额
9097,0,全撒了，一点也不注意配送，什么啊，应该退钱
5430,0,送的还算快，但是肥肉太多，吃得有点恶心。皮蛋瘦肉粥一般般。总体一般般。
11886,0,"别的百度骑士都给送上楼,这个没有给送到楼上,没有就算了,态度也一般,就这样吧,粉吃起来的味道还是可以的,气味稍微有一点怪。。而且并没有见到螺丝,有点失望"
7174,0,菜味很棒，希望继续努力，支持你！
10382,0,"感觉跟说好的不一样，不值这个价钱，石锅拌饭的鸡蛋都变成鸡蛋饼了,而且还没酱"
6456,0,奉劝不知道6寸多大的人不要点……小的惊人。还不如去买张煎饼
8252,0,1个小时40分。全都凉了。
6353,0,咖喱鸡肉烩意面，不知鸡肉滋味
5777,0,豆腐有的不怎么太熟，太少了
11343,0,菜不仅难吃送的时间还超长
9639,0,蛋糕味道不错！明明约的是10点至十二点送货，结果九点半就来了，买了两个蜡烛，要的是2和9，结果给的是7和9，完全不注意，老公为此还笑话我了，整体满意吧
9098,0,丸子特别多、几乎都是
4896,0,挺好吃的，但是再也不买了，超时两个点。
4574,0,一个多小时，时间太长了
10908,0,快递送的很差，餐送来以后汁洒了一袋子，根本没办法吃
9464,0,漏送了火腿肠
10842,0,"土豆没做熟,海带没做熟,腐竹没做熟,知道你们忙，但是菜要做熟是基本，不会点你家外卖了"
7832,0,吸管都没有
11167,0,忘送饮料了
8353,0,好几个人都说量少味道不好
9146,0,速度挺快的，就是菜没什么味道...有待改进
9832,0,"3月28号第一次订，评价：很好，很方便，很好吃。,30号晚再订，7点付款成功，8点25第一次催单，并打短信中的配送员电话，态度很差，说手上还有三个单，不能只给我一家送，让我找调度。遂又网上催单两次，并网上投诉。晚上9点10送达。虽然最后还是吃上了，且后来接到一个女士的歉意电话，但还会在这家订吗？算了，还是给个3星吧，勉强及格吧。"
10225,0,没送筷子，没有餐巾纸。。。。
8768,0,纯净水竟然是开过的我也是醉了
10094,0,1个多小时才给我送来，差点饿死。而且东坡饭和店里吃的感觉差太多了。
5526,0,味道还是好吃，打你是今天送的好慢啊
8251,0,和在店里吃味道差了好多，洒的到处都是，感觉是剩下的，吃完了还肚子疼
8867,0,和之前吃的完全不一样，豆芽和汤多其他的量明显减少了
8578,0,质量变差了，因为定的太多了？
11162,0,送餐将近两个小时，太慢
11530,0,"速度达不到40分钟,希望如实描述,。米线油多,倒进全部米线后会溢出饭盒,很不方便,希望换更大更高的饭盒"
9651,0,这家店的冰淇淋蛋糕不全是冰淇淋，有至几乎快一半是蛋糕和奶油。
4635,0,真心没什么优点可说的。
4584,0,十点半定的立即送餐，两点多才给送来！真是够了！打电话还不接，好不容易通了一次，再打就关机！定了这么多次百度外卖，就没碰到过这样的商家，真是长见识了！！！
4017,0,挺不错的、不过有点辣
7054,0,一份12个。
4109,0,热干面没什么味，油太重！豆皮味道还可以，豆干比较多，糯米和肉丁少。
10897,0,味道还好，但是送餐实在是太久了
9463,0,代金券和满20减6有冲突么，也不说一声
9723,0,配送就是掐着点送的……超过2点55要五折…结果52送到……点的套餐该给的饮料也没有给不满意
4265,0,"慢的不行,就是慢,绝对不黑,贼难吃,等了将近2小时,好吃也行啊"
8614,0,"希望菜是新鲜的，近期的,清炒油菜，油菜就不如之前。而且有次居然用白菜代替了,都是菜帮子。"
10153,0,饭菜都凉了，显示11:26配送，一个小时了才到，我定的是凉菜么，，，，
10663,0,12点定的餐两点才到。。。
9442,0,速度太慢，味道还行。
5719,0,没给任何餐具，可乐还是热的。。。。
5415,0,我承认店家的包装很精致，但是能严谨一些吗？请看好，我定的是【飘香肘子卷】！！！！鸡肉卷怎么解释？？鸡肘子？？？鸡肉味这么浓的肘子我也是第一次吃，电话也没人接！
7456,0,"太太太太。不说了。,饭来了。没筷子。,又等筷子20分钟。"
10480,0,快递很好。穿心莲一半都是坏的！一半绿，一半是烂菜叶子的黄色，没法吃！再也不在这里定外卖了！伤心！
5436,0,史上最慢送餐╭(╯ε╰)╮
6741,0,送餐速度快，菜的话翅根很好
10431,0,一般吧，有点偏咸口
10194,0,连续两次要发票都未给，店家说给百度送餐的了，百度送餐的说没有给。希望以后不要再出现这种莫名其妙的错误，诚信最重要
8243,0,挺小的一个汉堡。。。。真的挺小。。。不过味道不错。。。
6813,0,按份要的虾和肉都少，只有菜叶和油豆皮那份超级多
10290,0,配送小哥很好，饭实在是难吃，以前还挺喜欢的。怎么成这样了。直接又买了别家的饭了。说了不要韭菜还放，炒饭咸死，菠萝饭没有味道也是醉了。
4441,0,好吃～不错～速度快！
9137,0,我只想说不认识道送什么外卖建议大家不知道楼号别定了他得给你打好几个电话烦都烦死了
11782,0,他家没上百度外卖的时候感觉非常好，自从上了百度外卖以后送餐速度大幅下降，原来也就20多分钟就能送到，现在一个小时就算快的，要点大蒜次次忘，这已经是第四次了，饭送来都是凉的，哎等他们过完促销在看看吧，失望至极
9428,0,"连续订了好多次,每次都晚送半个多小时,每次说完,下次还是晚送,以后不定了"
4057,0,说好的是鸡蛋，结果送过来的是香肠！而且都是冷的！！！严重差评，也就1公里不到的距离，送了那么久。。。
6856,0,"颜色重,太油腻,吃不出香味"
6784,0,别的不说，告诉我百叶没有了，还觉得您家负责任。后来又说有了，送来的时候就看见一片。。一片就值3块钱？这个必须差评。
11168,0,突然发现自己定的是红烧牛肉，结果送的是梅菜扣肉，我还在想什么时候牛肉变这样了，自己太蠢Orz
4014,0,明明点的是土豆红烧肉盖饭送来的却是土豆牛肉盖饭，是店家太忙还是认不清字啊！两个盖饭也不是一个价格多收了我4元钱。
8370,0,感觉菜的分量少，没吃饱
11265,0,接电话的小妹态度很不好。
4981,0,"送了三个小时,我也服气了,开始刚来公司没注意直接选立即送餐了还觉得太早了,可是没想到还是订晚了"
8417,0,仔鸡味道不错，鸡肉不是很新鲜
10735,0,忘了放辣椒了，味道一般，南瓜饼还不错
11023,0,菜是凉的。11点10分下单，13点才送到。
8205,0,不能用百度外卖
5031,0,量太小了，对不起价格。
9482,0,"我朋友一起定了两份,因为不吃韭菜，就定一份回信鸡蛋一份白菜鸡蛋,送来后发现是一份白菜和一份韭菜,只能两个人吃一份,联系客服后商家补偿一份,但说由于重新包、重新煮、重新配送,不确定什么时候送的！！！！！！我了个去！,结果重订单到收到最后一份饺子,一个多小时,这饭吃点断断续续。。最后都没吃"
7837,0,咖啡都洒了……明显量少了…太郁闷了
6650,0,第二次定了~~不错咯
4002,0,没什么味道，送来的晚凉了
6771,0,时间太长，打了个客服电话商家才确认订单。
9377,0,服务太差，菜品也实在一般
4448,0,第一天11:20下的订单，催了好几遍还是1点多才送来，一共订了3样东西，只送了2样。说得特别好说第二天天再送份原样的订单，12点前一定送到，11点多特意打电话问说是送出来了，还是快1点才到，以后不会再订了。
10198,0,菜品味道很一般
9111,0,吃饺子没有蒜酱。
4979,0,送餐60分钟，卷饼味道一般
11347,0,送餐速度特别慢，其他的都还不错
6888,0,草！这小抄肉全你吗大肥肉！
5920,0,水蒸气把面饼都给泡糟了
11332,0,饭居然是夹生的！！！
5310,0,"我只能说太傻逼了,外卖人员更是傻逼,自己不看地址还没完没了的叫唤,你是服务人员还是大爷,我去尼玛的"
8422,0,肥肉实在是太恶心了，还不如不放。。。
6750,0,味道一般，量有点少！
8105,0,"时间太长！还少了个汉堡和薯条,最后小哥去店里又取了一趟才吃到"
5798,0,排骨咸的要命，简直没法吃。牛肉面更咸了。都可以飞上天了。再也不想吃第二次了。
6207,0,点的菜都送错了，点的小炒肉，送的鱼香肉丝，
9014,0,辣牛肉里面没有牛肉
10229,0,魔芋结没给我
5192,0,"等了两个小时,无语"
4124,0,不是59免外送费吗？明明收了9块钱外送费！
8956,0,我从来没等过这么就的外卖，我实在很无奈！第一次用百度外卖，就等了快2个小时，而且送来了之后饭菜都已经凉掉了，还好是夏天，这要是冬天还怎么吃呀！快递小哥还不认识路，我真是无奈了！
7616,0,"太坑了，要了奶黄包,送来两份豆沙包,给客服打电话说补送一份，结果送来还是豆沙包"
9786,0,"冷面还不错,小菜题太难吃了"
9583,0,太差了，一股地沟油的味道，太恶心了
10995,0,"能再慢点吗,我10点订的，下午1点多才到？再也不会在你家买了"
6642,0,忍无可忍，在中国电子大厦送这么久
4316,0,很一般，卷饼是死面的，较厚，吃不惯
9581,0,一般仅限能吃饱，送餐来的时候把汤洒了。
9348,0,昨天草莓汁没有送来，让补结果打了三个电话都没有送来，今天定的草莓汁居然送的是酸梅汁真是无语了
5417,0,两个半小时。。。
6014,0,味道还不错，点了两份套餐，说的是有豆腐脑，送来发现没有豆腐脑，电话咨询，对方还说是按单送送餐，我有特意看了下，我的单子上确实有豆腐脑！
5606,0,京酱肉丝太甜了…送餐人员态度差，用命令的口吻让我下楼取。
4663,0,非常非常差，时间太长，味道不好，吃了第二天早上蹲了一上午厕所，食物中毒。
4050,0,"糟糕,继续努力吧"
4701,0,肘子蔬菜拌饭，太难吃了，酱和菜拌不开，一口咸一口淡，肉也不香，飘香肘子卷，中份，太少，没菜，不好吃，111分钟才来
9632,0,下单写了配送时间，工作人员弄错了时间，当天就送了。真是无语了。
5428,0,之前晚归晚，至少还能接受，这可好，11点20订，两个多小时才到，送来了都该上班了，都没有时间吃了，下次不敢订了
5489,0,好多肥肉呀
9183,0,3个小时10分钟，
5379,0,超过了预期时间
9956,0,饭都冰冰凉了～
4467,0,"可以用垃圾来形容了，能把土豆丝做的这么难吃,厨师也是很不容易啊！"
9357,0,送了2个小时才送到，也是史无前例了！很不满意，味道太辣，辣椒太多，以后再点，肯定要犹豫再三了
7826,0,我要了一杯热的一杯凉的结果全是凉的，要的脱脂奶也没给我换
7080,0,送了一个半小时没送到，最终送到了还没带筷子，催外卖门店不给回电话。这种店应该倒闭。
7150,0,太尼玛难吃了，垃圾垃圾
7082,0,我从来不给差评，但是今天实在忍不了了，必须要说说。知道今天天热肯定会有很多人叫外面，所以11点20就下单了，等到13:00饭还没来，给和合谷和百度外卖的客服打电话，都没人接或者忙，最后打通了百度外卖的客服，跟我说帮我催一下，一会儿给我打电话，让我手机保持畅通。等了20分钟都没消息，又打了一遍百度外卖，跟我说帮我按照紧急事件处理，有消息跟我联系。等到13：30还没人理我。最后在大众点评上查到了和合谷海龙店的固定电话，终于找到人了。最后到了14:00的时候终于送到了。一共3盒饭，有两盒的汤汁全都洒出来了，全都洒在了袋子里，纸巾筷子一塌糊涂，盒子里面的菜全都挤在一起，简直没法吃，必须差评！！！！一会儿打电话给百度外卖投诉！！！
10626,0,"根本没送来,我很佩服"
4258,0,点过好几次宇宙卷饼了～这次送的是最快的，本来很开森，但是送餐小哥打电话那个态度～我也是醉了
4891,0,"完全送错了啊(,‾᷄꒫‾᷅,)只给我送了一个带肥肉的，我点的是两个，一个鸡肉，一个土豆丝(ㅎ‸ㅎ)"
5487,0,今天的大肘子好腻啊，肥肉多，没以前的好吃了
4824,0,东西很好吃，但是送餐速度实在不敢恭维，一个半小时没送到，连句话都没有！打电话一直占线，10多个电话，持续了半个小时还是占线，原因不想想的太龌龊。苦等一个半小时，都不知道会不会来，连个通知都没有！
11430,0,差点饿死我了
6913,0,一般，酱炒蛋的口感比较干，汤没什么香味
9440,0,我能说可以退餐吗？这个是饭吗？谁吃谁上当啊！？！质量太差了！！
5454,0,速度很慢！卷饼很难吃，还20块钱，里面全是肥肉，坑死了！
5469,0,说好的王老吉、、
5106,0,今天太心酸了，这是我原来印象中的宇宙卷饼么，三口下去全是皮啊！哪起来手感就很差，不饱满，没想到全是皮啊，我的馅呢，肉呢？是换大厨了么？不给好好做了？
11195,0,可能是送来没处理好也可能是我点的不好，总之送来的米线一股呕吐物的味道。。。闻了一下就扔了，没法吃
8080,0,凉透了，汉堡王出餐太慢
8244,0,能在慢点吗
9605,0,相信哥，订外卖一年多了，菜量那叫个少，干锅肥肠38元，三分之一盒，敢再黑点吗？大家看着办吧，送外卖的再好和菜没半毛关系
5050,0,并不是太好吃
7346,0,百度配送非常的差！差！差！我订了四杯咖啡，约定时间就送来一杯！一会补送那三杯，还说这样不算是超时，真的是太恶心了！从今以后再也不会用百度外卖了！态度真是差到极致
9835,0,芝士没有看到芝士……实在太慢了，不打电话一直催，根本不取餐，一个半小时都过去了。我等了这么久，居然说还没有取餐，我不高兴再等十几分钟就取消。。。坑爹啊。。。
11863,0,丸子不好吃
5647,0,玩惩罚游戏的时候可以定，真要当饭吃的话千万别点，难吃的一逼。
10391,0,感觉吃了30元一份豆腐脑的感觉，靠
9374,0,最近两次送来的肉都是臭的
6671,0,吃的一般般
9110,0,千万别吃这个菜，真不值这个钱，血和泪的教训
11877,0,"第一次订还算快,之后越来越慢,这次竟然漏送了一小时后打电话催才开始送,好无奈"
4625,0,速度太慢，饿死了快～
9841,0,一般般，而且那个打包盒也太low了
6997,0,点的茴香猪肉送成了白菜猪肉的
8771,0,实物四块干巴巴的牛肉条，现在明白图片仅供参考的意思了。口味太不敢恭维，两小时半才送到。对百度外卖及其失望。一会果断卸载APP
11622,0,打电话给商家2次，太慢了。河粉夹不起来了，坨了，一碰就碎。味道也不好。再也不会订了
7822,0,焦糖玛奇朵忘了放咖啡了吧
10760,0,速度太慢！配送员态度不好！车子没电！请把工作提前做好！送餐距离只有1公里！84分钟！太“神速”了！还有不能在预计的时间内送到就不要写上！
11052,0,是我吃过的最难吃的鸡肉
9642,0,不好吃，可能我比较挑
11240,0,牛肉特别少，为什么啊
6360,0,东西是没有问题，就是不够斤两。
6917,0,压锅鸡，真逗乐你家那明明就是小鸡炖蘑菇，里面都是粉条和蘑菇，汤特咸再也不会点啦，真坑爹！
6312,0,第一送的时间太晚了，第二里面的肥牛根本不是肥牛，明明是猪肉，不像石锅拌饭，就是蒸好的饭上面放一些菜，唉
9101,0,饭量少不说，还不给筷子，手抓饭都好几回了！
9604,0,"差评,完全送错馅,要了三种全送了一种馅"
6562,0,送餐时间太晚了
8532,0,"便宜,送餐快,难吃"
5159,0,这绝对是我吃过的最难吃的卷饼，没有之一。而且要多慢有多慢。
4055,0,送餐的没手机，米饭全是黑斑，也不知道什么东西。鸡翅炸的跟碳是的，只剩下黄焖鸡可以吃了，以后再也不会点单，更逗的点的百度外卖送来的却是饿了么，拼单子吗。晕
11538,0,没有也不告诉一声
11205,0,退单不退款？
9684,0,不好吃，巨烂吃
6538,0,对配送和客服极失望
10719,0,没吃过这么难吃的凉皮………还不如路边摊………
6564,0,每次要发票都说忘了，这送餐的真够了，味道还是不错的
11603,0,河粉量很大，配汤略咸
5071,0,"我想打0星，可惜不可以,送餐用了130分钟，赶上吉尼斯世界纪录了,给门店打电话，说送餐员早就出发了,大家千万别买这家的吃的"
9702,0,还是不要用百度配送的了，餐都弄洒了。
4051,0,不好吃。有点甜。
6855,0,不好吃，没味道，没有餐盒拿个袋子装给我，还要餐盒费，哎...
6194,0,不知是配送员的问题还是眉州的问题，订的餐两小时后才到，餐到时都不新鲜了，全是蒸馏水，难吃的要死，都快饿死了，真是
7941,0,双拼里的番茄鸡蛋很差，番茄是坏的，鸡蛋带蛋壳。
7865,0,"三个菜给俩筷子,怎么吃啊,二百五"
7757,0,食物不错，就是服务太差，点了这么多回就这次很不爽，小菜没有盒子包装还收包装费？！说了提供餐具却没有筷子没有勺子！！！送菜的不认识路竟然要我下去接他1我勒个去！！！无奈
10658,0,"送餐很好,吃的一般"
9120,0,60分钟才到，饿懵了饺子送错了还
8409,0,"超过预计时间,太慢,不好吃,有点凉了"
9566,0,糖醋里脊做成了番茄里脊，呵呵
4799,0,送餐晚了50分钟，味道也没有第一次定的好吃了，土豆肉丝里边油太多
5048,0,青椒好生…送餐好慢…
10610,0,我的发票呢？为什么没有啊
9029,0,送餐很慢！送来都冷了，味道也不好，
11751,0,同宿舍三个人一起点结果分三趟才送过来，等了两小时才送到，从来没见过那么扯淡的！
4801,0,话说东西很实在，问题是为啥里面放了好多青椒，介绍里面完全没写呀，我都吃吐了，实在受不了青椒的味道，难道我还一颗颗挑出来，老板赔我的好心情
5695,0,不是特别好吃。没有什么味道、
6794,0,麻将怎么没有味道，不太好吃
8752,0,还以为是套餐呢结果就一份小牛肉，我晕，退也退不了
8156,0,要的意式荤劲牛堡套餐，汉堡可能热的时候装进去的，到手面包胚已经湿软了，凑合吃一口吧，送餐的是个岁数大的男性，递过来给我零交流
5145,0,跟图差别很大
6814,0,味道很淡，毛肚很硬，整份菜没有什么香味。配送很快。
10385,0,菜色一般，味道也不怎么样，若是选择还是不要的
5342,0,首先，送餐太慢，缺点！其他包装，味道很不错！用料ok！
9971,0,真的太慢了，迟到一小时，所有菜都凉透了
7401,0,"张银平外卖员简直就是脑子有病！！！！买了3杯,纸袋子都已经全湿了,下半截都烂了2个大洞了！送到我手里啥也不说转头就走！！！里面都洒了半杯了！！！还没给奶包！简直了！没见过这样的外卖员！！百度是不是该找点有素质的外卖！！！"
5172,0,送餐速度慢，打包盒里全是散的粥
9278,0,太慢了，两个小时啊！！！味道还行！
5119,0,2个小时才送到，也是醉了，取消订单都取消不了
11222,0,晚了一小时，面太辣，没纸巾和小咸菜
5631,0,"没有提供餐具，希望下次能改进。,送餐速度快"
11551,0,实在太慢，送到的时候凉了，汤还洒出来了，说是量太多。。。。太多。。。。
10634,0,没有久久鸭店里买的新鲜
10131,0,有点凉了！！！！
7784,0,"希望可以一对一配送,中间不要再配送了！送来的不是星冰乐！就是一杯抹茶水！！！"
9048,0,送餐员很不敬业，别的都还好
5829,0,里面的汤撒了
5600,0,订的卷饼送的拌饭，味道还好
7485,0,从点餐到送餐用了两个小时，给一星都多余。这还叫送餐么？？
9820,0,没有汉拿山好吃
11283,0,凉拌米线能吃吗？餐馆出新品种不试吃吗？无语！
4565,0,不要奥尔良啊，不要奥尔良啊
10062,0,"送餐晚了很久,什么都不说了"
6924,0,来的时候全都漏了，全都出来了，我定了四份饭就拿两双筷子，无语了
4091,0,"这是我吃过最差的一次外卖,1.外卖盒上裹着厚厚的一层凝固脏油,2.备注单上特意写着两个卤蛋不要送差，结果还是只送了一个,3.卤蛋上还有鸡蛋壳在上面,脏乱差"
5751,0,"为何送来四盒,两盒都没煮熟,肉是生的是要让我家人吃坏肚子吗？"
9631,0,怎么这么难吃，也没个生产日期，都不知道是不是当天的
5728,0,"是要放假了吗？吃了很多次这次最糟糕,送货慢,派软塌塌直接没法吃,丢掉了。披萨皮全是汤泡软了,没食欲。老板这样可掉粉了"
8378,0,黑椒牛柳饭送成大排饭
7013,0,这是百度外卖比较不好的体验，韭菜鸡蛋饺子韭菜都老了，不好吃
5220,0,"十一点五十才送到,完了好久啊,味道一般,而且现在的并好小啊,大分的和以前中分的一个量"
5678,0,用了两个半小时太过分了
8384,0,实在不值30元，差评
7532,0,味道还可以，就是送的有点早，没在我写的时间送，到家吃都凉了。
6120,0,写着45分钟送达，结果足足等了90分钟，凉的透透的，没法吃扔掉了，永远不会再点。
6386,0,豆浆全撒了，都没喝上，炒饭差不多都冷了，哎
7432,0,"味道只能说还行,味精太多,没啥配菜"
6239,0,"菜品不错,就是速度较慢,等了超过一个小时"
8994,0,很久未送达，主动联系外卖员，发现其送错地址。订单却显示已经送达。很不满意！
5996,0,送餐极慢，客服电话根本打不通，后来从网上找的店里的电话，催了好几次，餐量也很小，强烈不推荐@！
10728,0,"味道一般,送餐很慢"
4634,0,送餐时间长达2个多小时，十分不靠谱，11点下单，13:30送达，不靠谱！！！
8893,0,超乎预期，牛腩饭居然吃出了骨头，差点把牙硌坏了。
8490,0,为什么每次都要迟到！！！！！！用丽华贵宾卡可不是这样的！！！
9640,0,味道还行吧，榴莲少了点、人造奶油太多了。
4216,0,咸死我啦……
6833,0,送餐员送餐很快。不过米线里面竟然吃出胶带条，我也真是醉了，店家对消费者也太不负责任了
9538,0,外送的总是跟店里吃差很远，
9077,0,骑士很好，客服很差，下单1分钟都不能取消，这是强买强卖不，这是在砸百度的牌子。
8133,0,跟店里味道不一样
9155,0,"这家饭菜很好吃,常常点餐。筷子不够数。现在送餐只到楼下了求了半天才管送过来很麻烦啊。不开心。"
8861,0,送餐太慢了，致电餐厅，说做完很久没来取，菜品味道一般，量挺大的
11714,0,面送来都成一团了。。。
11587,0,鸡汤很是失望掺了一半的水。订歺后2个小时以后才到，让我的面泡糊了，吃了想吐。
9085,0,"不怎么样,谁知道吃着怎么样"
5217,0,距离600米，送餐2小时，
8482,0,饭是凉的！
4991,0,等了两个半小时才到。
4602,0,和想像的不一样，有点贵。
11203,0,饿晕了，一小时四十分钟，这得屎嘛精神才能吃上这顿饭呀！！！！！
9691,0,难吃死了不会再来，最差劲的韩餐
7550,0,小炒肉好失败，都是汤水，粉蒸排骨还凑合
8684,0,中午忙送餐慢可以理解，味道一般也可以理解，但粥里面长长的钢丝算怎么回事？
7147,0,时间太不给力了。两个多小时。。。一定要改善。不然没人买了。
8849,0,难吃!!!油死了，味道烂
10301,0,味道很一般，量特别少，居然没有筷子!
6704,0,接了单，订单状态就不变了，派送了也不知道，超时了也就不会有半价赔付，所以这次给个差评，然后就是关东煮。。。一次比一次小了。。。
4523,0,"尖椒土豆丝卷饼夹生,不好差评"
8630,0,"送餐很及时，但是我在网站上提交了发票信息，需要开发票，餐厅却没有给开具。不知道这是是百度的bug,还是餐厅的问题。"
8467,0,送的太慢了，等时间太长，送餐的老找不到地。
6552,0,不是送什么饮料吗，没有送
4035,0,为什么不给管儿？？？？撕开纸喝？？？？
8179,0,"一般,送错地方了,到了都凉了,不好吃了都"
9778,0,饭盒还没小盒八喜盒大，根本不够吃
5221,0,骗人的地方，点了餐要是送不来到是说话呀，根本没人理，中午饭你下午两点送是什么意思呀
6201,0,菜的份量跟全聚德比差了
11449,0,希望品质如一!
11331,0,忘了配送卤蛋！
11614,0,味道还可以，就是饭菜全凉了。。。本来11点前点的餐，硬是快到1点钟才送过来，我真是服了这送餐速度了。。简直刷新了我对于外卖服务印象的下限。
4539,0,不好吃，很一般
4317,0,今天定的这个纯素的口味不太好，里头放了豆瓣酱还是什么的太浓了，有点发苦。。送餐时间太长，一共用了1个半小时多。皮蛋粥还不错。
8025,0,感觉汉堡时间有点长了，外卖品质就是没有堂食的好
6707,0,"就是怕送来晚,11点20就叫单了,12点40才送来,我能说什么,我只能呵呵了,饭菜没问题,就是这速度真心慢啊"
9090,0,没有见过这么差的服务！！很气愤！
10095,0,相较于平时略慢并且可能是由于在高峰期的原因肉比较凉饭没有浇汤汁海带丝也比平时少这并不是我的错觉因为我每次都吃这两样.....宫保据说也比上次的差一些所以我决定下次避开高峰期
8183,0,芝士肉酱薯难吃至极
5318,0,两个多小时才送到，电话也打不通，而且私自换了菜品，都没有通知
4840,0,"巨慢,巨少,巨难吃"
8597,0,优惠结束了。。
7505,0,不好吃，速度还慢
7531,0,分量太少，吃不饱。害我又买了别的东西吃了。
7943,0,别的都很好，就是汤洒了。。。
11401,0,真是让我等上火了，继续差评！！！气死人！！！
8805,0,订的两份米饭都是半盒，打开还以为是吃过的了，装一起也就一盒的量，上次订的菜还挺好的，用的两个盒子装，这次都硬塞到一个盒子里了，打开袋子半袋子汤洒出来，盒子外面都是油，一看都没有食欲
11857,0,和同事一块下的订单，居然同事的先到了，这份晚了40分钟才到，太久了也
10102,0,"不好吃,做的特别油,而且是甜的"
7021,0,点了1份九品三鲜，2份茴香猪肉，结果送了三份茴香猪肉过来！！餐具也只提供了1份！！里面的调料包，三份饺子，只有两份调料包，醋包还全洒出来了！！承诺12点15分前送到，结果还是超时了！！
6268,0,"北菇滑鸡蒸饭只有五块鸡肉。。。五块鸡肉。。。五块。,不会再点了"
8426,0,味道一般，但是看着比较干净健康
8600,0,今天的菜不好吃。
4437,0,总是不按正确的时间送达
6918,0,"难吃到死，不是油豆角，没有味道，非常非常差，排骨不烂呼，很硬，不如自己做的,，非常非常差"
5843,0,感觉没有之前好吃了！还是因为不是一个店的缘故
8929,0,很快就送到了，但我的泡菜五花肉饭里面的五花肉去哪里了？
10417,0,"难吃,很难吃"
11904,0,要了俩卤蛋，送来才一个
10316,0,今天特别的慢，可能是下雨的关系，送到的时候汤还撒了一些，不过配送员态度还好，就是悲剧。
5490,0,送餐很准时，大概因为我选的时间是非高峰吧。卷饼好难吃，对于我这种大爱面食的人来说给出这个评价，大家对它的味道就可想而知了
11894,0,点的中辣，送来的次次都是微辣，服了，难道每次都会看错么？
7282,0,可能因为是外送，量比平时在店里喝少太多了。也就大半杯。无语了
6364,0,卷饼里面都是蔬菜！饭呢！骗银
4860,0,太烂了，太无语了
5329,0,太差劲了，三小时才送，菜和图片严重不符
10986,0,"太慢了,太辣了,小炒肉"
5787,0,那虾像死虾，虾肉像面一样！味道还可以！就是虾不好！
6577,0,送餐很慢。。。
8680,0,真难吃！来了粥全抠了！也不带餐巾纸！咸菜牙碜！粥枣核个牙！
10439,0,经常买你家的饭，但是这次饭不是现做的，青椒是隔夜的，颜色都变那样了，要是在店里，你们敢上这样的菜给客人？？？
6798,0,点了一份蒜，没给，口味一般吧
6438,0,东西都是烂菜叶，难吃死了
5988,0,一贯的严重迟到，而且订的南瓜羹没有见到，只能事后补送
9305,0,奉劝老板：如果不会做外卖就不要再做了，顾客花钱是买服务，如果收了钱服务却做不好谁会再来。三次点餐两次超时送达，上一次甚至在我已经取消订单，都过了半小时以后还送来。想问老板你是怎么做管理的？你的员工是怎么想的？你们商家的诚信在哪里？对这家餐厅失望透顶，永远不会再点
7676,0,"粥根本没放盐,送餐服务态度差！"
11698,0,这个饭几乎没有肉，竟然连土豆都很少，根本就是给人吃白米饭，还卖这么贵，根本不能忍。
6046,0,太慢了……点餐的人已经饿死
6732,0,7点20订的餐，预计8点5分左右送达。然后一直没来，我8点40了给客服打电话，客服帮催了，然后餐厅才给我来电话。东西多你早点通知可以吗？我不给客服打电话你们就不通知了？然后9点左右才送到。打电话还和我说送过去了不能不要什么的。你们丫有病吧
8566,0,"速度很快，表扬！,但是口味太淡，饭菜也凉了。"
8031,0,莫名的涨价了
10553,0,味儿还行，就是油太大了！
9874,0,"炒饭不错,拌饭很难吃"
6722,0,太差了，就不能在百度外卖定，一点信誉都没有，
7592,0,菜量相当的少，口味相当的不好，根本就没法吃而且豆腐是酸的，送餐迟到了一个多小时。花钱买次教训！
4711,0,上帝等的都快饿死了！
9206,0,送的太慢了。。。。。鸡挺好吃的
4598,0,都打电话确认两次了，跟我说已经取消了，结果还是送了。本着助人为乐的原则，我还是付款了。
8732,0,不得不说今天餐厅做菜的速度非常非常的慢
4969,0,还好，一般
5258,0,感觉没有一天好吃了，不过还行，凑合凑合一顿午饭呗
8167,0,发票只给了十元如何报销
7997,0,菜也太少太少了吧，感觉跟别人吃剩了扒拉给我的一样
10306,0,很差，饭一股臭味，送餐慢，感觉是剩的
8839,0,猪头肉都是冻的，我还得自己加热
11456,0,两个半小时才送来，非常不满意！说什么停电两个小时，那停电你就别接单啊，我叫别家外卖也行啊，或者提前打电话解释一下也可以啊！
5571,0,送餐找不到地方，打了好几个电话，包的也不好，油漏的到处都都是...
4114,0,服务太差！说半天要番茄酱也没给我拿！后来说给我送又没送
11730,0,菜不符！而且难吃
7448,0,送餐太慢，晚了半个多小时
5030,0,一般。菜量很少
6960,0,挺好吃，送餐快。
5748,0,送餐的师傅不错，非常快就到了。很感谢
9118,0,好多都没有干豆腐肉燕鸭血年糕还有三四样都没有
5535,0,等了将近3个小时，都这样送餐的话不知道饿死多少人
8315,0,蛋糕溶掉了
10592,0,"面条不仅是凉的还坨了,吃的直犯恶心,排骨要的中份量给的跟小份一样,太少,银耳莲子羹都撒到袋子里了,希望以后能有改进"
7622,0,速度很慢，东西也一般
6632,0,点了热带雨林披萨+饮料，和BBQ鸡肉披萨+饮料，送来的是两个奥尔良披萨+两个银耳冰粥，冰凉冰凉的!!!!!完全无视了我们的订单吗这是!?!?不过奥尔良披萨还挺好吃的
9983,0,"人家是花钱买客户,百度是花钱砸客户,我觉得可以改一下名字叫,（摆渡外卖）一群不靠谱的人办一些不靠谱的事"
9999,0,要了两份饭一个沙拉、第一次就送了一份半的饭说的没说一声、给完钱才发现少了、全小区都惊了、还带这样的！后来又补送了沙拉和一小份饭、送到饭都吃完了。不会再订了。
8547,0,都说不要甜的啦！
6361,0,差是因为缺斤短两，别的也就算了，花生米一个就一克的是事情，也份量不足！这是诚信问题！
7010,0,"就住对面实在累了叫了个外卖,67分钟送到,饿过劲了,爬着去爬着回也不要一个小时"
4004,0,完全不值得信任，出尔反而
9458,0,第一次觉得非常不错，后面肉给的爆少啊，根本挑不出来
11683,0,外卖态度比较差。
5459,0,少送了辣白菜
10033,0,"鸡块难吃,速度太慢,花了一个多小时,送到饭都凉了怎么吃"
10941,0,口味挺好的，就是米饭再多点就好了。而且我也备注多加米饭了。
7240,0,送错咖啡了，注明豆奶拿铁没有送
6074,0,送餐用了一个多小时。不好吃
10449,0,快递员超时送来了，但是很理解，大热天的不容易，来回跑，不过态度是很好的，下次早点就好了
6978,0,"付了款但根本没有收到外卖,还显示已送达是什么意思骗钱吗？,投诉请立刻解决"
6488,0,送餐太慢，收着送餐费还超时半个小时！最后一个送我的，面条全粘了！
5040,0,鸡肉卷饼挺好吃，肘子肉的不好吃，没有肘子就是小炖肉加青椒。木耳不太好吃，味道怪怪的。
11705,0,送餐太慢了，又是90分钟
9751,0,饭不是现做的
11728,0,送的太慢了，真是气死人
6753,0,"太慢了,说好45分钟,结果一个多小时"
9868,0,送来的时间有点长，食物有些冷了。不过口味还是蛮喜欢的。
6240,0,跟在酒店吃的完全不是一个味道，真怀疑是不是小饭店做的，以后不会再偷懒点外卖了。
10217,0,烤鸭太难吃了，根本咬不动，不过百度外卖很给力，取餐速度超快
4155,0,粥是凉的，卷是错的，点的鸡腿肉，给的是红烧肉一样的不知道什么卷，不知道我不吃大肉吗？垃圾送货电话让下楼拿，我问为什么，他笑一笑然后就上来送了，态度反正很不爽，服务差，卷味道也一般，还送错，根本没吃，都扔了
4373,0,"送个餐90分钟,呵呵,竟然送餐不知道坐电梯去B2,呵呵,我自己去拿的,呵呵,没心情吃,呵呵"
5185,0,"。送了4个点。饭也没看到,说是退单也没,还说要免费明天重新从新,也没见。"
9669,0,"特别差,少送一个大酱汤,一个小菜,饮料还是洒的！无法给予评价！等再补送过来其他的全凉了！"
7563,0,"什么啊，全是韭菜，还不熟,，胃里难受了半天"
6944,0,菜有点咸，干锅土豆片油炸的太脆，不好吃是硬的
6797,0,青菜太老，煮的时间太长连菜花都煮飞了！还是不要外送的好。
10123,0,味道不错，但是说好的送果汁怎么没送！不诚信啊
10783,0,还行吧～味道不太能适应
4879,0,饭非常好，物美价廉，包装很精致！送饭的师傅把饭放在垃圾桶上用来吐痰和弹烟灰的沙子里，让人怎么吃？！送餐慢可以理解，毕竟定的晚，而且师傅要送很多家，但是明知道是垃圾桶，而且还是人们吐痰和弹烟灰的地方，还把饭放到里面，你这个送饭的师傅是不是太招人恨了？！
5743,0,卤打的还行，囊质量差了点儿，配送比计划晚了一个多小时，严重不满意。
11051,0,打开袋子才发现没有卤蛋，怎么搞的？
9089,0,送来饺子全粘了，破的一塌糊涂
11624,0,量挺多的，味道很不怎么样！
7389,0,"如果不看备注,那设置备注栏还有什么意义"
4365,0,4个小时。。呵呵了
4541,0,口味倒还可以，份量小，中分的对男生来说根本不够，吃完后晚上拉肚子了，也不知道是不是他家的关系
11326,0,搞不懂送的是米饭还是稀饭
8806,0,花生不好吃！肉少油多
8027,0,"水果沙拉一股子刀味,餐饮做成这样一点都不卫生,不会点它家了"
8104,0,买的汉堡买错了！
11455,0,"速度太慢,等了两个小时,但是挺好吃的....."
8717,0,请问菠萝包在哪里！而且点的蜜汁叉烧说没有换烧鸭，我问价钱是不是一样，告诉我一样，结果还是补了差价。
5605,0,满二十竟然没有给减一分钱不说，送外卖的人态度还非常恶劣。在百度外卖订餐大半年了，头一次遇到这样态度和事件的，差评，太差了
6660,0,"鸡翅根,全都没熟！恶心死我了！里面还带血丝！服了"
6658,0,感觉不怎么样！配送不守时，不过辛苦送货员了
5955,0,难吃，越来越难吃。
10029,0,送到的时间很晚，影响了正常工作时间
10524,0,一个半小时才送到，唉，都凉了，心也凉了
7273,0,"疑似送错,没奶泡,没焦糖,还撒了,送了一个半小时,商家又没超时半价,张嘴就跟我瞎话,还系统已经自动半价,送的貌似是普通拿铁,估计我那杯不知道给谁去了,为别人多花四块,呵呵"
8114,0,"没有按照要求,去掉cheese片"
10140,0,很不满意，订的12点30送到，结果13点30才到，等了整整一个小时......石锅拌饭变成了冰锅拌饭！！！
10570,0,不会在有下次了
9150,0,数量太小。都没吃饱
9244,0,干锅牛蛙还是不错，比较辣，就是送单太慢了
8713,0,流沙包很好吃，蔬菜粥里在放些蔬菜就更好了
6094,0,下完单才发现离自己很近，所以自提的。备注了不吃辣，结果煎饼里还是放辣椒了，这样不好。
6615,0,"还行,就是凉了就不好吃了"
9843,0,还行吧，因为送来时有点凉了，等的有点久
5658,0,菜好吃，分量也很好。美中不足的是米饭太硬，口感影响了整体评价。
6368,0,都撒了，感觉脏兮兮的
10924,0,太慢了等了一个半小时..
9653,0,希望下次能准时，发票别忘给我
8268,0,红烧鲫鱼简直无法直视，32块钱两条小小鱼，还没鱼缸里的锦鲤大呢，鱼肉非常少，薄薄的一层，鱼刺超级多，不说了，满满都是泪…
11452,0,太慢，点两次都是一个小时后送到的，催单崔到手抽筋
7135,0,送来的很快。但是炖雪梨是冰凉，显然是冰箱里的，不是路上冻凉的。也没有给筷子。差评了。
4791,0,饼子里卷的肥肉太多
4883,0,"太慢,太慢,太慢,不好吃"
7884,0,总体还好了，就是油太大…
8581,0,都说啦不要甜的
5444,0,味道一般，不是很好吃，送餐时间太长，备注带发票反而没带
9480,0,韭菜的很好吃，其他的一般
6281,0,备注18:00送，17点多就打电话要求送，孩子拿到手全身凉的，难吃！
4279,0,一点酱汁都没有，鸡肉还有浓浓的焦糊味！
11965,0,油泼面没熟，都是粘的，坨一大疙瘩了。
8551,0,一个字：咸，两个字：很咸，三个字：超级咸。。咸的大排我只吃了一口就吐掉了，，不敢吃了，我在想：厨师是一整包盐放进那一块大排里的？？
10893,0,菜量小，那送餐用的车箱太脏了。
11554,0,订了两单，还分别送到了两个地方
5517,0,菜给的不多
9690,0,垃圾别吃吃了就后悔难吃
5029,0,140分钟才送到，饼也不好吃，也没有酱，干死了
11176,0,预计11点44送达，结果12点55才送到，中间催了3次单，打每次都说在路上，走着20分钟骑车30分钟送不到，打电话给小渝府，不说帮着催单，先嫌弃我们订餐晚，我12点半在所门口等着，发现31分有未接，打回去没人接，过会他打回来说“电话没打通，就走了，已经先去送别人了”，真真大瞎话，我12点半我一直门口等着，就没有送餐的过来，最后55分才拿到饭，客服态度差，送餐晚，饭味道一般，送餐人员还说谎，以后肯定是不会在你家买了
10494,0,支付宝一用就给我退单，到付就行，明显是不肯优惠嘛。。
8895,0,炸酱面送来的时候已经坨了不能吃了，粥还行。送餐时间大约两小时，不建议送
8733,0,菜挺好，就是送得速度太慢，面坨了，菜凉了，全家饿得去煮面条。
5352,0,送来的太慢了
9741,0,量很少，还可以
11433,0,饭很好，速度太慢慢慢!
6222,0,菜缺少色香味
9558,0,没有比这再咸了。这饭馆打死卖盐的了？
10874,0,宫保鸡丁里居然有一堆茄子，太差劲了
9109,0,宫爆鸡丁味道很差，饺子还送错了馅，我叫的三鲜，全送韭菜盒子了。因为下雨等了很久时间上就算了…但是这次购餐很不愉快。
6031,0,速度够慢的
11524,0,就那么几步路远等了一个小时！！菜还咸的要命真是醉了，再也不想来了
9380,0,点的馒头片没有送…希望下次能补上…
10113,0,海鲜几乎没有，豆腐也少，真是汤
6953,0,很油很腻，味道一般
4029,0,送餐快点就更好了
7889,0,肉皮没弄干净，都渣嘴
5186,0,"太咸了,味道可以,但真的是喉的难受呀,不推荐购买"
11068,0,送餐的师傅，服务质量太差，送过来都已经坨了
11043,0,小碗牛肉用盒子放在装菜的盒子上面，送到时，下面的饭盒盖子被压扁了，上面的盒子就那么陷在下面的菜里。小碗牛肉里有头发，恶心的全倒了。
10744,0,配送员素质太差，等了两个小时多！送来的时间长短不说，面都堆积在一起，还主动和我们吵架。太差劲了！
9319,0,菜总送错，能行不了，没长脑袋么！
6136,0,送餐太久了！
5852,0,送餐慢，说实话还没有路边的煎饼好吃，打开就一股大料味，不会在光临了
10836,0,"速度很快,质量很好"
9258,0,菜挺好吃的，但是速度真心是！！！饿死了好几个人了才吃上饭！
9968,0,太慢，太慢，太慢
4915,0,买了个王老吉，生产日期是2014年8月份的，僵尸饮料吗？
8962,0,太一般了，没有店里好
7201,0,你们店赶紧关门整顿吧！有1公分长的蟑螂，真是对你们店无语！要不传照片上去看看！
10443,0,不好，看不到图片定不出想吃的那种烤翅
6787,0,材料很一般，味道也不好吃！
6765,0,路远了一点（离店3公里）打电话来说需要打车费30，我认了，餐送到了后竟然加价45，人的诚信在哪里。
9840,0,送餐速度快
8844,0,写的水煮牛肉，根本不像牛肉
7092,0,好难吃啊，意大利面粗，肉酱有奇怪的味，披萨饼怎么是酸的
10846,0,味道一般，还赶上没发票
9156,0,"百度外卖送楼门口各种推辞不想上来。说了不要太辣其实做的很辣,虽然是辣子鸡丁其实也可以微辣。鸡肉味道不太对。希望不会拉肚子。一"
10118,0,满一百没送可乐，差评。
8148,0,我的番茄酱呢！
4754,0,太咸了，太咸了，太咸了，重要的事情说三遍！
5367,0,10点40的立即送达也能到一点才送到
5837,0,极难吃，水平还不如路边摊，再也不会点了
8804,0,她妈的还要餐盒费，太坑爹了，一个盒要一块呢，一个餐盒批发5分钱，打包要一块
8984,0,店方不看菜单要求
10581,0,送的太慢了，太慢了，太慢了，服务真糟糕
7995,0,好辣，豇豆是煮的，这个菜顶多算个盖饭，太贵还不值，再也不会买了，菜太少，加了好多水
9457,0,垃圾，不要订
7466,0,"再也不会吃了,饭少菜更少,宫保鸡丁的花生有些还有土腥味"
8945,0,太次了，饭里居然吃出来烟头了，恶心死了，而且饭都是凉的
7112,0,不错！挺快的！菜没凉
8807,0,饭太少。。
6038,0,等了大半年啊，告我车坏了，太难了，饼说是重新做的，还算可以，不是凉的
5603,0,肘子有点腻
11113,0,两个小时，也是醉了
9104,0,几乎没有南瓜
4529,0,味道还行，就是送餐太慢了……
5804,0,"都备注说了酸辣粉超级少油，结果都是油！下次别加油了,香油也不要！"
4359,0,送的太慢了！！！！
5778,0,这个馋嘴蛙里还有米饭粒呢，太恶心了，我都担心把大家吃坏肚子，大还半生不熟呢，这种质量对消费者能有回头客吗？
7469,0,我等了一个小时才送到。我是12:21打的电话咨询什么时候能送到为什么物流记录是12:09送达？这么作弊？
10847,0,味道不如龙旗广场店好
10201,0,"毛血旺图上有鱿鱼虾仁,实物送来一个也没有啊,失望,这么糊弄人,以后还想点吗？"
9560,0,整体油腻，砂锅豆腐居然也放那么多油，吃完比饿着还难受
8870,0,饭菜本身味道不错，只是服务中的发票太欠缺，昨天订的235的饭只开了205的发票，今天订的99的饭只开了93。下次订餐我会备注补上差额的发票，请及时响应！
10780,0,哥们，订好几次啦！越给越少，就一层底，店里面给的多，外卖为什么就量少？不公平，一样花钱...百度和店家沟通一下吧.太少了，塞牙缝....
6415,0,宫爆鸡丁做的还没有小餐馆的好吃，菜单里面没有米饭，商家打来电话说米饭一盒5块，2块一碗，里面有两碗，餐盒单收费，我也是醉了……就这一次，再也不要吃他家饭了
4176,0,我没有吃到，还已完成
8580,0,"大肥肉,差评"
11101,0,送餐太慢，太慢
11952,0,送餐时间还是比较久
4444,0,不好吃，饼太死
7633,0,说是给病人吃注明了要淡些，结果粥和菜都很咸，以后不再定了！
7187,0,送餐太慢，等了两个小时，无语
10418,0,味道一般。来的时候已经有点凉了
9270,0,没送米饭和发票，来得还慢。
4094,0,说订单满30赠小菜，结果没有！
4698,0,里面有大块鸡肉和一点生菜，个人感觉不好吃，有点失望啊，饼挺大，不松软
10255,0,"裙带菜没有,送，带来很大不便"
4894,0,3个小时送到！
5919,0,早餐变午餐~味道真心一般~皮蛋粥巨大的姜味~送餐时间比预计的慢1倍~
5224,0,什么玩意！！！订了不送
6098,0,味道不错，等的时间太长了
6286,0,包子涼的，湯涼的⋯
7975,0,送到米发就像剩下的似得，太失望了，3元钱的米饭就然就一点点
6521,0,"送餐时间还可以,不过菜品不对,！,我点的饭,送的是意大利面！,差评"
4976,0,要的皮蛋瘦肉粥全撒了。吃毛线。还慢的要死
10073,0,真是醉了，我不小心订成货到付款了，刚订两秒要取消订单就不行，说已经开始制作了（平时去店里吃怎么没这么快？）还得打电话给客服，让取消单子。结果把我已经在网上付款的第二个单子取消了，让我再付46给他，真是呵呵你们一脸，我有病么付了钱的单子不要还要带着钱去再付一次。还告诉我15个工作日退款才能到账，涨姿势了，现在还有15天到账的，坑我钱么？
5987,0,多等了半个多小时才送到
7476,0,送的特别慢，还不是百度外卖配送的，打电话过去问怎么看不到配送员电话，人竟然说是在排队过安检，过来了才发现原来不是百度配送的，既然不是百度配送的难道不会直接说声嘛！
5223,0,根本无法送餐，订多早都没用，破店
8842,0,我要的素三鲜居然给我拿的是韭菜鸡蛋的，而且我是孕妇是不能吃韭菜的，我也是够无语的
8486,0,太慢了，一个半小时。系统确认12:11送达，电话告诉我延迟10分钟，最后13:10送达。
6923,0,见过会挣钱的，没见过这么会赚钱的，塑料袋装做好的鱼，给我那两个空餐盒～这是什么意思～让我留着当碗吗～一这么装钱就没意思了吧～当然是为了赚钱还是为了省事～我不专业，我只知道我买了两个没用的塑料饭盒～
5888,0,都凉了。煎饼凉了。土豆肉卷也凉了。很难吃了！配送送的也慢，50分钟！
9062,0,没给我餐具！！！
9358,0,预计11点送达，12点半才送，送餐员没到就给我打电话，我在楼下等他五分钟，呵呵了
8860,0,差评，再也不订你们家的了，店员态度也不好，菜也一般。
10729,0,第一次买，也是最后一次，拉的我都虚脱了，吃肉夹馍+酸辣粉拉=拉肚子，肉夹馍+凉皮=拉肚子，
11702,0,"没送烤肠和卤蛋,餐厅电话打不通"
4399,0,速度还可以，口味可真心待提高啊
6761,0,差评，晚45分钟还有理了，饭都凉了，没下回
7959,0,筷子都不给拿，什么玩意啊！
7972,0,点了小炒肉，一碗饭还没吃完就没菜了，38元一份，数得清的肉，老板你能再抠点吗？
7723,0,菜非常非常咸，看来他家只能喝粥……10点半订的，11点40多才送到，要不是看在送餐员比较辛苦的份上肯定给差评了，点的状元一品鸭和王府烤肉，都不推荐，非常不好吃，鸭肉都没切开，一块块肉都是连着的，排骨扁豆闷卷子味道倒是还凑和就是齁咸，我这么口重的都吃不了……
5197,0,送外卖的素质太差！
7928,0,没见到可乐，没见到可乐！
10002,0,订两份送一份，第二份等了四十分钟也没送
6685,0,当时收餐时没检查，第二天早上发现红丝绒蛋糕没给。
7041,0,超级差评！备注了送醋结果一份都没有，投诉也没人回复。
11143,0,酸菜太酸了，肉一半以上都是肥的，下次不会订这个了
6929,0,不咋好吃，量还少
7572,0,差评！！！！真的差评！！！！送来的时候都凉了，沾在一起了，调味包也撒了，味道也不好！！！！真是难吃！！！！
4932,0,真是服了，等了将近两个小时才到，送餐的人说什么要下雨了还催我下来拿态度特别差。。
10035,0,口味还好，就是送餐太慢
6375,0,送的面食，就提前确认好位置嘛，送了一个小时，要客户一遍遍催，面放一个小时基本就不能吃了。服务态度还行，但经验还得加强
8062,0,"汉堡王给错货，但快递员人超赞,给联系补货,很晚也送过来"
10111,0,海鲜豆腐汤，全是豆腐，现在想起豆腐都害怕了
7308,0,"无语O__O""…问苍天"
7494,0,等了2个多小时也是醉了
9660,0,按我要求的时间送到了，但不是新做的，是冷藏过的，有点失望。
10767,0,凉皮没放盐，一点味道都没有，不满意的一次外卖
5532,0,有点慢啊，，和图片不符合，吃起来一般
5494,0,"吃出来一根头发丝,太恶心了,卷饼太油,都漏出来了"
8469,0,"肉菜里都特么是肥肉,这套餐能不能让我们先预览里面有什么菜?"
9360,0,等了一个半小时，羊肉串超小，最气的是塑料袋软化和木签粘一起了，一看就是着急弄的，白白的，没味！
5998,0,"东西不错,就是送餐时少给了两个煎饼,结果又等了一个小时才来的,同事已饿晕"
7756,0,2小时后送达，订餐需谨慎
5857,0,"煎饼都凉了,全压瘪了,豆腐脑也没有店里好吃,薏米水还可以,但是没拿管。。。"
8332,0,奶茶撒了半杯？你喝？
4637,0,送餐送了俩小时，饿晕了都，盖饭太难吃了
5396,0,"难吃,肉又硬又腻,吃的恶心,差评"
6516,0,怎一个慢字了得
9588,0,订过一次不想第二次
6260,0,大冬天豆沙粥居然是凉的，菜单上还没个标注！太让人无语！
11384,0,我4点50订的和别人5点半订的一起在6点半过来
6485,0,配送的人态度太差！投诉！
9816,0,点汤不送米饭，之前在店里吃的时候都是有米饭的，外卖却没有，打电话过去问，服务员态度也极差
4306,0,预计配送时间是九十分钟，实际两个小时
5431,0,"等了俩小时,太tm慢了,卷饼倒还行"
5412,0,"两个小时才送到,非常差,不会再定了"
10348,0,吃过最难吃的披萨和鱼香茄子，厨师自己肯定是不吃的
7302,0,我要的是香草拿铁，但是送来的是拿铁啊…
5135,0,粥不错！！！
10474,0,送餐师傅人不错，不过菜很不好吃，量也不够
11032,0,面都坨成一起了，建议点面的及时送，不像米饭
6622,0,送的超级慢，连勺子都没有，焦糖布丁还洒了根本没法吃了！
7334,0,星冰乐的冰已经化完了，奶油也化完了，到我手里只剩半杯，热咖啡已经温了，要了发票也没有，这位大哥，以后不要再接我的单了，谢谢
11867,0,木耳太不新鲜，吃完拉肚子了
5760,0,蒜香鸡翅太坑爹了。果仁菠菜巨难吃
8991,0,"拌饭不怎么好吃,可能我吃不惯吧,鸡块还挺好吃的"
8336,0,你们见过披萨上面的料都不在饼上的么…我是刚见到…重要的事说三遍我说了三遍不要香菇和腊肠…我香菇过敏，你让我怎么吃…
9303,0,"1谁家干锅土豆片放肉？你们厨师在他么蓝翔还是新东方学的？懂不懂常识？,2,、1小时45分钟的送餐时间谁受得了？你们是请乌龟给送的餐吗？"
6728,0,我也是服了，最近点一品三笑跟和合谷各种缺东西。算上这次已经少我四包千岛酱了，四包！！干吃蔬菜你叫我怎么吃！还有和合谷千万不要点汤不要点汤不要点汤！！！因为会给你个干汤包让你自个儿冲！(#‵′)靠～关东煮是什么鬼？难吃不说汤还撒了一袋子，建议只点饭就好了，总不会忘记放菜吧！
6595,0,"没给送餐巾纸,点了鸡块没给拿番茄酱,点了甜点不给拿勺子,甜点的盒还是坏的,如果能上照片就好了"
8995,0,非常慢，非常难吃
8286,0,不好吃，饺子不太熟，土豆除了辣味啥都没有，毛血旺更是史无前例的难吃。绝没有第二次了一颗星都不想给，不给无法提交！
5456,0,"南瓜粥洒了一兜子,黏糊糊的,那场面像翔一样,瞬间没食欲了"
10821,0,比预计的晚了40分钟我也就不说了，可居然连东西都是错的，于是在20分钟后重新收到了冰凉的面和米饭，根本没法吃，只能全丢掉了。
11432,0,无语，再也不想买了，这速度。
11983,0,昨天订凉皮两份，什么调料都没有放，就放了点麻油，特别难吃，丢了一份，再也不想吃了
11169,0,没送饮料啊
7324,0,等的花儿都谢了
4854,0,三个小时的等待，服了
5557,0,送餐速度巨慢，客服态度不好，推来推去让自己联系，人大店电话无人接听。
11473,0,太慢了……等了127分钟
10039,0,感觉比在店里吃的时候粗糙很多
5079,0,"味道一般,送餐也太慢了……"
4397,0,一个小时才到，粥也洒了，饼也凉了
5568,0,打电话让快点，还是十一点送到的，，，，
11114,0,今天菜太咸，连着定了3天吃，一天比一天难吃。
9249,0,难吃，快递小哥把东西都颠坏了
9756,0,汤依旧是难以下咽
7314,0,没吸管，没奶油差评.......
9450,0,我定的是酸萝卜鸡胗饭，请问老板，我的酸萝卜在哪里，一块都没有看到，米饭特别干
11261,0,一个小时才送到，面坨成个疙瘩，没法吃，扔了
8371,0,承诺半小时送到的餐，从11:38等到了12:18，送餐的师傅还说，承诺归承诺，可不是一定能做到，呵呵。
10690,0,泡馍咸的发苦
9036,0,等的时间有点久，味道很一般。
9327,0,那咯你们都有些事
5528,0,两个小时才送餐
11221,0,梅菜一般，肉还行。配菜凉拌黄瓜还行～
4290,0,菜难吃，送餐员态度极差，送不好餐回家种田去，别在这丢人
4734,0,备注了快点送赶时间还送了近两个小时
4496,0,差！强烈不推荐！首先送的东西少送了，还是自己打电话去问，问了又告诉我打另一个电话！为了退款自己打电话就打了四五个！其次东西真的超级不好吃，看着也脏脏的！很垃圾
4485,0,味道还可以，就是等的花儿也谢了，近2小时才送到…
10967,0,就是太慢了，我12：44才收到，晚了一个小时，饭都凉了。
8897,0,外送人实在让人着急呀。不知道路我也是醉了。
5505,0,餐到的时候有点冷了，其他方面还可以
8718,0,"送到的时候布丁洒的袋子里到处都是,好脏,原来是只用保鲜膜盖了一下,汤都流出来了,蓝莓山药和布丁都很难吃,基本吃了几口就扔了"
6453,0,"2点啊,才吃上午饭,饿瘪了"
5110,0,时间也太久了，还不是用餐高峰，足足等了两个小时。
4593,0,"菜真的很少,可能是主打卷饼所以米法蔬菜拌饭才会这样难吃，肉也很少，基本上菜吃完了还剩下一大半的米没吃呢，不会再订了，太坑人了。"
4802,0,飘香肘子。。明显不是肘子上的肉啊！肥肉。
6629,0,"根本没减单啊,没有优惠啊"
9866,0,送的太早，吃的时候都凉了
8866,0,小鸡炖蘑菇很咸，扔了一多半
6672,0,披萨味道一般，配送人员素质有待提高
9123,0,"两份饺子还不够我一个人吃呢,疙瘩汤跟面汤似的,麻辣烫不值"
8976,0,越来越难吃。
9338,0,"一个小时,已经出发了,两个小时,哦,单子弄错了,没送呢,然后刚要电话取消单子,送餐电话就到了,心想知道弄错之后这么快就到了,然后接到电话,下楼等外卖小哥,等了五分多钟才到,真是等的都不饿了,到了再打电话不行吗,让我还在楼下等那么久,炒饭还行,双皮奶一般"
4988,0,味道还好，就是太慢了！！！
8283,0,"第一次定,居然是这样,少,还花27,坑爹啊,不值"
10699,0,确定这是肉夹馍？得用放大镜找肉吧，品质严重下降，不值这个价了，不会再买
4292,0,要了粥，没勺子怎么喝？
9731,0,"订了一份大酱汤，送来后一看，好少，都没吃爽，最后米饭剩一半，好浪费(⊙o⊙)…,鸡块还算可以！"
9785,0,"你们这送餐员可以随便进到别人房间里送餐的吗？打电话说到了,大门没关没等我出去他自己开门进来了,而且还走到我房门前,我开门吓我一跳。这种行为很不礼貌！"
4844,0,这个饼真的很难吃，第一口肥肉，第二口还是肥肉，没有什么味道
5356,0,除了慢，其它还好
7397,0,点三杯星冰乐都没有给吸管，订单备注的东西也都没有给带来
6007,0,送餐太慢，煎饼都蔫了
11719,0,连筷子都没放，菜很少
4869,0,鱼香肉丝咸的不得了，而且很干
10485,0,不给餐具！可还行！太差了
8138,0,送来后有一个汉堡袋子破了，酱汁洒出一部分，下次要注意
4144,0,漏送了，最后补送了。皮蛋粥真心有些不好。
5780,0,怎么没有王老吉，我还有一个王老吉
5466,0,11点半订餐，2小时才送到
11798,0,已经第三次给我漏单了，无语
9812,0,送餐快，但口味一般
11129,0,土豆要多煮一下
7259,0,妈的没货、而且给的超级少、有图片都能骂死他
11226,0,等了2小时才到，史上最慢！米线到了都黏糊了，饭菜都凉了，服务态度极差，打了6次电话每次都说送出了。真的是无语。太差太差，没有之一。
8392,0,还是那个味！
5789,0,死虾，味道淡
10284,0,粉都断的不成样
4821,0,味道真心一般感觉不是特好吃送餐的到还挺准时
5164,0,今天真难吃，吃了一半实在吃不下去了，包装也没以前好了，等会，我吐吐
9462,0,味道不错，送餐时间。。太久了
7762,0,我发现这家分店的炒菜全是汤很多，一般
9273,0,"草,11点下单,1点送到"
5042,0,"点的牛肉蔬菜,拿回来一看是京酱肉丝……至少解释一下啊,菜还不错"
6388,0,餐送到楼下需要自取，我还不如下楼吃去。下次不光顾了
4348,0,不送到，下楼去取
11033,0,恩，不错，吃了一次，上了3次厕所，
9903,0,11点半定的餐，13点10分才送到，打电话催单，答复是配送员不熟悉道儿，吃的整个是冷餐，不知道留电话是干什么用的，配送员还把收的钱放在我的餐袋里，与餐巾纸放在一起，可见卫生意识太差了。
8184,0,"还可以吧,薯条好吃,！"
10755,0,太慢，7点43定的，8点48才送过来，比预计晚了二十多分钟。
6404,0,晚了半个小时，全都凉了，我要投诉
10219,0,"九转大肠不错,其他一般啦！"
8953,0,全洒了，呵呵，什么玩意，这快递还收费？
8124,0,"太差,一点都不好吃,送餐特别慢"
10911,0,要求11点半送到，结果12点半才送到，还都是凉的，理由是下雨…给两分算是给食材和味道点面子
10706,0,馄饨还可以
4817,0,图片仅供参考
6197,0,我实在不想差评，11点半点餐到1点半吃上饭，中途打电话经历了关机及联系客服以及想取消的时候一直被告知马上到，菜到了已经凉的确实天气不好也阻挡不了心情实在太差
6045,0,俩小时才送到！！还全撒了！！！
9726,0,"Md,默认不给发票！日的！"
10238,0,牛肉面送到已经变成面块了，时间太长了，这也就算了，更可气的是牛肉面里有头发，以后再也不会吃了
10588,0,没有送筷子，让我手抓啊？
9885,0,失败的一次叫餐，餐一个半小时才到，都凉了，问道也不好，再也不吃你家的了。
6052,0,味道还可以，就是送餐很慢很慢很慢，第一次等了快两个小时，第二次一个半小时。
8308,0,这馅料的量，我只有呵呵了
8548,0,"给了半盒子海带,不是人吃的东西"
5452,0,你确定你做的是京酱肉丝？还是欺负顾客没有吃过？还是因为顾客选择了打折？还是百度没有给你们补差价？米饭还是二次加热过的，明显是剩饭。无语，伤心，不会再订了
8168,0,80分钟才到，送餐员别袋子给捏破了也没说什么，薯条都已经凉了，很渣的一次送餐
5746,0,真心的难吃。炒饼里有三分之二是白菜，三分之一是饼。水煮肉不是一般的难吃
6294,0,1.口味难以下咽。2.饭里有头发。3.少送一份饮料。4.送饭非常慢.5.饭都是冷的。6.百度客服很负责，多次跟进。但是餐厅售后特别差，都快一个星期了才打电话说给你再做一份，问能不能退，餐厅只会说什么时候再做一份给你？哎，难吃又脏的饭，想起来都吃不下去饭。7.点的石锅拌饭，其实跟盖饭差不多，饭都没有用石锅煲过，酱非常难吃，北化北中医北服的学子们，千万不要吃这一家的饭，吐血的建议。
5666,0,东西要什么没什么，
10244,0,面条都坨了，送货速度太慢，取货后半个小时才送到。
5736,0,差评送给那个懒得进小区送货的送货员
4407,0,东西不错，时间有点久，预期时间不准
10727,0,辛苦送餐师傅。肉夹馍一直都很好吃。
11206,0,一直挺喜欢他们家饭，但今天两个小时了还没有送来。不知道他们送错了还是怎么着，来了面都陀了，希望以后送餐速度能快点，因为面食很容易陀的。
10804,0,整个醋都撒了，肉夹馍全都泡软了没法吃，凉皮没醋也没法吃，把外卖扔给我就跑了。送餐太差了
5293,0,送餐速度太慢10点多下单，最终送到12点半。。。
11500,0,"送餐速度一般一小时左右,等待太漫长啊,味道还不错"
7119,0,第一，送来时候已经凉了。第二，青椒鸡丁完全没熟啊。炒时间太短了。
6805,0,麻辣烫送到时不太好了，时间长了
11465,0,咸死了，我真是怀疑厨师的水平！一个多小时才送来，米饭都是冷的！
5066,0,"震惊了,京香肉丝只有黄瓜,没有肉,卧槽"
10691,0,配送时间真无法保证
6968,0,感觉口味重，吃完不消化
8829,0,土豆牛肉盖饭里的牛肉做的跟板筋一样
10504,0,"大盘鸡特别坑人，几乎全是土豆。仅有的几块鸡肉都是骨头,脖子之类的，根本没什么纯肉，简直就是糊弄人"
6871,0,"没别的,酱太多,难吃"
8476,0,说是半小时到，结果1个多小时才来，也没有减免送餐费
4900,0,太不好吃了
11327,0,干干的，还不如炒米线呢。。。而且没送饮料！！
10470,0,量实在太少。。。吃不饱
9337,0,经常在这里定！今天是比较差的一次！定了毛豆送来花生！经常定肉末茄子…这次菜量相比之前有少啦！质量也比以前差啦！还不如盖饭王餐厅和摩西餐厅
7198,0,菜量太小了，而且还不好吃，送外卖还不拿零钱，太他妈坑人了，筷子都不拿，下次再也不点他们家的了，
5126,0,"10点半下的单,12点18送到。速度太快了...味道还可以,但因为送来的晚凉掉了..."
5713,0,这次好快！第一次吃酱香鸡肉的，不过鸡肉还不是太入味儿啦，然后吃起来略干。
11748,0,s送餐太慢
4125,0,配送地点距离餐厅不到2公里，我用2小时40分钟吃上凉了餐（点击取消订单，我打电话给店家，对方座机是空号，无法取消订单）如此强的配送，如此强的服务，从未见过。
10917,0,有点咸了其他不错
5299,0,九点多顶的，预计11点送达，结果催单了11点才给送，12点半才送过来
7650,0,厥根粉太难吃了，太硬，不是一般难吃
6604,0,"。。。虽然很好吃,但是披萨里面的纸是怎么回事!!。。。虾上面,缠着的,有蓝色线的纸。。。"
9039,0,付完钱发现没有给我优惠，打电话问客服，说我软件版本过低，我每天都在用，就今天告诉我这个？商家也不给取消订单，付了钱你们就把这钱吃定了？
11136,0,牛肉几片，很明显量超少啊，15大洋不值
5340,0,送错了三个位置才送到，来的时候粥的盒子压破了，全撒在袋子里了，差评
6793,0,"不干净,竟然有个苍蝇在里面,我也是醉了。"
10996,0,辣，饭冷啦，都两三小时才送来慢
6593,0,这次我也要勺子了，也没有给勺子。
10137,0,"有的时候因为App设计点错送餐地址,这时候取消了再下单,就会被店家取消订单,导致没办法订,很无奈"
9992,0,呵呵。写的30分钟，送了1个多小时，泡菜汤好一般啊
9867,0,"一个半小时送来,还说他们忙！！！！！忙就不要开店了"
11390,0,"今天的实在不够恭维，盒子都烂了到处都是，你说还能吃吗？,送餐时间更是离谱过了送餐时间一小时.,等了快两个小时"
5901,0,一个半小时才送到，货没送到还不能取消订单，打拒接
5867,0,"一般般吧,没味道,说了多刷酱,还是那么抠"
4453,0,和同事一快订的，送到时间晚半小时。催了两次。希望安排好送餐时间。
10869,0,味道还差点。。
11428,0,整整100分钟才送到。。。
11184,0,蔬菜什么的都不新鲜了！
10168,0,这家什么都没有，不能加芝士，不能加蛋酱什么的。最后连蟹肉都没有，按照相同价格换的，居然又说要价钱，送外卖的跟店家没有沟通好，要自己沟通，没道理的！外包装的袋子还崩了特别多泥水，都没有单独的外卖箱的吗？不愉快~
8798,0,泡在油里的菜，肥肠根本没有掏，还落了一个菜没送，是见过最差的店
8681,0,炒饼里放了太多的蒜沫了！太多了！芝麻粥也不稠，芝麻好生硬
7974,0,居然里面还有油炸蟑螂！！！请问怎么投诉！！是打消费者热线吗！！！
10388,0,我点的是拌饭。饭太少了
4500,0,难吃，做得慢，一点半下单还等了一个小时。根本不是在一点五十八送达，这么糊弄有意思吗
6875,0,麻辣香锅味道一般
5078,0,不爱吃甜口的肘子…尖椒巨给力…
5962,0,没发票干嘛还说能开发票
11059,0,送餐太慢一个多小时
6579,0,等了70分钟
9418,0,退了，呵呵
9151,0,十一点订的餐，一点送到，这是龟速吗？十二点第一次给餐厅打电话催单，餐厅说饭已经装好了，送餐员没来让我催催，两分钟后我给送餐员打电话，他说他已经在餐厅取餐了，十分钟后我又给他打电话，他还说他已经到了，在取餐，撒谎！！！！！十分钟餐还没取完，也是够可以了，差差评。
11932,0,点的超辣，结果是不辣的，而且等了一个多小时才到。真忍了。
10110,0,这家店太让人感觉不舒服了，是我在三里屯点过外卖中唯一一家很烂很烂的店，打电话过去询问关于为什么随意更换我点的东西（3样），居然说菜单本来就是这样，只不过是网站上没改。全程连句抱歉都没说，什么素质！就是可怜配送员跑来跑去，还打电话说不好意思来晚了。所以只有百度配送让人感到暖心点。什么破店！
10768,0,面竟然一点辣椒都没有，那还叫面吗，，，，晕死了
6473,0,差评差评差评！送了三个小时才送到，好意思吗？10点13分点的餐，13点13分送到，搞活动订单多我知道，但总得有个先来后到吧？以后不可能在这家定餐了！
7527,0,口味还可以，服务不怎么样，打了商家电话，和她说话说听不到，然后就给挂了，送餐太慢，我同事的20分钟就到了，我这一个小时才送到。
4170,0,送餐员不仅送的超慢，而且态度恶略，这态度还做什么外卖啊
7394,0,极差评，百度你们的配送员太垃圾了。
10459,0,没有想像中好吃
11724,0,一般吧，套餐里的菜有点凉了
10497,0,"鱼香肉丝很一般,太甜了一点盐味都没有。狮子头很好吃，菜量还比较大"
4822,0,送的真慢呢
10457,0,特别差，这哪是拌饭，不要买了
11738,0,送了一个多小时，都凉了，不好吃
8770,0,我了个神啊，全百度外卖都找不到像你家这么坑爹的量了吧，33块钱的套餐里面的肉少的可怜(没吉野家小份牛肉饭多)，生菜也没给够，小伙伴们千万不要点这家，坑爹死了
6733,0,配送好慢啊，已经取消的订单还是给送了，生生的被订餐了
11267,0,送餐时间太慢
8218,0,买的套餐没给饮料，虽说退钱了吧。买的两种汉堡结果送了两个一样的……两份薯条全没给番茄酱……送餐小哥也挺苦的。哎
4710,0,味道一般，送餐时间太长…………都要长毛了，下次应该不会想再订了
6244,0,面都坨了......还凉了......送的太晚了
6311,0,米饭是有味儿了的………没法吃……扔掉了………
7994,0,说实话也不会再点了！因为菜量基本比实体店少了一半，实体店两个人点这些吃剩下打包的都比我今天点的一个菜多！十分不满意！差评！差评！
8118,0,太慢了，都凉了
9709,0,百度配送快，正一味的拌饭是馊的，剩饭你们自己都不吃的居然还敢卖？！
6935,0,"送来的脊骨是臭的,打电话就给退了把钱拿回来了，老客户了,这次很失望。"
5951,0,"送餐时间长了些，一个多小时啊！薄脆已经软了,，豆腐脑还可以，就是偏淡了，不过在家吃放点生抽刚刚好！"
8496,0,九点半下单，要求十一点半到，结果来太早了，菜都凉了。
8456,0,商家服务很好
8048,0,不电话告诉你们不放辣了么？怎么还放？
11274,0,129分钟送达！
10136,0,送来的时候冷掉了，饭也很咸，汤特别粘稠口感不好
5651,0,送到的时候完全凉透了。。。。
11975,0,差的无法形容，我花18元买的羊肉汤，结果拿来里面就一块肉。粉丝也就那么几根。从来没见过这么坑爹的商家了，简直像别人吃剩下的给我送来的？恶心的要命，卤蛋也是不新鲜的？这个好在没几元钱啊！等倒闭吧你们
5948,0,提前说了不要香菜和辣，结果送来都有！餐品一般，包装不错，实话说还没路边煎饼好吃，不太好，属于不会再定下一次类
6762,0,不如实体店的好吃
11348,0,送了2个小时才送到，确实有些慢了
7458,0,送的比较晚，发票也没给我。
4527,0,不愧是宇宙卷饼，送餐慢到宇宙外了，商家电话永远在通话中和关机中间，好不容易打通一次，结果给挂断了，差评！强烈要求这样的商家撤出百度外卖！
4360,0,吃了一半就吃不下去了，里面尽是肥肉，吃完就开始难受，拉了一下午肚子，再也不吃了！
4302,0,"快两个小时收到,定的牛肉的,牛肉没有给其他的,以后不定了,不好吃"
10327,0,东西非常好吃真的，配送时间太慢了太慢了！多排些人手好吗？主要耽误我上班，饭都没吃，不开心
10380,0,菜都凉的，感觉没熟，量太少！
6095,0,送来全洒了
9225,0,"酸奶居然过期了，生产日期7月7日，保质期21天，气死了,一直吃这家的外卖，现在配送员态度越来越差"
11727,0,我去，怎么写了个送达？？？根本
8201,0,要备注里写的根本没人看得到么……
5125,0,我想给零个星，可以没有呀！！！！！太慢了，2个小时了！！打了好几个电话催，每次都是再等10分钟，不如自己出去吃哇，这么慢，等什么外卖！！我自己去店里都能打四五个来回了好嘛！！我十一点多就定了，还要多早呀！！等到现在已经一点半了！！幸好没有急事！！！已经没有心情了！
7268,0,"预计最晚两点十分送到,收货时间两点五十五分,咖啡已经变成凉的"
7390,0,本来怀着期待的心情想体验下，结果收到的咖啡洒了好多，备注着加奶和糖压根没有，哎！真心失望啊！
11943,0,绿豆汤馊了！！！！！！我明天铁定拉肚子！
10000,0,11:30定的，13:20送到，送饭小哥是新人，可以理解，但装饭的没装勺也没装纸巾不知道几个意思……总之饿过劲儿了……
7942,0,"菜品很一般,快递速度快"
5060,0,第一等了两个小时，第二真的不好吃，菜量还特别少
7764,0,"实在一般,送餐速度实在是慢"
4096,0,送的东西三盒都洒了，车翻了吗？
4285,0,等了2个小时15，让我去一楼取，等了10分钟，也打不通电话，看不见人，都一点半了送过来，还让我下楼去取！以后坚决不定
10644,0,"味道一般,鸭翅有点酸.鸭脖太硬"
4917,0,汇源果汁没送啊
7939,0,牛肉略柴，蕃茄太多，汤也不怎样
11692,0,口味一般，送的太慢
7553,0,"吃过最难吃的排骨，吃两块扔了,没饭没动"
5896,0,非常难吃，面皮有点半生
4201,0,宇宙级蜗牛送餐速度，共花2.5小时，并且还没到。
11527,0,我点的渝川番茄米线，口味一般，没有期望那么好。为了错开用餐高峰期，11点01分下的单，结果一个小时后没有到。一直催了N次单，店员总说送出来了。从小渝府到北科一共5分的路程，加上做的时间，送其他人餐的时间，怎么算也用不了三个半小时。不得不想点了餐，是不是去种菜种大米了！好好的生意也是会做黄的！经过几次交涉，餐送到。口味还一般，真不知道为什么小渝府有名的米线是怎么来的？刷的吗？这个样子，也就吃这一次了。
6264,0,"量巨少,巨少,，再也不点"
11985,0,本来迟到了还自己点！！！
11961,0,"排骨不好吃～还都是色素～量少的可怜～58元的菜啊,只有七块排骨～一点味道没有～肉很干～坑死了！还招牌菜呢！真不怕砸了招牌！"
7920,0,山药是酸的，没法吃
11559,0,店家真是操蛋，竟然给少送了一份，另一份12：20送到。
7735,0,东西都错了，什么啊
5682,0,你们家的卷饼是从冰箱里拿出来的么？一个月了没有一次是他妈热乎的
9318,0,饭是馊的还卖，什么鬼
10633,0,"这个非常的不行啊,，，，我说的12点15送到,结果11送到的,公司的人都在工作,影响非常的不好啊"
8613,0,为啥网上没有15块钱套餐了。
7524,0,关东煮没有了，打来电话换了藕盒，很一般，怀疑藕盒不是和合谷家的
11072,0,面都成浆糊了
10539,0,点的一品锅怎么送的猪手！
4724,0,肥肉太多...
8258,0,菜品一般般
11046,0,"实在味道太差了,太不值得了"
8538,0,送餐速度很快，但是菜有点凉了
5162,0,就几条肉丝，全是土豆丝，而且有些没熟
9917,0,等的太久了，送餐时间太长，口味也极其一般，下次不会再定。
5607,0,肘子有点坏了，，都酸了。。
5013,0,"最后吃的时候凉了,然后也不能热"
6184,0,皮蛋粥里的肉是鸡肉，还是不知多久的熟鸡肉扯的丝。炒饭更烂了，里面的黄瓜，那是黄瓜啊！是黄瓜皮只是切碎。而且饭黏的要命，还没有放盐。总之太烂
9366,0,送了快2小时，我打电话，老板说送出来，等了40分钟送餐员到了，问送餐的，送餐的说老板做菜慢。我也是醉了！！！！！
6755,0,"这宫保鸡丁,就鸡丁,黄瓜,花生米,没了-,-,菌菇汤,就是个汤包,还得你自己用水冲,有点儿坑"
5423,0,送餐时间比预定时间晚了一个小时，盖饭味道淡了些，皮蛋瘦肉粥还不错
8388,0,量真的少啦点儿
10144,0,味道有点怪、感觉没有银座店的食物新鲜
7368,0,我就见过这样的！这是外卖么！送错地方，我要的可可碎片也点错了！能退么！一星评价都不想给！
11828,0,太久了！河粉汤全都被吸收了！坨了呢！不开心=_=
5538,0,建议饭量大的人来2中份
11879,0,肉实在太少了
5002,0,就吃这一次吧，不过送餐员很好。
8845,0,做的太咸了。根本没法吃，
9598,0,量一般，菜一般。。特别的一般。。
5971,0,我以为避开高峰午餐时间就能送的快点，结果还是等了一个多小时
8457,0,"难吃,点了卤肉没通知直接给换成鸡腿的，也是醉了"
11756,0,差！！迟到一个多小时！！！！！！无力吐槽，减13了服务就跟不上了，搞活动干嘛？！！
8748,0,量太少，肉就几片，全是辣椒，排骨全是骨头，怀疑被剔过。
7509,0,饭菜很可口，就是大拌菜很难吃，第一次送来时，大拌菜你什么都没有，然后送餐的又给送了一次调料，拌好以后特别难吃，调料里酱油太多了，根本没法吃。
8451,0,除了红烧肉好点，别的菜好难吃
8724,0,送餐差不多迟到1个小时，点的是面，味道可想而知了
11684,0,叫了好多次你家的，这次送餐的态度特别差
7717,0,一个多小时了根本没做，打电话询问，还骗人说已经在路上了，绝对差评
6714,0,"配送员差劲,态度恶劣,找不着路,还说脏话,菌菇汤要自己拿开水泡,下次不买了"
8649,0,备注信息没什么用。写也是浪费时间，送的早了吃得时候都凉了
4430,0,里面粥盒碎的，粥全撒了；只剩卷饼淹没在粥当中……
9421,0,10点10分订的，快1点了才送到，延时太久了！！！
4076,0,手撕包菜大半盒油，我还特意写了少油
9426,0,又一次晚送
5122,0,等了两个多小时，不过东西还不错
11902,0,我要的是中辣，给我送的是一点儿辣椒都没有！！！！
11082,0,两个多小时送到的，还好我没饿死。吐槽一下百度，为什么不能在线取消订单？
8914,0,还是原来样子挺好吃的，但是我特想知道拌饭酱跑哪去了？都没有
6460,0,吃饭时候都已经饿死了！！！
8171,0,"满50送的霸王鸡条没给配送,致电百度外卖客服未果！请速解决"
9441,0,时间长，我加的一份米还没有送
4580,0,吃完一会就肚子疼，过一会就拉稀了，不想再说了，你明白吗
10241,0,2分12元的菜一点点，9元的就就是易拉罐
7348,0,点的抹茶星冰乐，系统自动变成别的。客服沟通无效，自己出现bug居然无法更改
7426,0,送到的时候快凉了，米饭挺好，肉也可以，就是有点咸了
11450,0,不错，希望下次能快一点
9067,0,三鲜的就是韭菜鸡蛋的，太坑爹
7002,0,送过来迟了快一个小时，凉透了，而且都露汤了，弄的特别脏
6155,0,送餐时间一个半小时，送到后味道极差，客户混乱完全无法联系到下属商家，总结：一家极其不专业且混乱的煎饼店
7704,0,太慢了太慢了太慢了！
7196,0,送餐比蜗牛还慢！晚了2个小时一辈子都不会在光顾
6305,0,泡菜炒饭实在是太糟糕了，咸的要命还没有香味，我只能用菜饭拌着泡菜炒饭吃，比例还是2:1！
11468,0,订的12：00送餐，12：50才送到，上班族中午时间有限，请商家以后工作再细心一点。红烧牛肉套餐土豆多可以理解，但牛肉太老了嚼不动，请改进。米饭量挺多的值得表扬。
6965,0,一品豆腐光给豆腐不给蘸酱，没有筷子！
7980,0,我也是佩服的，米饭就一点点，价格还比别家贵，真是够了
4600,0,我点的是肘子卷、您给我送的五花肉卷、真心当我吃不出来么？
5954,0,奇怪的柚子茶和甜甜的煎饼，可能是没选到适合的
6130,0,点了酸辣粉，送到家已经都粘在一起没有一点水份了！
6075,0,"炸藕片太难吃了！,果断扔掉"
4185,0,"配送能力有限,为什么不使用百度派送"
10025,0,"非常差,最差的一次,首先订餐过了1个半小时也没显示送餐,电话去问无论正一味还是百度外卖客服都一问三不知,要求客服回电至今未回,另外正一味的饭也是半生不熟非常差,和上次点的汉拿山的差远了,伤了心了,对百度外卖,我要投诉"
5411,0,东西很好吃啊很好吃，送餐真的很慢啊很慢
11947,0,"吃出一个毛发,和一堆不知道是什么的东西。。"
5229,0,份量变少了，味道也不如从前了
10200,0,带扣的盒子撒了一袋子菜汤，还吃屁啊，跳摇滚送的吗？？？
7035,0,"饭已经凉了,而且晚送了半个小时"
5453,0,"垃圾垃圾,这餐还送不送啊,俩小时了还没到"
7475,0,"味道一般了,可能吃腻了"
6809,0,我该怎么评价？？诺大的盒子……只装了半盒……3块钱一份的鹌鹑蛋只有2颗……我忍了……好歹你给我放了！！！问题是我要的豆皮呢？？？我要的苦菊呢？？？里面绿色的菜叶我用一根筷子就能挑起来……3块钱一份的宽粉……只有中指那么长？？太垃圾！！！谁点你们家外卖谁死全家的！！百度优惠完还30块钱呢，这么大的盒子只有半盒不说……去了汤还剩什么？？垃圾垃圾垃圾垃圾垃圾垃圾垃圾垃圾垃圾垃圾……一条宽粉，两颗鹌鹑蛋……黑白各一块百叶……还有一支筷子就能挑起来的菜叶组成了半盒麻辣烫！
10822,0,说不要辣，总加辣椒，无语，不知道是系统原因，还是什么
9139,0,太不靠谱、说让带辣椒油结果没带！
8925,0,炒米条很少，两份辣白菜汤都撒得只剩一半了，同事们都没吃饱
8841,0,京酱肉丝咸的不能再咸
11209,0,等的时间太长，当然，今天下雨，不过您的电话也应该畅通呀，打了那么多遍都是语音。。。害得我又点了一份～
7271,0,要的无糖！无糖！无糖！
5138,0,太慢了。。。两个小时
10850,0,西瓜汁都酸了，以后不会再买了
4914,0,等了一小时，感觉量略少，一个女生勉强能吃饱，偏偏我是饭量大的女生
8306,0,送餐员下次送披萨的时候能小心一点拿吗……披萨上的菜全彼岸在盒子上了……一打开就一张白面饼……
8610,0,真心难吃，米饭又少，吃过最失败的一次快餐
10492,0,"点了两个米饭,只给了一个"
4867,0,我是订的晚餐，送餐太晚了，都饿过了，唯一优点就是味道不错
7497,0,"送餐时间太久了,接电话的女店员非常不负责任,我留言了具体送餐地址,并且又打了电话到店里,结果她不告诉送餐员,令人非常郁闷,女店员实在垃圾,这样的女店员在,离关门不远了,差评,大大的差评,垃圾,最失败的一次外卖"
9363,0,干锅手撕鸡，鸡肉少，味道一般
6162,0,豆腐脑太难吃了，我喝过最难吃的豆腐脑，还12一碗！，肉松煎饼也不好吃，不会再点了！外卖服务不错！
9102,0,你给我放了一罐辣椒油吧，还有麻油，麻死我了。怎么吃啊
5961,0,"煎饼里的油条是皮的，跟牛筋一样嚼不动。,鸡丝凉面，面条糟的，难吃！"
7209,0,干煸豆角的味道不是很好而且量很少
7906,0,感觉外卖的菜量好少啊！米饭简直少的可怜
6299,0,一盒炒饭两个鸡腿半个煮蛋一盒果汁，炒饭像咸菜，还好鸡腿没什么味儿，可以就着咸菜吃。果汁味道还可以。
11928,0,不喜欢这个口味儿
10272,0,我和我同事点了不少茶花妹子了，味道没得说，好吃才点，但是两次单加牛肉和鹌鹑蛋，都没有送来，只要是单加的，就没送，电话联系说支付宝退款，一天过去了也没动静，很不满！
6467,0,11点订餐，2.30才送到，饭都不能吃了。
9399,0,"菜量很大,送的很快,但西红柿炒鸡蛋不好吃"
9907,0,一般都是会订有些名气的，之前也定过别家正一味，但从来没有想到这家会做的那么差~！2小时后才收到。如果不能送可以在订单时告知客户，尽快取消没有什么的，但是。。。。送餐人员也将近送了1个小时。。。很无语
9625,0,一打开蛋糕，都变形了，一看就是摔了
5864,0,"不,好,吃,！"
7879,0,快递小哥很好，菜做的不好吃
7987,0,量简直一个少!米饭只有一口!
6742,0,竟然需要90分钟才到！
9143,0,大份的麻辣烫还这么这么这么少！好意思么！！！18和22的也没区别吖！！！！！！
5608,0,我要土豆肉丝，他给我送了个尖椒土豆，巨TM辣，本来上火这一吃嗓子一下废了，说不出话来了。
7862,0,大周末居然1小时20分钟才送到，而且油特大，不好吃
9398,0,"还可以啦,送餐时间一个小时，饭菜有点凉了。。量对女生来说差不多了。"
10045,0,味道一般，米饭跟菜混在一起，不知道是不是把剩的掺进去了
9035,0,"鸡肉不像鸡肉……,很奇怪"
11582,0,少送了一瓶加多宝
10128,0,全是蘑菇看不见牛肉
11825,0,今天速度慢了些，大概45分钟
7208,0,"订的时候我特意问过是否有架子和酒精,告诉我有，到了之后就是一个托盘,交了20的押金,托盘现在还在我家,商家从来没问过！我之所以吐槽,是因为我订过别家烤鱼,他们没有押金,并且主动联系来拿这些东西。对比出真知啊"
6105,0,大雨天，送晚点可以理解，但是居然等了将近2个小时，而且豆腐脑根本没味，肯定是忘了放盐了。
5742,0,快递非常慢催单两次，两个小时才送到，没送到指定位置，
6219,0,赶到最后一刻送到我也是很无语了。无论因为什么原因我叫外卖实实在在的等了87分钟呵呵，就差两分钟50%免，不断跟我解释别人也是一个多小时收到，他的时间算的也真是准。
11776,0,"来这里吃过多次,这次接电话的服务员态度特别差,中午1点多下的单,订4点的外卖,打电话过去,服务员告诉我在那里吃过了,还一副都是我的错的样子,那态度都让人无语了！"
6356,0,这石锅做的也太差了，还得自己扮拌啊，而且菜还那么少，就给两包酱汁，这叫石锅拌饭啊，米饭是凉的，只能说很失望，以后不会再来。
7483,0,"太慢了,那么近要一个小时才送来"
7835,0,菜单上的单品根本就没有，餐厅打电话说是江浙沪的菜单，不是北京的！百度可不可以先确定一下菜单呢？
6768,0,服务员态度不好，
7262,0,我说了要半糖给的全糖的很甜，杯子上也没做半糖标注
5828,0,送餐超慢，想点的这家的朋友注意送餐时间。8点43下单，10点多才送过来，我也是服了。
11045,0,面也太少了，才半盒，我就没吃饱
10064,0,超级慢，等了一个半小时都不止
5548,0,"我的粥怎么没送过来。,赠送的饮料也没有。没有就不要写在订单了！玩呢？"
5111,0,太甜了觉得
6844,0,服了，我要的微微辣，打开一看黑乎乎的一盆，我以为是拿黑酱炒的呢。另外，西兰花炒的已经面目全非，软塌塌的根本没有蔬菜的味道了，午餐肉也煎的焦黑，这是什么水准！！
10805,0,羊肉泡馍没有了，换了卤肉饭，差价7块，只给了我5块
7202,0,太慢了，一个多小时我都上班了才送过来
8099,0,"我说了饮料不加冰，最后送餐员来了以后，我特意问没加冰吧,他说没有,结果我一打开,一堆冰"
4022,0,肉臭了，态度还十分恶劣，不处理，不要再定这家了
5756,0,醋全洒了，送餐的还说没有，就算眼神不好鼻子也不好啊，撒的哪哪都是醋！什么东西啊！
6274,0,女儿说面成饼了，灌汤包也没有汤了，出了包装费就不能打包好点！配送员很好
11654,0,这个时候我等得睡着了，做了个梦：餐到了
6673,0,送餐时间太长，快饿死了！说是海陆至尊，满眼是是火腿肠，还有一些香菇，没看见海在哪里！买了五个鸡翅，有三个里面的都不怎么熟，此次购买体验不好！
6836,0,送餐的过来，米线已经撒完了，没有汤汁，哎…很失望…
10287,0,鲜花饼没给！！！
5479,0,卷饼很好吃，量也足。但是咱这送餐速度真不敢恭维。10点40订的，一点才送到，再晚点可以做下午茶了
8288,0,量小菜一般
7825,0,说了跟没说一样！不要奶油不要奶油！
10160,0,"我点的金枪鱼和火腿,送来两个火腿啊啊啊,说好的金枪鱼哪？"
4559,0,"饼难吃,肉不入味,送了一个半小时,量特少"
11391,0,SB，告诉你不要辣椒还放，艹，爷感冒了，泥马的
7481,0,"等了一个半钟头,垃圾"
7752,0,差评，超级慢，没有在规定时间送达，还要自己到店里去吃……态度还超差
11864,0,第一次给差评，错开高峰期点餐还送这么慢。可乐直接放在装菜的格子里，可乐瓶上全是油，菜也弄脏了没法吃，饭菜也是凉的。无语，真想退了。
8372,0,绝了我竟然吃出个小别针，靠，幸亏口是别针的，要命是咋的，送餐员态度很好，饭菜质量把把关吧
8836,0,菜量比较多，态度也不错，但是菜做的实在不好吃～味道才是关键好吧
7874,0,猪肉粉条忘了放盐啊！！！
9053,0,备注写明要热饮，还送来加冰的！
10438,0,送餐员居然不认路，送了一个小时
11824,0,太慢了。担心无法及时送到，特地提前三小时下单，最后还是延迟了40分钟，而且也没有提前通知，还是我打电话过去问的
5362,0,难吃又很慢再也不吃了！
10009,0,"下错单了,不过冷面味道不错,但是没有给我小菜"
11892,0,"不好吃,粉,感觉不对,不够臭,哈哈哈"
4636,0,等了一个半小时，收到时已经饿晕了，关键点的香菇鸡肉卷还不好吃。。
8402,0,1点多才到，晚了半个多小时
4260,0,上次到了打电话，这次送到了不打电话，害我一直等！！
5823,0,订餐后一小时还没送，给黄太吉400打电话也一直忙线，最后是给百度外卖的400打电话才给催了
5324,0,"下单后1小时54分钟送来的,还让我说啥"
7932,0,超时是可以的理解的，可是送到的饭汤都洒的整个袋子里都是，一点食欲都没有，好心情全无，太恶心了
4875,0,还不错，就是送餐比较慢。明明点的汇源果汁，结果送的可口可乐，什么情况？？？
5114,0,慢成狗了，俩小时，也不解释，说取消就取消了，店大欺客啊
7127,0,吃出了塑料纸，感觉真不爽
6079,0,由于系统问题，订单上留的电话被搞错了，快递迟到1个小时。东西还比较可口，但少了吸管。
4357,0,最后一次买你家东西。
6301,0,不错，薯条特别好吃
11297,0,量多，但就是难吃
6342,0,太咸了。。。
9644,0,垃圾服务，耽误送餐时间好几个小时，送餐员态度还极其恶劣，解决问题的态度极其敷衍。简直恶心，不要订购否则只能让你花钱还糟心。
8261,0,菜一般味不够
6705,0,太慢了！！！等了好久好久
5376,0,卷饼没有想象中的大，但肉很多，就是送餐有点慢
10116,0,里面有两根头发，差评，
10545,0,没有店里的好吃
9556,0,为什么煎蛋放在最古老的白色塑料打包盒里还收我一块钱餐盒费
8394,0,一般，量小，干净卫生
10825,0,"秘制凉皮不好吃,太油,卤肉饭还行"
9076,0,鸡肉一点味都没有而且米饭都不能吃了、哎都不知道怎么做的？
10242,0,面条给的少，我饭量大，吃不饱。味道挺好。
10273,0,怎么老少东西啊？鸡枞菌两份只给了一份，花生米也没给，还行不行了，就这样也叫做生意？
7206,0,时间差距太大了……吃饭的心情都等没了
9622,0,你妈订单完成了么？？差一份面没送也叫完成？你们饭店这不欺诈消费者么，等了马上两个小时了餐还没到，百度送餐的什么情况？半折怎么领取？？？十二点三十七定的现在两点十五餐还没送到送全还差一碗呢！！！百度送餐和餐厅你们什么情况？
9180,0,装粥的盒子质量太差，直接裂开，导致全部洒在了袋子里，没法吃了
5575,0,还不错，挺快
11142,0,"本单实际送达时长为39分钟,瞎扯我等了1小时30分钟呢"
7961,0,外卖很快，饭量跟小
10356,0,"拿来盒子看着非常大,其实饭就一口,三口两口就吃没了。我要的五花肉石锅。肉片加起来不超过三片什么嘭嘭脆红薯,明明是软绵绵红薯"
11935,0,"太臭了,真的"
11173,0,面送来味道就一般了
7649,0,什么玩意，一个多小时没送到！再也不我用了
9679,0,非常不满！！！！搞笑吗？？？汤送过来的时候全都撒掉了，剩下一口不到。仔细看了下，盖子根本就没盖紧，跟快递员没关系，明显是商家打包的时候没盖好盖子，严重不满，气死了！！！！
4651,0,等了一个多小时，确实不好吃
10611,0,吃完拉肚子了
11558,0,送来的太早，都不知道备注送达时间有什么意义！
11907,0,粉味道还可以，但是猪手居然是臭的，尼玛，臭的！皮还咬不动，能有点职业操守么
11668,0,"我马上就要饿死了,跟我说马上就到,马上就到,这马是没吃草吗,下次别放那咸菜了,味道难闻的要死"
9409,0,口味可以，就是太辣了。而且送餐时间很慢
5512,0,卷饼味道很一般，完全不是老北京的大饼卷肘子的味道，感觉就是卷了一盘炒菜，粥还行。
9095,0,送错了，我要的是肉末炒粉，送来的是宫保鸡丁盖饭，也是醉了
7129,0,配菜拿错了，拿成米饭了！
8152,0,餐厅打包人员少打包一个套餐里的薯条，让配送员跑了两趟才吃上，这顿饭用了一个半小时才全部送达到我手里。
4273,0,一般，除了包装好看真的没什么了
5584,0,"最差的一次订餐体验,送的慢死了,东西也难吃。"
9490,0,腊八蒜呢？没有
4528,0,要楼底下取餐！以前没有这种情况。
10863,0,鱼可以，豆腐这次好像没盐。主要是送餐太慢。要啊饿死了。
11232,0,"米线好多,没有店里好吃,但是还可以啦"
6910,0,送餐太慢了，生煎包和皮蛋粥都好难吃，以后还是选择别的吧
7295,0,没放糖，没放奶油，好难喝
11470,0,速度啊，要快点，都快被你们饿死了
6570,0,十一点多订的，等了半个小时打电话那边才确认订单，葱香牛肉焗饭偏咸
9889,0,送餐非常非常慢，距离不算远，要1个半小时才送到，1个半小时午休都快过完了，店家态度也很恶劣，打电话说给查查，然后就没信了，送餐小弟的态度是中午就慢，尼玛一个半小时能用慢来形容吗！套餐也非常不值，就是单点的价加一起，而且送的未必是喜欢吃的，到了都凉了，希望其他人不要再上这个骗子餐厅的当了！！！！大中午的等这么久，吃着都凉了的饭，非常非常难吃，简直可以用恶心来形容的经历！
9471,0,真的是很难吃啊，可能口味不一样吧，我和我同学就吃了几个就不吃了
7885,0,农家一锅出有点咸，有点坨，感觉放的什么调味料有些多
9998,0,米条全是洋葱。。。
7808,0,要的拿铁是热的。结果是凉的。下雨天还是体谅一下吧。但还是有点生气
8902,0,炒米条撒了一口袋，这是干什么呢？超时前2分钟到了，气人玩呢是么？傻逼玩意
4980,0,卷饼味道很一般很一般，不好吃，但是便宜
11914,0,真的两个多小时！！！！
7178,0,送餐用了1个半小时~~~我也是醉了，鱼香鸡丝，半盒子油，超级咸，黑乎乎的...不健康太油了~~以后不定他家了！！
5501,0,"送餐慢,量小"
7004,0,我要的二米粥，但是送来的是南瓜粥，而且凉的都冰手，经常在你家订餐，没想到这次这样？你们不知道粥凉了？饺子是很热的，希望卖家联系我，完善售后
6934,0,超级难吃，真心受不了，锅包肉超级差劲，对金手勺彻底失望，再也不会光顾了！
6545,0,下单开始等了两个小时都没送到。多次打电话催，告知只能等，中间还有一次直接挂我电话，然后就不接。最后打通说可以退款，不知道会不会退。忍不了出去吃完回来才送到！只能当晚饭吃了
8086,0,"大哥,吸管没有，番茄酱没有"
5657,0,绝对不会买第二回
9130,0,这次送餐慢了好多，建议加强
7223,0,还能比这速度更慢吗？
9096,0,宫爆鸡丁辣椒太多了多的吓人
11199,0,不好吃，还是他家米线地道
7142,0,"用纸盒来装，洒得到处都是油,配的小菜静是油菜的硬疙瘩，根本没法吃,徒有虚表"
4591,0,时间很长，送来都是凉的。希望大家以后别在这家买了，百度外卖，我感觉这次是最差的。
7473,0,等了一小时结果送错了，因为要求重新送一份所以又等了十多分钟，而且真的不好吃！
7255,0,买了好几次了都没问题，但这次的咖啡不知为什么上面一层油，幸亏打开盖看了一下，要不就喝进去了
7094,0,菜量太少了，不够配米饭的
11594,0,过节送餐人手紧，可以理解
10947,0,"一般,不好吃"
7893,0,吃了一年了一家店。现在彻底失望了。锅包肉现在像溜肉段了。味道也变了好多。还有就是这快递送来了没有筷子？问他筷子呢？结果他的意思是我把筷子吃了。百度外卖改良一下吧。
10469,0,"太难吃了,海藻巨腥"
8774,0,鱿鱼超级难吃
6452,0,"126分钟我还能说什么,等到下雨,十分钟前敲门电话没听见,快递就不乐意了,走了,我又等了十分钟,送来了,打开一看,袋子里都湿了,蛋挞湿了一个,纸盒是湿的,直接扔掉,没敢吃,定了很多次了最差的一次"
9247,0,食物盒太髒
11431,0,"基本都是肥肉，大概5~6片。有点咸，卤蛋就是乡巴佬袋装的，开始还以为是他们自己做的。,总体来说,很一般"
4758,0,"差评！！！,送餐巨慢，味道很差，卷饼太厚，部分还没有熟，里面的肉根本没味道，酱很少。强烈推荐不吃！,南瓜粥也差，粥跟南瓜汁基本是分开的，对就是南瓜子泡在白粥的感觉，难吃。"
7857,0,太难吃了。鱼头泡饼咸死了
5697,0,没有以前口感好了。肘子卷饼味道很一般了。逐步这样下去就没有竞争力了。
9888,0,等了两个多小时，电话催了3次，结果还是没送到，极度不靠谱
6392,0,宫保鸡丁饭是酸的，醋放多了，没甜味。送的凉菜巨咸，齁死我了。就一个汤还算凑活能喝。再也不来了，太难吃了
10056,0,量很小，味道差
9350,0,本来是想省时间的，结果定个外卖花了我两个小时，以后绝对不会再选择这家了，口味一般，送餐还这么慢，还想不想做生意了
10410,0,五花肉泡菜饭里一片五花肉都没有，不知道是厨师忘了放了还是怎么着。太坑了！
11790,0,一个多小时才送到，真是等不起啊
8855,0,用的油真心不行
6492,0,披萨没熟！！！大差评！！！
9007,0,送的慢，等了一个小时，饭都凉了，电话咨询也没用
8101,0,送来倒是准时，可是都凉了！！！！！！！！
9735,0,晚了半小时，七元套餐饮料就给的罐装的可乐，真是可以
9732,0,11点半下单并支付。快1点才送到。比大约外卖时间晚了40分钟！比半价赔偿时间早了10分钟，我也真是醉了！
4120,0,我根本没有收到送餐，你们怎么这么无耻的自己默认买家收到了？！
4756,0,皮蛋瘦肉粥和南瓜粥也太难喝了，尤其是皮蛋瘦肉粥，很腥气，卷饼的饼是烫面的，不是图片中的烙饼，里面的菜味道还可以，但总体有待提高，希望商户继续努力，尤其是粥，熬的真的让我没法凑合。。。
8354,0,"方便快捷,味道一般,能吃饱就行啊"
5067,0,送餐慢，超级超级难吃，一点味道都没有
5680,0,11点下单，1点多才到，等两个多小时，本来想不要了，但是看送餐的人太可怜，勉强收下了。下次还等这么久绝对拒收！差评！！！
8266,0,"太恶心了，,什么也没有,全是汤"
6101,0,越来越难吃，竟然有一大块盐在饭盒里，豆腐脑缺没放盐
4741,0,肥肉多，汤凉了，送餐的说我没支付...
9738,0,配送员不错！但是要的两个石锅拌饭都没有拌饭酱，而且辣白菜五花肉石锅拌饭和其他家做法都不一样里面没有菜没有桔梗
10519,0,看评价吧，哎，失望
5278,0,送餐太尼玛慢了
7703,0,我要的金牌香肠炒饭，送过来黑呼呼的一饭盒东西是几个意思！！
6114,0,"还不错,就是想吃两个蛋的煎饼不知道怎么算价格"
7405,0,首先，我要的不是热巧，我要的是咖啡。其次，都已经倒了，咖啡洒了整个袋子，为什么还要拿着过年的噱头让我签收？真心的觉得郁闷。
4819,0,应该不会在点第二次了
10344,0,太慢，别的我就不说什么了，让我等了一个多小时，但是，最后店家也给赔礼道歉，这单也免了，哎～得饶人处且饶人了～
8992,0,等了一个多小时才送到的，饭也不是特别好吃，芝士没多少
8670,0,很好，就是不喜欢炒生菜
7924,0,好评给快递，差评给百度，无法取消订单也是醉了，以后会慢慢少用百度了
4795,0,菜品还不错，不过送餐太慢了，从下单到送到一共用了90多分钟
4922,0,等了80分钟，餐厅卖不了就别出外卖，耽误时间
4646,0,贵且不好吃
7628,0,配送用了2小时，距离不过300米，差，太差。
4737,0,面有点夹生
7029,0,实际支付103，发票开的89，这是为啥
11519,0,太慢了快要饿傻了。。
8826,0,特别不好吃，而且不新鲜，扔了
7860,0,"米饭三元一份,着量着实..."
7544,0,老板你家辣椒不要钱吗，全是辣椒，鸡肉被谁吃了，一份38的肉，有六块吗，肉少您整大点快也行啊，肉块小的，埋在花椒里面都找不到，您是让我吃花椒还是吃辣椒
6709,0,配送要一个多小时，送到都凉了。
7285,0,"加了奶油都不到盖子,什么情况"
6766,0,翅根都快焦了
7877,0,一份蝉蛹，八只，太少了吧，好晕啊
5885,0,那个水果饮料，看着都恶心，上边漂着一层泡沫，一口没喝。送餐的只送到大门，自己取得。为啥你家送餐的都这么吊。
5821,0,"豆腐脑洒了一半在袋子里,洒的煎饼上都是,投诉渠道根本打不通,太差了"
11108,0,我买了卤蛋，没送，每次都比预期时间慢半小时
11069,0,猪蹄有点腻！没有那么香，不是很好！
5691,0,还行吧，料比较少，不过看起来包装还是很用心的
11800,0,迟到了一个多小时
10320,0,太过分了，没听说订餐还得要求一并送筷子的，没要求就没有。没筷子怎么吃啊，真服了，以后再也不定了，真过分！
8420,0,"1.居然米饭夹生的，丽华也出这种问题？,2.要开发票，结果没有。"
11141,0,配送太慢，等了近两小时，十一点半订餐，一点四十才到
11236,0,送的真快，在快点都能当晚饭吃了！！！
8301,0,下单一小时后未送到，电话送餐员.称接单太多，没时间取。让我自己电话客服解决。之后致电2次客服后，才派第二个人送。冒冒失失的什么都不知道。送到披萨凉透。可笑的是客服电话追踪：第一个外送员出车祸了，给你带来不便，请谅解。第二天退半价的金额到银行卡。你们就是这样诅咒快递员的啊。嘴太损了。难道实事求是这样难做到吗？
11528,0,"11:46下的单，首次送达就是13:34，而且酱香排骨豆花米线仅有菜没有米线。,再次送达米线时已经14:10。,等个饭等了2个多小时。"
10801,0,饭菜质量确实一般
10831,0,不好吃，太油腻、有些干！
10685,0,真心不好吃，面是坨的，肉夹馍没味道，凉皮油了吧唧，再也不定了
8821,0,打死卖盐的了，叫了两盒米饭，菜都没吃完，再也不能吃他家菜了，差评
8880,0,要了一杯酸梅汤，来了撒了半杯在袋里
5599,0,"要的粥没有了,没人通知我,收了我的粥钱,给我一个王老吉,。。。发现不对,给客服打电话,客服说是有这个情况，店家会联系我处理。到现在也没有人联系。"
7333,0,咖啡都洒出来了，杯子都湿了
9603,0,少我一个菜酸辣瓜条，投诉也没人理我
6367,0,一般，送餐的速度挺快的
10054,0,"去过店里吃，味道非常好。但外卖的质量，和店里似乎就不是一种东西……,点的咖喱皇海鲜，咖喱水水的，一点也不浓稠，也不香。海鲜，主料是蟹肉棒（人造那种）有一个青口，2，3个并不新鲜的极小的虾仁。,很失望很失望！"
4926,0,第二次点的飘香肘子等了近俩小时，饼有点凉了不说还特别干，肘子肉做的特别老，还没有刷酱，这样子生意怎么做啊以后
9590,0,汤洒了一塑料袋。。。回锅肉味道一般
7158,0,烧鸡没有了，打电话换了个吊烧鸽子，简直太小一个了！
10730,0,肉夾馍不错，其它一般。
8303,0,我明明买的其中的是那个披萨套餐，送来的却只有披萨，没有套餐里的鸡翅，买个外卖也被骗
9584,0,"土豆丝太难吃了,真的不咋地"
6057,0,鸡丝凉面太太太难吃啦
5021,0,可能我不喜欢吧！那个皮好生啊？感觉不太熟
9381,0,派送员只送到楼下，不送餐上楼，可是电话里的语气：“餐到了！到楼下取！”没有半点礼貌，还没等对方说完话，那边电话挂了
8120,0,超时！但是态度挺好。说是第一天上班，勉强给个三星。
5745,0,慢不说，服务态度太差了
8084,0,汉堡里吃出个塑料条的透明带，不知道什么东西，只想说做的时候肯定没好好弄
8449,0,图片与实物不符...根本没鸡腿
9411,0,还行、速度慢
8917,0,饭的味道太一般了，不推荐
8744,0,确实很一般……那个贵妃宫爆鸡真的太难吃了……巨甜无比，肉还不新鲜，都腥了！倒是肉饼超级好吃，以后一定会再点～奶酪到我这儿已经化成水了……狂汗……
5872,0,一个煎饼果子加上品牌价格就飙升好几倍
4419,0,等了两个半小时才到，不想说什么了
6426,0,不好吃，还不如食堂做的，这口味不值这个价
9844,0,冷面汤是由很多水果提炼的，这点比较地道！其他不太韩式，中式改良了。
11302,0,都是大块肉。看见就没有食欲了。虽然是很便宜。但是也不至于这样糊弄人吧
9135,0,你家送饺子不给醋的？有常识没？配送员也是没脑子？不知道给要一包？
10548,0,送餐有些慢，菜的味道不错
7580,0,"都歪七扭八的,还都软的变形了,只能说很差,看来大家的评价是对的"
8058,0,菜的味道略怪，总觉得不新鲜
5646,0,送餐时间超慢，并且东西也不咋样
4423,0,差评，两个半小时才送到！
7679,0,超级慢，订餐超过两个小时多才送过来，打电话也一直没人接，最后没办法给百度公司打电话才催促上他们。
5981,0,味道稍微咸点！整体不错！
10231,0,好难吃的秋葵菜
5519,0,跟以前吃的，味道差太多了。点的飘香肘子，超级难吃，而且绝对不是肘子那的肉，肥的差不多有一半多，都挑出来扔了。对宇宙卷饼失望了，不会再去吃了。
10139,0,5555比以前的肉肉少了好多
4362,0,真的好慢啊！等了将近两个小时，快饿死了，只好自己出去买了，刚买回来才打电话说送来了……
9408,0,太辣，备注少辣没用…………
11338,0,卤鸡蛋怎么没有，是忘了吗？
9460,0,明明还没做，骗我说送出来了
7244,0,并不是香草拿铁！？？？！
10936,0,速度太慢，饭菜也比较少，味道倒是还可以。
8699,0,没吃过这么难吃的水煮牛肉，刚送来吃一口就扔了。有股膻味
11931,0,单加的青菜里有根头发
7052,0,送餐的是个SB，吃的全都撒出来了，而且这人只送到电梯，一步都不多走，还得自己走一段去拿。饺子全凉的
9817,0,时间很快，但是居然没有给筷子！还少送了一盒米饭！
10429,0,量少，但是女生一个人吃还行。快递还还行吧，但是等的时间很长
11526,0,"送个北科大，500米,送了半年,够牛逼的"
11969,0,谢谢！速度很快辛苦了！
6482,0,"差差差差差！！！,先给差评再吃饭,送餐送到2个多小时,东西还不怎么热了,简直服了"
9315,0,配送员像2B一样，少了那么多东西也不看看就送，然后一脸不关我事的样子，真心让人受不了！麻烦招配送员的时候也用点心好吗，这个实在是太气人了，送不来爱少不少，爱吃不吃的样子很想让人抽他！
4749,0,打开之后发现皮蛋瘦肉粥的餐盒都破了……洒了一纸袋……就吃了卷饼！！！
4507,0,配送很慢，味道一般一般
9243,0,口味还行。
7383,0,12:21下单13:01到达！等了70分钟！！！怎么安排的送单？？？？？？
6208,0,"骑士态度很好，就是菜太难吃,太难吃，再也不来了，味道比全聚德差远了"
10983,0,自作孽不可活，说了以后再也不定这家，我就是手欠！
9891,0,送餐时间太慢，有待加速，餐送到的时候已经冷了
10773,0,西安的魏家凉皮。。。才不是这个样子！！
9762,0,和这个价位差的太多了
5583,0,"太少了,皮蛋瘦肉粥太难吃了,竟然不放盐,吃了一口头晕"
5216,0,服务态度非常恶劣，生了一肚子气，一个大老爷们儿跟个娘们似的。
6316,0,"良心商家啊,满满的米饭,太划算了"
5788,0,我只想说以后不会在点了，就不说哪不好了，你们自己点点看看就知道啦！
7989,0,米饭就薄薄一层，太坑爹了
7799,0,"没有方糖,而且也没有按备注配置,有问题没有电话沟通就直接凑活送了"
4408,0,他家还是卷饼好吃...蔬菜拌饭太难吃了....本来想吃点清淡的，打开一看一层洋葱混着卷饼里的酱....下面依稀有些土豆丝豆芽抽吧的蘑菇片.....真的很难吃啊....不过卷饼是真的好吃，下次还是点卷饼好了....
7753,0,服务态度差得很，送餐速度还很慢
5387,0,难吃到爆！就鱼香肉丝的还好！
6502,0,配送速度太慢！
5533,0,太少，点的中分比上次的小份还小
4813,0,晚上七点订的外卖，九点还没送到，电话说是忘了我的订单，说好的退款一直没有退还
5794,0,菜汤都洒没了，弄的饭上都是乱七八糟的。菜到了也快凉透了，能不能带点保温箱之类的送餐啊？
11712,0,垃圾中的战斗机，几天之内定了三次餐，两次都超过一个半小时，打电话好多次才联系上，然后说订的餐没做或者找不到了。什么垃圾，接不了业务就别做这活，动不动让老子快两点才能吃上中午饭，坑爹呢。
8535,0,今天菜的味道一般，而且有两道主菜和官网菜单里的不一样
6618,0,6寸太袖珍了。。。
11589,0,提前2小时定，迟了一个小时才送来
7547,0,挺好的，多放点水下次
9501,0,饺子可以，可是24块钱一份的酱牛肉只给不到十个薄片，略坑，难道是百度优惠了所以就这样了
6116,0,豆腐脑味道感觉很一般
4139,0,都是凉的，配送很慢！都要三个小时
7364,0,我要热的，给我凉的，这个怎么弄
8015,0,油特别重，而且不好，汤不好喝，米线汤很重要的！不过菜多，以后豆芽能换成青菜吗…再吐槽一次油…
8908,0,送餐慢，汤里的粉条根本没给放
9476,0,不是特别好吃，没什么滋味
7645,0,配送超时二十分钟后告诉我还要二十分钟，而且都是我打了四次电话他搞错送人后才给我反馈的，来的晚了饭菜都凉了快，粥也撒了，纸巾都成纸浆了！耽误事！差评！！
9075,0,菜不错，但是晚了半小时。刚刚到楼下我没有去取，她就确认送到了，想逃避半价，过分。
11016,0,"送餐时间很准时，但“酸豆角焖肉饭”名字有点误导人，其实就是＂酸豆角炒肉末＂，根本不是""焖肉""啊。这次的米饭也不是他家常给的粗粮饭，就是白米饭"
8223,0,唉，备注写上了不要芝士、不要沙拉酱！汉堡王还特么给弄了，单子上不是写了么！看了么！？不过最后赔偿了一个，辛苦了送餐师傅再取、送一趟！师傅人很好，猛猛哒！嘻嘻
11755,0,"太慢了,慢的不行,而且外卖肉少的可怜"
6247,0,要是有醋就好了，另外买了粥没勺子不能忍！
7830,0,每次都不看备注吗？说了去冰！还带冰！
6421,0,两次了都送错粉，下单是牛腩粉，送餐的单子写的大排粉，实际送的是红烧肉粉，价格也比我点的便宜，什么情况，绝对差评！
4680,0,不知道是送错了还是本来就分量少，我这个大份的，特别小。。
11437,0,"菜的味道很不好,餐具太简陋,导致溢出全是油,而且送餐时间一个半小时也有点太长了"
7492,0,"一般,没有吉野家好吃,，,饭太多菜太少"
7828,0,咖啡送来时全洒出来了。味道跟在店里的不一样。美好的心情完全糟透了。
7091,0,很少给人差评！你家卤肉饭那个肉可以说是肉丝了吧？量不是一般的少！有一两肉吗？一锤子买卖？
9822,0,配送太太太慢了
7415,0,难喝，再也不会买了
6462,0,蛋挞口味都是错的。奶酪披萨也很难吃.....根本就没有奶酪....还晚送了40分钟.....
11245,0,送餐速度慢，经常少一根肠
5108,0,我很少评价，但这个我想评价下，整体包装是纸质包装，肉卷是锡箔纸，感觉挺干净，但是饭我真的是不喜欢吃～以后不会点了
11259,0,点了招牌的酸菜红烧肉，菜没的说。就是送来的时间略长，一个多小时吧，而且菜汤洒的到处都是。
8912,0,全都凉了，鸡块比石头硬
4907,0,"要了一个牛的一个鸡的,结果送成两个牛的,还有很多肉筋,南瓜粥极其不好喝,这也就算了,约的12点,结果12点45才送到,真是醉了"
11844,0,"米线给的太多了,吃不完"
7722,0,送餐时间有些长
11158,0,蜗牛送餐速度，催了还挂电话！
9122,0,送达的时候菜都坨了，还没味！
5796,0,换菜了，说不放辣还放，什么意思
6174,0,"头一回遇到米饭装半碗的，现在米饭这么值钱了么,=￣ω￣="
5892,0,"难吃,不给发票"
6977,0,差评，差评，差评！！！！！！！！都没给送餐，把钱退给我行吗？以后再也不定了！！！
5366,0,锡纸包装不错，但是两个多小时送到的卷饼湿糊糊黏牙，如果是现做的可能会好吃些
6455,0,送餐超慢，里面披萨怎么分开了？
6428,0,不值，四块肉都是肥肉！根本没法吃！
9389,0,菜很好吃，可是等待时间太久了，不到11点下的单，等了两个小时才到。
5200,0,"38元餐,和15元餐,量的大小一模一样,告诉我这个是大份的,给店长打了电话,还骂骂咧咧的"
7528,0,送货小哥很给力，但是订了三份餐，送错了两份，其中有一份非常的不合口味！
10435,0,食品味一样，但是打开餐盒后发现竟然裂了一个到底部的口子，如果直接在那家店买给餐盒也不会裂口的，不知道是不是故意拿了一个裂口的装的
8915,0,太久了。。。饭都凉了
6226,0,茄丁还不错，毛血旺不是很新鲜，拉了好几天肚子。
6584,0,"额点的最小份,不是很香…"
7501,0,"沙拉变海带,等了108分钟,不是百度的外卖,是商家的,也不提前说明,没有订单跟踪,打了若干客服,电话没有一次有人接听"
10523,0,"这家的菜是人吃的么,给狗狗都不吃,简直太难吃了,鱼杂豆腐是苦的,火爆肝尖又黑又腥,鱿鱼没处理干净,鱿鱼都没处理干净就送上来了,一共点了三个没一个能吃,全倒掉了,以后不要去这家买了"
5625,0,送来时候都凉了......
7787,0,"蛋糕要的品种没了换其他了,饮品甜的发腻,鸡肉卷里掺了猪肉,差劲！又贵又难吃！"
7946,0,我的饭送错了。
9452,0,上次比较快，味道不错，没想到这次很慢，下次快点
8329,0,本单实际送达时间为20:47以后，我在20:46时点催单，提示说订单已送达，还没有送到却说订单已完成，披萨凉了，芝士都基本处在固态状态吃的，肉酱面也是凉的，也没有给我们拿餐具，只能我们自备叉子。不懂送餐小哥这么长时间都去干嘛了。虽然他很辛苦，但是对这次送餐真的很不满意。差评
9523,0,"送的挺快的,但是我备注的辣椒去哪了？,还有韭菜鸡蛋的鸡蛋又去哪了？而且韭菜鸡蛋的比韭菜肉的还少一个,难道现在鸡蛋卖的比猪肉贵了吗,好奇怪哦"
5544,0,挺失望的，不如想象的好吃
7814,0,东西真是太垃圾了，那咖啡都没法喝了，
4024,0,"1.菜量比以往少太多了！！！,2.发票少开十几块钱。,真差劲，以后不定这家了！"
9412,0,昨天的剁椒鸡蛋太咸了，其他的感觉还可以。
6879,0,十分不理解为什么要用塑料袋直接装，看到都没有胃口了。想剩菜一样……
7583,0,送的确实有点慢，味道也一般吧，快递还不能送上楼
4195,0,送餐很慢，商家电话打不通，服务真的很差
10987,0,味道不错，送餐时间不敢恭维
10563,0,"实在是太少了，也太贵了，四十多块钱就给五块,小排骨，另一个四十多块钱给了也是五六块猪手，应该是不到一个猪蹄，是不是快下班了，都没有了。不说了都容易！"
4312,0,连取消都取消不了，电话也不接，是店家垃圾还是百度服务跟不上？人家美团投诉了还有个回复，你们呢？垃圾啊店家更是垃圾中的垃圾，大家不要订了，等待不起啊
10076,0,我特意写的别忘辣酱
6124,0,说好的套餐里面有可乐，结果没给我，上一次是没给豆腐脑？你们都是怎么配餐的？！
7429,0,之前一直在店里吃，第一次定的外卖，鸡肉真是少的可怜，额外买的油菜就三颗叶子，太失望了
8051,0,汤洒了不说，薯条换成了鸡柳，而且还被汤泡烂了，这么多次第一次给我恶心到了
4280,0,差评，接单两个多小时没有送餐，打电话也没人接听，更无法取消订单，至今没有给予回复，这是订宵夜的节奏，送来带着锡纸都凉透了，你们都是只上夜班的吗？骗子！！！
8249,0,"饭不止夹生还少给一份,味道一般,感觉有中被骗的感觉"
8189,0,竟然没满减也没百度付减活动
6102,0,真难吃！不是吹的，煎饼卷油条啊，豆腐脑还是凉的，绝对不会再爱了
7344,0,冰咖啡忘记带吸管
10926,0,送错餐了，定了两个宫保鸡丁，结果送来的是一个宫保鸡丁，一个西红柿炒鸡蛋。索性西红柿鸡蛋也能吃，就直接吃了，不可能等着再送一份。
10293,0,又一次没筷子，不过快递员服务很好，只能说店家太不细致了。味道也很一般
7868,0,小鸡炖蘑菇里就看鸡头了，鸡都是硬的，菜也油的要命，不来了
4552,0,等了两小时！！！电话打不通，没法取消订单，坑人！！！
7345,0,到了之后洒的袋子都坏了，直接全洒地上了，怎么申请退款，实在太差，弄得满地都是
4104,0,味道还可以，只是送过来有点干
11345,0,糟糕，送餐速度慢不说，饮料也没有
4103,0,是不是因为外卖的关系，怕泡的时间长，面条都没怎么熟，好硬
11887,0,说好的加辣呢？知春里套餐送的饮料呢？我点的猪脚呢？订的外卖少了一大半！！！这配送素质真是给跪了！！
6214,0,辣死了，辣椒不要钱吗
5382,0,不好吃……
4026,0,等了2个小时，送餐员找不到餐厅，菜等得都凉了。希望改进。
6352,0,太让我恶心了，奶油蘑菇汤里有只小蟑螂，希望看到评论后给我个解释
6015,0,等了1个多小时，送来又凉又硬的这次怀疑是不是剩的。。
7437,0,"没别的味道,都是酱油味"
10853,0,百度外卖还不错，就是店家说给增黄飞鸿却没给，呵呵。而且还是周黑鸭好吃。
5730,0,"太慢了！预计12:15到达！晚了一个多小时,没有任何回复！差评！！！！"
9803,0,留言说了不要胡萝卜，还是放了好多。。。挑了半天才能吃，心塞~~
10736,0,秘制凉皮很难吃，很失望，混沌也不建议点，味道不怎么样
6433,0,没给绿豆沙
4214,0,速度真是超级慢，等了一个多小时，
8924,0,不好吃同事都说没店里好吃，瞎凑合，我要的蔬菜沙拉也不新鲜，烂菜叶子。
11874,0,为什么我的酸辣粉辣么辣
11734,0,夫妻肺片很腥，吃过的最难吃的夫妻肺片
7512,0,还不错，送餐师傅很给力！
11485,0,"还行，小炒肉,就是不辣"
11667,0,我点的是套餐，是不是应该有饮料？反正我没有。送餐时间太长了，差不多了要40多分钟
11859,0,居然漏单，打开一看袋子单点的四喜丸子没送，要点辣椒也没给。太生气了
7606,0,"第一次投诉！再也不吃宏状元了！18点57下单,直到22点还没有送餐,退单退不了,商家电话响一声就挂掉,到21点系统显示订单完成,快22点还没送到,再拨打商家电话,终于有人接了,答复系统出问题,没接到订单,我表示无语,更可笑的是商家居然说明天给我送餐,这处理方法我也是服了"
7258,0,咖啡里面喝出一块塑料袋，幸亏喝的慢，鸡肉一股腥味，没有以前好吃
4163,0,备注了不要辣不要辣，结果还是一堆辣椒，胃疼不能吃辣，一整个扔了，里面还有一堆洋葱青椒，肉一点点！差！
5449,0,选的立即送餐，结果快一个小时才送到。。。希望下次能很快送到
9026,0,超级差劲，饭里边好多石头，怀疑是否有洗过啊，卫生肯定有问题，而且饭菜一点都不好吃，慎重选择。
10585,0,什么屁玩意，肉皮冻送过来成肉皮汤了！
6581,0,刚取到，先来个差评，12点35分送到，以后果断不订了
8811,0,定了一份菜一份饭，结果快递送来两份一样的菜，酱油炒饭没送。可真够粗心的
6905,0,勺子筷子都没给～让我用手抓着吃啊
7293,0,洒的很厉害，然后两杯咖啡不给杯示，根本分不清啊，卡布的奶泡本来应该很多，都洒了，跟拿铁一样了，囧
7535,0,很好！很实惠！
10856,0,"要了4份，特别少不说，鸭脖就跟没有躲过一样特别大块。客服电话打了,根本没人接"
9065,0,京酱肉丝上次还有豆皮呢，这次怎么没有了！米饭给的也很少。
7343,0,"晚了40分钟,咖啡凉了,蛋糕都化了！崩溃,蛋糕放在咖啡杯里送,无语…"
9847,0,石锅饭还是不好外卖～五花肉是半熟的，吃了一块一会就拉肚子了……还是应该在石锅里焖熟再吃比较好
5485,0,餐袋很好，里面带了一个手套，是方便我们挑肥肉块么，很失望，还不去吃个肉夹馍
10101,0,当时我们点的饭跟汤送达时都已经凉了，其他还好，就是送的时间长。
9216,0,速度也太慢了，两个半小时才送到
7516,0,"太慢了,一个多小时才送来,差点耽误事"
8834,0,打包盒太次了居然还收费，漏了满袋子的油。饭量倒是挺多。
7228,0,凉菜味道还不错，热菜一般。
8960,0,在牛肉饭里吃出钢丝球啦
5038,0,实在是好慢啊
11501,0,送了快两小时才到！！
8864,0,味道一般，酸辣土豆丝酸的没法吃。。。肝尖也做的一般
11584,0,迟到了半小时
9548,0,"什么米饭,太夹生了吧,再也不点了"
8278,0,菜的油太大了
10512,0,送的稍微有些慢，一个小时将近10分钟才到，已经有些凉了
11152,0,时间太久，面条都软了，没有劲道，很难吃
4630,0,味道不错，就是速度太慢了…两个半小时…等到没脾气了
5844,0,太他妈的慢了，早餐送过来吃成了中午饭，真够可以的
7403,0,三十一杯的咖啡洒了一半！！！
8604,0,"丽华快餐的,菜,怎么能,这么差,图片上显示的是鸡腿,同事们就是,看着鸡腿定的,送来的确实,鱼块,而且味道有点腥,客服说每天的,菜都是不一样吧,那好吧,但是,鱼块,实在是很难吃"
4379,0,料很足，但是酱肉太咸了，饭点儿叫外卖等了一个多小时
7472,0,12点不到下的订单，都快两点了才送到，饿死了。。。
6295,0,米饭都没熟…再也不定了
9323,0,根本就没送，就完成了？我想问你把饭送哪去了？也不给我个电话？逗
5518,0,千万不要买，太难吃了，去年去店里吃过感觉还不错，今年完全变了啊，厨师是回家放牛了吗，还是老板变黑心了，全是肥肉，再也不会去吃了，小伙伴们千万别买啊，别上当，满20减19我也不买，而且送了一个半小时，我也是醉了
10990,0,没收到餐~~11:45分送，13:20还没送来，退了
9043,0,麻烦给个筷子不行吗！送个小萝卜什么的不行吗！给张餐巾纸不行吗！以前买过别家的会送爽口萝卜！比这个便宜！没筷子只能下手还没餐巾纸！
6227,0,送的可乐呢？？
9787,0,量很大但是竟然拌饭酱都要单独买，而且五花肉拌饭只有可怜的两片肉。。。
10693,0,凉皮没给酱料完全没有味道，馄饨里胡椒粉放太多了，但肉夹馍还是一如既往的好
9263,0,"时间太慢,没胃口"
7551,0,干啥玩意吃的！餐厅都找不到还出来送！都没取餐还显示取餐了！菜品一般
8355,0,让送辣椒也不送
10613,0,"没送,直接关单"
6339,0,特别难吃，还特别慢，还很贵，以后连外卖都不想点啦，建议不要再买了
7699,0,"这次跟前几次比起来好难吃啊,可能换厨师了吧。这次的好难吃,菜花都有点没熟,不知道吃完会不会不舒服！"
7177,0,特殊要求写了砂锅豆腐不放海米，最后还是放了
5461,0,说了不要辣还是放了辣椒.....蔬菜牛肉卷饼没有蔬菜只有土豆丝豆牙辣椒.....
4215,0,送了一个半小时才送到，饼还是凉的，差劲透了
8702,0,送餐速度太慢
4654,0,太难吃了。真的。肉都不是肘子
8514,0,"网页上不是写配送费么,怎么还收3块"
7322,0,经典巧克力没给奶油
11653,0,平时每天迟到30分钟送达，今天选择11.:45，11点就送过来，是不是故意的。
5133,0,"其实还没到,但是不想等了,总之应该不会再选择这家店了"
8339,0,太慢了太慢了太慢了……
4171,0,1个半小时才送到，可想而知饭菜已经凉了！凉凉的！！
9955,0,味道还好，饭太硬饭太硬
11067,0,11点半送，12点才送到！
4547,0,还是可以，希望^_^能按时送到就更好了
7261,0,下次一定不定了，什么都没有，换的黑森蛋糕根本就不是，以为大家没吃过是吧。
7921,0,菜量还不错，就是土豆丝炒鸡蛋基本没味儿。锅贴做的也和一般店里锅贴不一样…油大…
6033,0,味道不错，送餐太慢，隔着一个马路竟然要1个小时才送到
10568,0,在我要求下没给我发票.酱油炒饭也没按要求做无味.酸菜鱼还撒了.相当的差
9162,0,1个小时才到，菜都不能吃了
5273,0,十点十五下的单，下午一点才收到，中途催单两次无果，打商家电话竟然故意不接听！！再次拨打过去就占线！！卷饼也越做越差！。。。
9251,0,几乎只有蛋
4452,0,包装很精致，可是等了近两个小时才送到！
5572,0,味道一般，图片显示好多菜，其实菜不多，大部分都是洋葱，有点失望。
6165,0,商家距离近，但速度太慢，饼子都凉了。
5315,0,包装很精美，卷饼味道很棒！我喜欢！
6235,0,太差劲了，12：50下单，14：15才收到，你们是去现买鸡不成，最受不了的是，连一次性筷子都不给，是让客人吃手抓饭吗？
10453,0,牛肉炒乌冬请问是细面条吗，牛肉超难嚼，差评！再也不会点了
4573,0,一般吧，饼不好吃
6939,0,调味料的味道太浓了，不是很喜欢
6233,0,送的可乐没给
9589,0,菜没味道，米饭也很难吃，
9187,0,送到速度慢，菜一般
5672,0,确定再也不会从网上订餐了
7225,0,小炒肉不错，还得说一句他家宫爆鸡丁太难吃，甜的齁死人
11336,0,我的电话打不通，不知道为什么
9680,0,量太少，大酱汤套餐真心不值！一份汤，一碗米饭，一盘咸菜竟然那么贵，没尝出好吃来，一般吧
8383,0,"服务态度很好,可是我打开饭盒,发现跟我看到的图片里面的东西完全不一样,这个菜我不喜欢吃啊"
5471,0,"时间太长,卷没有kfc的好吃"
10366,0,鸡翅一咬里面全是血。玉米还是不错的，其他都一般
4686,0,卷饼和香肠那么粗，严重忽悠人啊！~
6483,0,"今日的米饭,半生不熟，差评"
10447,0,送的很慢送来的时候凉了
6583,0,送餐太慢太慢了～菜品还可以～
7060,0,盒子好像倒了，饭撒了……
11769,0,未按照约定时间送达
10802,0,下午1点送到的，面都坨了。没有吃
4078,0,稀烂的东西，我吃饭是为什么，我叫外卖是为什么，以后都不会定了，艹
8081,0,我备注要的番茄酱呢！！！！！！！！！
10119,0,饭都是凉的，饮料是热的
8107,0,实物与照片差距太大！！
5946,0,煎饼果子放沙拉，真是享受不了
9202,0,"说了好几次，米饭就是不给多来点儿！这服务真是够呛,你们一点儿都不看留言吗，那还要就要有个毛用"
11761,0,下单确认后一刻钟才被告知没法做，我也没辙了…
11664,0,坦白说，饭菜挺好吃的。但是送餐太慢了，快2个小时才送到，送餐员也不容易。希望能多些送餐员配送。因为送餐时间太长非常影响用户体验！
8387,0,"不是不体谅送餐人员,但是不能到就别预计早的时间,晚半个小时下面行程都耽误了"
4998,0,一个半小时才到～太耽误事情了
6115,0,送餐严重迟到，饮料没有吸管，煎饼已经凉了
4568,0,"送餐慢就不说了,八宝菜里还有石块,硌得牙疼好几天"
9387,0,一次比一次体验不好，且不说送餐时间延长，其中一个菜真的不知道是用什么油炒出来的，味道实在不敢恭维。如果不打算做外卖店家可以不接单的，但是接了却做成这样，确实让人没信心继续再定了。
9797,0,"东西弄得太脏了,还难吃"
6238,0,菜的味道实在不怎么样
6677,0,配送师傅很好，但咖啡也太坑爹了，只有对半杯且我要的奶油也没有。。。。无语
5642,0,最难吃的外卖之一
10150,0,鸡蛋羹没有，但是汤里有个煎蛋。水标签写着蓝莓汁但是送了一个mini雪碧。
4231,0,商务十点半左右定的餐，到下午两点了还没送到。打电话取消订单了，为什么是“订单已完成”而且没退钱？
6373,0,"虽然百度团购便宜，但是真的不差几块钱！经常定各种外面，头一次是自己下楼取餐，那既然出门了就不如饭店吃了，为什么要定外卖？,出门取餐前还以为配送餐多，不方便上楼，自己就从六楼下去了，结果就我这一份外买，第一次经历这样的外卖。不省心不省时不省力，不知道店家是怎样理解外卖的宗旨的。"
11593,0,一个半小时才送到，催单态度还不好！
8721,0,"为什么不给餐具？,洒的到处汤汤水水的"
5039,0,饭菜真差，一个半小时才送到，送餐员人还不错
10069,0,"关东煮送来的时侯,里面都没汤了,筷子和勺子,都被汤浸泡了"
10015,0,"从订餐到送餐送3个多小时,一帮人饿的晕头转向,大酱汤洒得一干二净,送餐的师傅找不到楼单元门,还不带零钱,饭菜味道也一般,再也不会订了!!!"
7257,0,"送货小哥人很好，只是送过来的咖啡我想说你们做的咖啡里是忘记加咖啡了吗？还是巧克力不要钱？完全和热巧克巧一个味道…,真是惨痛的经历。"
8878,0,外送员一直在抽烟，不送到大厦门口而是停在马路边等客人自己走过去拿。
5358,0,"两个小时才送到,送餐态度还特别差"
6612,0,菜品做的也就那样，水果沙拉基本上都是梨，汤没味，感觉像是前一天剩的又加水煮的。
7520,0,送餐速度太慢，下次不会再买了！
11548,0,"接电话服务员态度很恶劣,语气很差,说我们太远,下次不要在订餐时间叫餐,都在别人不吃饭的时候点餐,在她家点餐的朋友慎重,一般两个半小时送达"
7040,0,送餐不送筷子也是醉了让人怎么吃啊!!!!!有负分吗？
6862,0,送到了已经凉了...
7847,0,京酱肉丝和软炸鲜蘑整个是两道咸菜，没少喝水！
9469,0,"一直都点你家饺子,觉得味道很好，但是今天居然给我送错馅儿,我要吃茴香鸡蛋茴香鸡蛋，我点了两份茴香鸡蛋，你给我送两份素什锦干嘛！！！"
4942,0,上午订餐，两个半小时才送到
8166,0,菜品都捂了。全是哈气
5975,0,"2小时才吃到饭,醉了"
11459,0,怎么送的，菜都被压出来了
7318,0,咖啡杯漏了
4773,0,感觉太干了，不喜欢
8037,0,1:52下订单，四点半都没有送到。真是太无语了。外送的人说撒在路上了
11581,0,以前的优惠已不再
8265,0,"还好吧,送餐特别快,花蛤好吃,爪子不好吃"
4776,0,"饼是馊的,肉是臭的,还能在恶心点吗？,在百度订餐,头一次碰到这样的"
6185,0,肉煎得太老了，芹菜没入味，就剩点辣椒还能吃。新换的厨师真心不怎么着。
9802,0,对外卖员的态度很不满，而且送餐连餐具都没有，一饭一汤拿手喝啊
6886,0,等了半小时打电话催单，客服说帮我催，结果在正好一个小时的时候打电话说没有那种药，希望能调一下，多大的店找个退热贴要一个小时
11583,0,"店里马上放假人手不足，等了一个半小时，终于送来了。,不过菜做的都比较咸，原来配的圆白菜没有了……换成了类似腐竹细丝但不能确定是什么的东西……还不如圆白菜爽口,红烧鱼块淀粉较多"
8725,0,一个小时送到，而且没给筷子！！从来没吃过稀了巴西的布丁！不是第一次在这家订饭了，这次非常糟糕！
6204,0,垃圾，我们在住院，居然不给带餐具
5084,0,超级难吃，速度和包装倒是不错，不知卷饼怎么做成这样
11866,0,这次太慢了
9371,0,菜做的一般吧
5916,0,"土豆丝卷小了一倍,送餐速度巨慢,而且距离很近很近"
9607,0,送的挺快、饭量有些少
7373,0,"太差了,没有诚意,没有吸管怎么喝"
10518,0,评价前始终没有收到晚餐。很差劲的外送员
8919,0,订了6样东西，送过来3，下回不定了
4827,0,"太慢了,等了1个半小时"
4340,0,"完全不值这个价,一个素菜卷饼15,里面就两根土豆几块洋葱,饼倒是挺大。,再也不来了"
7731,0,粥不怎么样，少不说味道也不咋的，卖的还贵，饼还可以！
6729,0,鸡排少了你敢信？被翻的乱七八糟
4745,0,没吃过这么难吃的东西
4604,0,慢的要死，一点也不好吃！死贵！
11396,0,鸡蛋挺多，海带丝好吃，米饭不错。但是，送货时间太长了，两个小时才送到，打客服电话竟然是空号，简直无语。
10561,0,西红柿炖牛腩千万不要点，一个超大的打包桶，满满一桶西红柿啊，一共就五小块牛肉，这菜要43，我花43买袋牛肉干也比这个菜多好多
7017,0,量很少。送餐二逼
4446,0,太辣了，送餐速度慢了点，等了两小时
5147,0,不太喜欢这个盖饭，还是卷饼比较好吃
6209,0,"首先外卖人员非常辛苦，服务态度也非常好！！最想说的是宫保鸡丁根本就是宫爆花生米，就算是外卖也是眉州东坡的外卖，就算是在忙材料也是切好炒的吧,不是我夸张，一盒菜里我就吃了不到10块鸡丁就全是花生米了，你这也太过分了，外卖就是这样糊弄消费者吗，我再也不会订你家的东西了，并且我的朋友们我也会告诉她们不要订你家外卖，因为这是你们对消费者的不尊重，更是对辛苦送外卖的工作人员的不尊重！！真是败了眉州东坡这个品牌的名誉！！"
9047,0,快递员不愿意送货上门，让我去楼下的某个铁门里取，请问我还付快递费干嘛
7958,0,没有在店里的好吃
5938,0,红油抄手所有的红油都在盒子外面！煎饼也是包装纸袋开口朝下，三分之一煎饼倒扣在外卖袋中！咱能包装时认真点么？
10454,0,味道一般，不是很正宗。
5941,0,备注了11：30送到，又提前半个多小时就送来了
11836,0,人太多就比较慢了，历时两个小时才到
9596,0,米饭再多一点，就更好了。
11083,0,太慢了，我等了快一个小时，下单时候说明我很赶时间，还是很慢，下次得早点定
11304,0,烤肠没给我送！
4222,0,电话没人接，至少迟送了4个小时，以后再也不会买了！幸亏不特别饿，要不会饿死！！！
7960,0,少一根烤肠
4616,0,送餐送了两个小时！都凉了！
9766,0,很难吃，特别咸，米饭也不是用砂锅做的那种，很失望
8241,0,送错，点的意式荤劲十足爆牛堡。给我送一个什么双层煲。嚓
5464,0,粥一般，饼很大，卷的肉不太香，肉皮上还有毛。
7656,0,一直钟爱宏状元家的皮蛋瘦肉粥，今天在医院输液人不舒服，突然想喝粥，虽然就10分钟的路程，却去不了店里，毫不犹豫下了单。结果真是大跌眼镜、大失所望，11:20下单，商家接单预计12:20送达，等啊等，等了又等，终于在13:15送到。过程中多次催单，商家毫不理会，联系百度客服却又不让取消订单，就这么让一个病人等了足足2小时，才喝上一碗温突突的粥，真是心都凉了，只能差评！
11927,0,关于送餐，速度我已经无力吐槽了！！！一个半小时，一个半小时，一个半小时……
4097,0,除了鸡腿吃完了豆皮和面全吃两口扔了。
8692,0,吃个凉拌土豆丝我还吃出个小虫子
11441,0,太慢。。。1个半小时才送到。
5486,0,送餐时间太长了。。。。
4627,0,个人觉得很难吃，饼太厚，说好的肘子肉其实是些很糟的瘦肉丁儿，量的话2分肉8分青辣椒吧。吃完就闹肚子了=_=！
10943,0,米饭很硬很硬！菜比较油，菜量小，米饭多。
9809,0,首先送餐晚了！正一味的量比去店吃少了很多！饭也少！
5982,0,等待80分钟，没有超时赔付，鄙视
9331,0,"太慢了,1.10才送到"
6061,0,"味道一般,个人感觉猪蹄应该给切一下吧"
4080,0,大差评，米饭是什么啊，是剩了3天的吗，餐饮行业这么坑，真没人性，直接扔了
10651,0,5块钱藕片4片老板说分薄后来决定的，第一次听过
7019,0,差评！无力吐槽！
8573,0,送的太慢了。味道还可以
4199,0,与图片相差大，注明不要辣还做那么辣！
5963,0,豆腐脑好吃，这款煎饼有点儿怪
10315,0,今天慢了一些，其他都还好
10441,0,没有在店里吃的味道好
7025,0,"太少了。。。根本没吃饱,20元才12个饺子。。。"
5943,0,送了一个多小时
9373,0,我要的是夏日麻酱牛筋面，结果送的凉皮。。。。。。。
11482,0,"中午点的少给我饮料,下午点的少给我广味烤肠,备注补给中午的饮料也没给,我真是无语了，估计投诉百度外卖也不会理我吧"
5640,0,味道一般吧~而且吃出一根头发！！
11529,0,太慢，等了一个小时
7138,0,两个小时才送到。说话说一半挂我电话！半价赔付也完全没有！什么鬼！汤还洒了！
5056,0,"送餐太慢,是不是因为用了优惠卷,只花了4元就最后给我送啊～,还没吃呢,等的太久,都没胃口了"
6248,0,等了4个多小时，餐都没到，最后还把我的餐都送到别人那了，真不知道怎么看的地址，还好送餐员不错，要不今天中午就等着挨饿吧
6980,0,咋的跟饿了吗不一样的名，坑爹
7336,0,迟到了半个小时，星巴克没有吸管！！说了要发票也没有！体验很差！！
9255,0,花生不是很香。包菜炒糊了。味道还好
7861,0,菜都是凉的，一股腥味，再也不会订了
6077,0,饮料洒了一半在袋子里，连吸管都没有，豆腐脑盖子上也全是油，煎饼因为太久捂在袋子里完全不能吃了，失败的一次订单~
9322,0,"6月16晚五点半,下单手机18810547705。根本就没给送，我就想知道你们给不给个解释。外卖被你们吃了？"
4456,0,菜量非常少，是给小孩准备的吗？？
8363,0,没有带发票
5703,0,"卷饼里面建议放点酱之类,那样应该会更好吃"
10467,0,这么难吃的饭居然能卖25！！！
10452,0,"菜量少,没肉！就是酱拌饭！20块钱坑爹的！"
6903,0,花钱了，少给我个饮料，也不知道退钱
10976,0,俩小时没人送，电话打不通
10170,0,经常取消订单无法配送
8906,0,一般，大家评价都不是很好，没店里吃的新鲜。尤其是拌饭，蘑菇鱼都是罐头。
5580,0,"有点慢,送来都凉了,而且也不太好吃"
11277,0,"猪蹄每次大小不一致而且太肥过于油腻,配菜应该是海带丝,所以整体一般希望改进"
7708,0,"我去一份,西红柿炖牛腩并不便宜,就那么一点点？,我特么还不如下去吃,靠"
11822,0,明明卤香鸡腿17元送到后19元，而且鸡腿上有头发。
8565,0,"太难吃,说是20元的,赶不上10元的盒饭好吃,百度给我们出的钱让他赚去了,绝对不会吃第二次的,差评！"
10392,0,敢送餐具吗？敢送餐具吗？用手抓着吃吗？我还问了是不是齐全了，硬气的回答我齐全了。不给餐巾纸不说什么，不给勺也不说什么，中国人都使用的筷子呢？我们是在中国好吗？！顿时无语…
5102,0,总是不能按时到
5433,0,13:20多才送到，呵呵嗒，强烈要求自取！！
6708,0,配送要一个多小时，送到都凉了，咖喱也弄的哪里都是，烦死了。
5898,0,特别难吃，真的很难吃，不如街边五块钱的
4608,0,拿到手的时候是凉的，感觉一点儿都不好吃。就是山东的煎饼，卷上煮熟的肉。
5037,0,肘子就是几块猪肉，光有情怀有啥用~
6498,0,要的柠檬茶给我弄成银耳汤，还全撒所料带里了，怎么喝
6447,0,蛋挞稀的，没烤好全洒在塑料包装上了
4974,0,不如昨天的，今天鸡肉太老，饼都干硬了，吃完牙都疼了
11224,0,2个小时能送到吗？？？？？？
6503,0,送餐慢，不过好吃。
11175,0,饼快坏了，这次特别不好吃
9597,0,排骨也就六七块，牛肉羹看不见牛肉，搞活动可以吃吃，因为便宜，不搞活动还是算了吧！还不如吃个盖饭
6625,0,餐不错，速度慢
5842,0,送餐超时太多，要求要了发票，但发票没给！
11039,0,食物还好，送餐太慢了，而且还给送错了。
9578,0,炸花生米量大，但发干。肉夹馍肉多，但馍硬。蛋炒饭火候不错，但油大。总体都还行，但又都欠那么一点。
6389,0,汤送错了！送的海带汤！
7839,0,我要的是冰咖啡，给我送来热的
4190,0,"非常差！速度差！饼拿来全凉的！！还弄在锡纸里面,你让我跟公司怎么热！！！！送了3个小时!！送餐员说餐多，这是什么他妈屁理由！谁尼玛让你接这么多的!!若是分配给你,你送不了就别送！!路不好走，路不好走是事实,但需要走你妈3个小时吗！！！！！？差评差评！！！媒体曝光！等着的,没完！！！！"
6689,0,配送又慢，而且永远都送错地方，看不懂中国字！
6413,0,"两块腰子还没一块鱼豆腐大,太坑人了15块钱花的"
5674,0,"送餐员非常不用心！！！！,13：15到的订单，11：45就到了。好心收了吧，发现塑料袋直接就堆在地上了，人直愣愣的站在地上！不说卫生的问题，没有恒温包装，你吃凉的饭吗？！,从来没有这样的经历，感觉你真的不配做这个工作！！,对送餐员非常不满意！！！,如果送餐员是百度的，我要考虑换app,如果是商家的，再好吃也不订了！"
10368,0,量少的可怜！味道也不怎样。集体说以后可以不考虑吃
5781,0,"馋嘴蛙太难吃了,想退退不了,根本不是馋嘴蛙的味儿,牛蛙柴死了,肯定是死了"
6446,0,不合我的口味，披萨的香辛料太多，奶油培根面放胡椒我不喜欢吃，总体味道太重。
8193,0,食品已经挤烂了。1个半小时送到。
7126,0,菜量太小，送到都已经凉掉了
4250,0,送了快2个小时。。。
9015,0,"冷面太甜了,有点吃不惯"
10708,0,凉皮里面就一点辣椒，其它什么料也没有，超难吃，油条和鸡翅不像好油炸的，看着没食欲，下次在也不订这家餐了！
5339,0,幸好有一瓶老干妈来拯救这份饭。肉少，米饭就跟泡水里一样。
7347,0,时间有点长，所以化了！
7815,0,我要求抹茶拿铁不加糖，为什么还是加糖！
5997,0,两份套餐只给了一份小菜
5302,0,没有那个肘子得好吃
7894,0,菜过于油腻，而是前几天直接去店里，对服务很失望！
10493,0,系统计时太不诚实了，原定12:35送到，实际1:05到的，足足晚了30分钟！送餐员说晚了会自动给我五折，也没有退款，还显示12:29送到的，太搞了吧！因为是头一次碰到这种事，本想还是给五星的，一看到送达时间实在是受不了，这不是欺骗消费者嘛！
8259,0,一多半是空壳！怀疑把吃剩下的给我了
8675,0,量给的太少了，以前都还凑活，今天的菜只有小半盒，连以前一半的量都不到，经常订你家的还这样，要是无法保证质量，以后只能换其他外卖了。
11174,0,外卖员很差外卖员很差外卖员很差
4820,0,南瓜粥凉了，鸡肉卷有点腻人，建议加些番茄酱。
9784,0,"一点都不好吃,而且很难吃"
6385,0,很难吃，而且汤洒了一袋子
11716,0,味道可以。
11282,0,第一次点怎么这么与图片不符合呢，鸡蛋没有，饮料没有，赠饮是整个外卖的活动吧，套餐本来的饮料呢
11814,0,店子不错，但这个菜量太小，不值！
10789,0,不知道是哪家魏家凉皮，味道不一样，馍也不脆
8851,0,肝有点味不对了，倒了
6332,0,1个多小时才到，还没有带酱包……味道还不错
5413,0,两个半小时，不是一般慢啊
9713,0,送餐人员素质太差，不适合本工作
6076,0,和之前网友待遇一样：送餐慢；煎饼软塌不能吃；饮料外撒。
6053,0,南瓜粥已经酸了，天气热，应该注意食物保鲜啊...
9281,0,不好吃，还晚时！
7452,0,"送餐不准时,说是12点18送到结果我多等了半个小时还是大了两遍催单电话的结果打电话去投诉说给我回电话就没信了送的餐除了饭还有点余温剩下的都凉了皮皮的没法吃"
10060,0,咖喱鸡肉！确实鸡肉，只是凉的熟鸡肉放在咖喱里就算咖喱鸡肉么？并且鸡肉还是黑椒鸡肉！我从来不知道咖喱鸡肉是如此做法，难吃到极点！水了吧唧，没滋淡味，全部扔掉了！
5348,0,太他妈慢了
8034,0,点一份就不给送，每次都是。。
8061,0,脆皮蛋卷没放！！！
4618,0,"花了一个半小时才送到,肘子卷挺一般的,皮蛋粥也不怎么样,第二天早上还拉肚子了,不会再买了"
6215,0,什么味没有，不怎么样
6962,0,豆角排骨怎么有点辣，本来是打算给小孩吃的。。速度很快，下次试试别的
7081,0,99分钟送到，饭是量的，咖喱都洒出来了，丸子超难吃，有股怪味。。。总之很糟糕。。。
9939,0,要的煎蛋给的可乐，菜和饭全都在一起
5506,0,"真是宇宙那头送来的卷饼，足足两个小时。,哎，天气原因，也是醉了"
9707,0,好慢，差一点就超时能打五折了
4069,0,鸡肉荤死了！难吃，太难吃了！
8038,0,"牛蛙是58元一块,跟青岛的龙虾一样！百度外卖要火啦！"
9500,0,"等了将近三个小时,饺子已经凉透了"
9103,0,土豆丝很难吃
6273,0,贵！抄手量太少了，就8个小小抄手
5419,0,差评，太慢了
8068,0,又贵又不好吃，也不大
10982,0,请关注送餐时间
8746,0,难吃到爆！这家店的菜品完全有失牛炖的水准，如果由于地址的限制只能在这家点餐，那么将义无反顾放弃牛炖！
4609,0,两个小时才到
8361,0,迟到半小时，没有电话。取消订单强行送来
5023,0,还可以，附赠了手套和纸巾
11609,0,"10点订的外卖,12点40送到,呵呵呵,这种外卖店还好意思送外卖我也是笑了,11点40打电话告诉我早出发了,12点10分打电话告诉我等等,12点45送到了你觉得我还要么？,电话服务是这样的,她说“你还要外卖么？不要我就挂电话了”,就这种服务态度,真不知道是怎么好意思做服务业的"
11771,0,生生把中午饭送到了下午，将近2个小时，而且不止一两次，每次给机会，每次都如此，走路过去不到十分钟的事！等电梯的2分钟都要打电话催，一碗汤不如叫一口汤好了。差评，以后再也不订了。
9694,0,"服务垃圾,非常不到位"
8309,0,速度快，味道一般
5168,0,少，皮厚，果然只值一块
7647,0,所有菜都有辣椒，有点受不了
6001,0,垃圾中的垃圾，送餐慢，催单根本没用，催了三次根本没人理，打电话过去也一样，取消订单也不见有反应，怎么有这么无耻的商家！！！
9575,0,"送餐人员智商为0,气死人不偿命啊"
10510,0,一个多小时送到，面他妈都坨了，
11942,0,少一个卤蛋
5902,0,不想说啥了。。送餐还没到，网上就显示完成了，害得我们等了好久
6132,0,煎饼很一般，没什么亮点
6515,0,土豆泥是酸的，不知道是不是本身就这个味道。
10398,0,"觉得不是很好吃,略咸蛋"
5117,0,再也不定了。
5474,0,真难吃，肉上还有毛
10806,0,我居然还买了第二次
7016,0,一份饺子12个，有三个里面带蟑螂，恶心死了，卫生是得多差啊
9915,0,份量少了一半吧
4173,0,我能说订你家餐都送餐超时吗？我也是醉了
7549,0,酸辣粉太一般，不算好吃
5740,0,没有收到货，该退款的吧
10097,0,太恶心难吃了，明明是馅饼，说是什么西餐
8440,0,"我真的真的希望你们能把肥肉和海带这个菜去掉,一口都吃不下去"
8044,0,真是烧饼啊……上面啥都没，怪不得没配图呢！！！
6000,0,送餐太慢了等了2小时，12点40订的，快2点40才送来，真是无语，都下午了，什么也不想吃了
7137,0,"1、餐盒好看不方便，不折离嘴老远，折一下一手油。你们不考虑实用性么？,2、少放油，少放油，少放油（重要的事情说3遍）送个清炒时蔬一盒底全是油。,3、特价雪梨一分钱，选完了结算还是按照8元算，优惠有毛用？"
8092,0,薯霸王还没有中暑给得多！！！简直就是骗子！！！！大骗子！！！
6988,0,"送的确实有点晚了,等了一个多小时,但外卖小哥特意打电话说明了,送来的时候饭也是热的,依旧给好评"
11829,0,太慢啦！实在难以忍受
4682,0,肉很足，味道还行，就是送的实在太慢了，等了两个多小时，到的时候菜都凉了。
6567,0,送餐比预定晚了50分钟，耽误事儿！
5374,0,漏了，漏了，漏了
7111,0,经常订他家的菜，但是这次酸豆角没洗干净，农家小炒肉的肉一股很恶心的味道！太失望了
11132,0,红烧肉里有沙子，配送还把汤倒出来了
4261,0,肘子的那个吃后拉肚子了，孜然肌肉的还不错
7264,0,餐品送錯，告知也不理睬，不負責任
8933,0,饭都凉透了，味道特别难吃
7034,0,今天有点慢哦
8276,0,送餐速度特快，一个多小时才到，菜的分量很大，夹两口就吃完了，菜的口味非常好，吃一口就不想再吃了。最可恶的地是点了份20的菜，告诉我没这个菜了，餐到了后，快递员竟然只退我18
6634,0,送餐晚了一小时、6寸的披萨不如9寸的料实在、味道还行吧
11329,0,送外卖的啥态度？打电话五分钟下楼拿他就走了，然后再打说让我再等十分钟
4281,0,卷饼和粥送到都已经凉透了
9502,0,味道不错，有点小贵
10077,0,真无语了，我写别忘辣酱有什么意义么？
5190,0,好吃是好吃！10点定的11点半送餐！最后都13点了才吃上！真是够了！可是挺好吃的！量还算不错！
8943,0,"饭送来都凉勒，一点都不好吃，,而且牛肉咖喱里面竟然有羊肉，我也是呵呵哒了"
9693,0,越做越难吃！还贵的要死
5859,0,"外卖员太差劲了。,速度慢，,豆浆还没给我。"
11510,0,番茄贡丸豆花米线以后请叫番茄贡丸米线，好吧？！想给零分差评！！！
6586,0,虽说送餐的是新来的，但是2个小时才送来也是醉了……
10112,0,最难吃的一家
11269,0,我还以为是小块排骨，没想到都是肉末，看着就没胃口了。这是我对小渝府唯一一道不满意的菜！
9893,0,味道太难吃了这外卖！
8523,0,送餐极慢！
11461,0,没有赠送，250ml统一多彩饮料（软装）1份
9636,0,榴莲只有一点，推荐烘焙工坊
10013,0,挺好哒。米饭很足。很容易饱。
10394,0,里边就两片肉、一个蛋其余的全是辣白菜！没得吃
5378,0,肘子比较肥
11112,0,"等了快2个小时了,你们就不能提速,多派几个人送吗,差评！"
11371,0,"四喜丸子一点也不好吃,鸡蛋西红柿太咸"
5510,0,肉好肥，等了一个半小时都凉了，所以肥肉很腻。
6721,0,时间送错了，宫保鸡丁饭比较好吃
4885,0,太咸了，粥太贵了！
8765,0,"东西不错,又把发票忘了"
5639,0,"今天的没之前好吃了,不知道是不是因为凉了,皮也厚了,味也不好了"
11442,0,等了两个多小时，虽然下雨，平时走路十分钟就到的距离。催了两次，根本就没给查，送来都是凉的。
5609,0,香菇鸡肉卷饼不好吃。。。
11246,0,汤汤水水的，里面啥乱七八糟的都有。还有一个烧烤的啥呢？！
9626,0,应该16点30送到，结果19点多才给我送来！打电话给客服给我个号码让我自己跟配送员联系。配送员态度更恶劣，自己按不响门铃还对我说“快点快点”让我自己出去拿蛋糕！什么玩意儿，再也不会到这家店来买了！
5973,0,"能让我写评价的店也就你黄太吉了,上次一次点的时候,都付款了还给我取消了,也没有电话告诉我,这次第二次点,心想好歹尝一次,就在家门口对面,走路过来也就七八分钟以内,结果等了一个多小时不说,东西的味道我也是不想多说了,我真不是个挑食的人,再也不会叫了"
9826,0,我约了11-45送餐，也不知道你们怎么看的十点多配送员就去了餐厅，我打电话说11-45送到，结果11点配送员取了餐满大街的跑送别的，坚持到了11-35给我送来了，我想说饭都凉的没法吃了！还特别难吃
5234,0,粥盒都烂了，粥全撒出来了
7125,0,菜汤全洒了出来，全是油
8847,0,"太差了！配送员把饭都撒包装袋里了,还好意思收配送费,无语了"
4398,0,"好吃,包装也很好"
4789,0,最崩溃的是时间，近两小时才到，伤不起，味道不难吃，牛肉吃出京酱肉丝的感觉，量中等
4073,0,鱼头感觉米以前多了，虾感觉有点不大新鲜。
10134,0,这是石板烤牛肉，还是tm的石板烤粉丝？还不地拌饭的量大！失望至极！
8533,0,不错，服务很好
4234,0,"没有勺子,配送好慢,手套少一只,恩"
10922,0,"孜然鸡丁饭没有上次好吃,而且还提价了一块钱,宫保鸡丁一般"
7601,0,不怎么样，真的不怎么样。
6471,0,比配送时间迟了两个小时也就算了，法式焦糖布丁，送的是沙拉，送的沙拉也就算了，没打开盖就送到一跟头发，和一个发霉的点，还有一块坏的水果。太差了
7922,0,鱼送来凉了，有腥味，份量还少，没得吃
6333,0,草泥马，什么玩意这是，是饭么。坑爹呀
5178,0,口感真心一般，下次不买了
8269,0,菜品做的不好
4769,0,两个小时才送来，卷饼味道还行，粥还不如早点摊的，没有皮蛋没有瘦肉，粥也没味道。冲着卷饼给两星吧。
9991,0,"非常差的一家，配送时间很长，打电话催了三次餐才到,，耽误我下午上班。和配送员反聩时他竟然理直气壮的说他11点半才上班,不关他的事,。既然这样网站上就不要让消费者可以选择11点半之前配送！！！！"
8477,0,太难吃了！就算减价了都觉得不值！还收了3元派送费！以后再也不会来
8270,0,花蛤和嗦螺里面有沙，没弄干净，味道也怪怪的，不知道食材是不是新鲜的
5405,0,10点下的单，要求11:45送过来，结果12:45才送到，中间催单两次没反应，打400也打不通。快递小哥很朴实，12点多才拿到饭，然后风风火火爬步行梯到15层送过来，辛苦了，但餐厅做饭也太晚了吧！！！粥和肉卷味道都非常一般，等的快饿死了
7514,0,送餐时间耽误好久，都凉了！很难吃
11178,0,我备注了不要放肉沫，，那肉沫还是放了，放了那么多，
9497,0,餐品送错了，订的茴香猪肉，送来的却是猪肉大葱
4842,0,卷饼有点辣…倒是挺刺激的，蛮好吃～南瓜粥比较一般。送餐实在是慢！上一次就是因为慢取消了，这次还是超慢，而且也没有取餐送餐的状态，让人心里没底，希望改进吧！
11711,0,此单根本没有送达，打电话过去说没有做，都快两小时了，你告诉我没有做？垃圾垃圾。百度竟然还确认送到了，岂止是垃圾，简直就是垃圾
11503,0,"21的至尊肥牛套餐,居然连饮料都没有,着实被图片坑伤"
10720,0,从取餐到送到花的时间太长，关键只有两公里的路，送到面都不能吃了。
9899,0,可能是距离较远，饭到了已经凉了，辛苦了
6420,0,"送餐的一个多小时才来,太慢了"
8443,0,真心难吃啊
9743,0,"谢谢送餐员,石锅拌饭,原来是拌好的,从来没吃过拌好的石锅呢,套餐就送了一个酱花生,和可乐,不太好吃"
5656,0,太甜了，像鱼香肉丝
11382,0,今天的菜品不太好，像是中午剩的，量也没平时足！
9325,0,土豆丝这个菜做的还得继续改进
4614,0,飘香肘子凉了而且味道不太好…酱香还行
6952,0,菜品还行，配送实在是差的要命，东西弄翻了，骨头里的酱汤弄的那都是，油乎乎的，韭菜盒子被压的馅全都出来了，变成两张面皮和散了一袋子韭菜陷，还有打包的米饭也都被油汤给泡了。配送成这样，还是百度自己配送的，实在令人失望！
6509,0,味道还不错，但是，真的有6寸吗，目测只有4寸。。。。4寸好吗，根本吃不饱
8932,0,肥牛一股羊肉味，真是肥，吃恶心了…面基本没味儿！
10397,0,真心贵了，不值这个价
8560,0,20的套餐，4个菜，还行吧。
4401,0,"走路十分钟就到，结果我疯了一个半小时才送到,，,饼还不熟"
5710,0,口味一般吧，感觉饼不是很新鲜。吃不太习惯。
5438,0,预计11：30到达的，12：35才送，那也就算了，质量也不如以前了，面皮是有点生。
9049,0,外卖的菜品质量实在无法接受
8760,0,"速度太慢了,又没小票又没发票的"
10100,0,太慢了，打电话催单手机还关机，两个小时才送来
7737,0,"状元粥没什么内容,偏咸"
10472,0,没有肉→_→
6187,0,打包也太差了吧！粥是直接倒在口袋里打包的吗？那还要餐盒干嘛
9688,0,冷的，米饭硬，吃的肚子不舒服
10476,0,说实话嘛，真的比较失望，芝士年糕我以为是外面卖的那种，年糕里面裹着芝士，但其实只是普通年糕放在芝士酱里。其他菜品就不一一点评了吧，觉得不值这个价钱。
7084,0,等了一百多分钟后告诉所点菜品没有了，让换其他的，服务跟不上就别承诺四十分钟送达，送不过来至少提前说，而不是一遍遍的打热线电话还打不进去，什么服务态度，让人饿着等到两点，太气人
4677,0,菜太少了，饼有点厚，酱汁味道浅
7849,0,溜肉段都是面粉，地三鲜的油比菜多
9879,0,"石锅拌饭必须用石锅吃,其它的饭也必须趁热,外卖送过来很难吃"
4093,0,吃出苍蝇和虫子了、恶心
10093,0,味道一般，速度挺快
6304,0,太TM难吃了！一个多小时不送，还跟我说早送了，问我地址是不写错了，SB！
11505,0,"我真服了,呵"
10484,0,米饭给的不够整盒！半盒都不到！真够孙子的！烤鸭到了以后都没法吃了！唔得太严了！劝大家以后别点了～
10916,0,有点辣，送餐慢！
11077,0,挺好，评分给的低就是针对服务态度，接线员工态度太差。建议以后订餐能等就等，别打人家电话催单
5945,0,还没收到！根本联系不上！
9892,0,等了2个小时依然未送到。打电话也基本打不进去。你们如果没这个功夫就别参加百度外面呀？浪费消费者时间可耻可恶没人性无职业道德的垃圾食品
10434,0,一个小时才送到，太慢了
7193,0,锅包肉巨难吃，不知道拿什么做的包粉。甜的发齁还掉渣儿。。。
4336,0,"坦白说没什么味道,就是肉和饼"
7845,0,金手勺你家血肠我特别喜欢吃，可是你居然没有单份的了，我恨你
7409,0,…要的奶盖格雷没有奶盖…跟上次喝的奶盖格雷不一样…
8700,0,锅贴里葱太多了
11536,0,"送饭的人都是脑残吗,能不能找个智商高点的来"
11960,0,粉很好吃，就是配送员找不到位置还一直埋怨，送来时已经坨了！
9486,0,2小时送到，不知道为什么，催了无数次
10932,0,估计是人太多了吧，很晚才送到。
4471,0,太难吃了，不知道怎么搞出来的销量
5483,0,粥尚可，饼一般
8789,0,继续没有清河店好，不理解。味道差巨太大了。下次不再光顾
11247,0,骗人的，那么难吃，还卖那么贵，根本不值，米线就是方便面调料加菜，不信的话可以试试
5065,0,外卖不错就是运送速度晚了差不多2个小时你敢信？！！
7181,0,送达了？送哪去了，已经是第二次了。你们搞什么啊？浪费我的一份订单？要是不想做生意就别开了。
5045,0,菜品没味道。。。周也是。。。。
10754,0,炸酱面沱了，没饭吃了
6955,0,糖醋里脊不是很好吃，因为没有交汁儿！水煮肉还行，总的来说量很大！
10915,0,垃圾，订了将近三个小时还没送到，电话打不通。
10053,0,东西太少了，不值30元
6300,0,没有以前好吃了，肉都坨在一起，不香，口感也不好。
9329,0,一般般，也就顶多值优惠过的价格！
6669,0,买了20块够起送价的东西，结果打电话过来说，到我这位置20送不了，得35，又临时坐地起价让我加东西，没办法就加了，东西送到了，汤一看就知道加了好多水，沙拉有股味道，炸鸡还可以。
11855,0,"还行把,就是饮料到的时候给挤坏了，都撒了。没喝几口"
9127,0,"太差了,麻辣烫就一点点菜,全部都是粉条子"
8973,0,"大酱汤和辣白菜五花肉饭蒜味真的太重了,吃着快吐了,少放点吧！桔梗特难吃。。"
4855,0,"送了好久才送到,看着办吧"
8140,0,"我要的霸王鸡条,可给我拿的是炫辣退保"
5918,0,外卖在哪呢！特么人间蒸发啦！太差了吧！等了一个小时没送到给我截单了！
9172,0,太咸了太难吃了太油了
7061,0,预定时12：40好像是，写13：33送达，快3点了我还没见到饭，也没人给我打电话。最后一姑娘敲门说这是你的餐吧，好像送错了送我那去了。我好无语啊！
8863,0,……不想多说，你懂的
6738,0,配送速度有点慢
6731,0,订餐这么久，第一次觉得送餐服务差到极点了，哎服了！
6885,0,要了两瓶只送了一瓶，回来才发现，客服打不通
8970,0,太咸了估计是饭少
6303,0,饭菜少到吃不饱！还不如吃不好的食堂！看来又可以用上美团和饿了吗来三选一！
10879,0,这次的排骨极其不新鲜！
4256,0,"就在路对面,送了一个快一个半小时,差评"
9861,0,冷面真不好吃啊！真的不好吃…：
8722,0,28块钱的皮蛋瘦肉粥，只有几根干巴巴的肉丝，还比不上早上街边两块五一杯的皮蛋瘦肉粥呢，商家居然好意思拿出来卖，人才。
8029,0,"量很少,一般"
4617,0,送餐很慢，饿死了，味道很一般
4957,0,饼有点硬，不好吃。
8169,0,汉堡王都一个味就不说了！我足足等了68分钟才收到！！！！！！预计13：15我13：48才收到！！快递真牛逼！还两分钟超时半价时候送来了！比西天取经还困难！这种速度凭什么送餐要收5块钱？？？？？？？
9925,0,牛肉汤不正宗哦
11497,0,送餐太慢，打电话摧态度比我硬
7049,0,最差的一次外卖体验，第一个订单被取消，第二个订单12：40下单，2点才送到。饺子已经冰冰凉。
6751,0,量少到想哭
9557,0,从没见过配送员之间要好评的。上来一张口就说给我个好评。凭什么呀。您的餐还没从餐箱里拿出来就要好评！就这服务！还没服务就要好评！凭什么！真差
10544,0,大盘鸡做的太差了
10252,0,七喜送过来就少半杯了！
5160,0,没有什么味道
11752,0,我的卤蛋没给。已经不是第一次少给东西了
9801,0,泡菜汤外送的量太少了
9505,0,味道一般，不做推荐
11760,0,必须差评了，配送的不知道怎么搞得，餐盒都放不好，牛肚里的红油流的满塑料袋都是，看着这恶心！烤肠被压在河粉下面，让红油给串喂了，太次了。
4464,0,就冲等了108分钟就要打差评....电话也占线.....
5508,0,订的南瓜粥怎么没送，改成了一个王老吉，也不打电话通知一声…今天北京下雨，等了两个半小时才送到，春卷都凉了…
8295,0,干锅千叶豆腐好吃。但是鱼香肉丝的生姜味也太重了！！！
7609,0,一个午饭能送到晚餐时间还没送到我也是醉了，还不能退单
4928,0,"还凑合，第一次吃，从下单到吃到饼花了2小时。太慢。,饼有些凉了，而且酱料有点少。馅料也有点少。"
11004,0,东西挺好，有点儿辣有点儿咸。送餐速度慢哭了。。。。。。
10910,0,一共就五六块牛筋，其他都是菜，菜量也不多，这好意思好称30的套餐。。送餐员不认路，隔100米就要让我自己下楼去拿，这也叫外卖？
4531,0,价格太贵不实惠，送餐时间相当慢
9379,0,"我说的不要辣，意思就是如果要加辣椒你就换成别的青菜，真是妈的辣死我了,，我有肠胃炎，不能吃辣，而且吃辣椒咳嗽。"
9227,0,反正等了两小时
11279,0,蛋花汤都馊了很恶心，土豆丝少的可怜
9577,0,煎蛋是糊的，而且不新鲜，糖醋里脊好腥啊
11908,0,光觉得辣了，绿豆沙也比较一般
4995,0,"口味还可以,就是送的有点慢..."
11354,0,送餐速度真是醉了
4800,0,味道什么的还不错，不过比预定的时间完了1个半小时左右吧，饿的有点胃疼……
8506,0,"就是米饭太少,没啥缺点"
8335,0,等超时好多，也没给发票。
10560,0,要求不放辣，土豆丝还是放了很多辣椒
9260,0,首先送餐速度奇慢~~催了2次，再次送餐人员态度差~还有菜的质量不太好~
4868,0,以前用烙饼卷的还好，现在是面皮了，反正我觉得不好吃
9697,0,给麻麻点的，她吃不习惯。
5687,0,"连续两次都不给筷子，还有,买了2盒王老吉,漏给我一盒-,-！算了吧,。"
4766,0,"都说了不要辣的,还给我来个辣的"
4023,0,价格太高，菜量太少
10218,0,味道跟餐厅吃差远了
6384,0,海藻跟没洗似的，咸的要死，除了咸没有任何味道，担担面也咸的要死，还是坨的，根本没法吃，全扔了！
7914,0,135分钟才送到，让我能说什么呢？
10142,0,差评！辣白菜五花肉石锅拌饭超级难吃！五花肉又硬又难吃，感觉不新鲜。以后再也不会吃这家店了
11179,0,菜里吃出了不该有的东西！
7657,0,我叫外卖是因为我出不去，我周末上班，不上班谁叫外卖让我下去取餐！您还能再逗点么
5759,0,太难吃了。尤其是土豆丝，难以下咽。尖椒炒鸡蛋都是汤，简直就是尖椒炖鸡蛋
9179,0,烤串基本没盐味
7820,0,给三星是因为送餐很快，但是美式都已经洒了很多，杯子外面都是咖啡
5782,0,真心的觉得这个虾不好，都想吐了。虾肉不新鲜，虾肉一拔，虾肉就变成泥，肉质非常不好
4083,0,汤和面不是分开的，面都糊了，不好吃。
5800,0,"基本没羊肉,备注都不看的嘛,⋯⋯,全是香菜,⋯⋯,我过敏啊！"
5182,0,居然没给我南瓜粥！居然我昨天忙工作，忘记自己点了南瓜粥！还我的6块钱！只给我拿了卷饼！
4874,0,"卷饼里面吃出红色塑胶线,！！"
4790,0,性价比不高，跟图片差很远
4810,0,非常难吃啊，非常难吃，特别难吃！
4937,0,饼特别硬，肉特别干一点味道都没有
11875,0,和同事一起订的他们都吃完了，我都饿晕了还没给送过来。。。
9543,0,"鸡米花一般,炒饭还行,就是量少,减肥中的女士差不多够吃"
8697,0,农家小炒肉肉不要太少啊，都是辣椒
5292,0,太慢！！鱼香肉丝没见几根肉丝
8631,0,不好吃，不会再定
4468,0,送餐很快，味道一般
10377,0,送来的炸鸡？在哪儿？明明是浇汁鸡翅。商家吃过韩国炸鸡么？芝士什么的图片和菜根本不一样。茄汁鸡肉啊这是。我也是醉了……什么玩意啊。难吃死了，吃了一口全倒掉了。
8075,0,全都凉了！！！保温箱是摆设吗？
8526,0,"菜一般,给的还少.,新年来了第一餐不给力啊...."
6890,0,"太屎了这小炒肉,淡的要死,全是肥肉"
7470,0,没有发票，都备注了还是忘
9923,0,但很好吃，但量很小。送餐嘛一小时以上，还没带筷子
7721,0,"以后再也不会要宏状元了,送餐跟蜗牛一样"
8459,0,"送餐速度太慢,我将近等了一个小时,下回不会定了"
7697,0,配送比较慢（不是高峰时间点的结果1个多小时才送到）；菜品备注了“老人吃请少油少盐”，结果还是很咸很油，哎…失望
5933,0,饼子夹油条。。橙汁是粉冲的9块。。
10436,0,难吃～石锅拌饭居然没酱～而且刚好晚了29分钟
9117,0,送餐时间提前太多，中午吃饭时已经凉了，以后请按指定时间送
10340,0,东西不错，就是有点慢，老板服务态度还可以，送餐的就差点事儿了，还说我扣了他的东西，哎。。
8447,0,"太咸,每次吃都咸"
9239,0,差评.11点12分下单，13点24收到外卖.两个小时呀.菜品油太大.以后不会订了.
11284,0,配菜的酸菜很难吃。建议换成茄子，这个味道不错，能吸引不少人。
9330,0,味道还不错
7543,0,与店里味道不一致
6315,0,一个小时才送了，送餐员打电话说到楼下了，结果下去还要等他几分钟，而叫的烧鸡饭，才两三块肉，能不差评吗？！
6463,0,"送餐太慢,十点定的,两点才送到，如果不能保证送餐的话就不要搞这么大的活动。披萨味道还行，就是送过来的时候已经软掉了"
7065,0,非常差，米饭夹生，打和合谷客服投诉，告知门店会有人处理，到现在也没有下文了，真的是无语了，以后再也不去去和合谷！
4743,0,"难吃到吐,送餐慢，服务态度差,一张硬面皮里面裹点肉卖20～"
4358,0,味道巨难吃，肉太肥了，吃不下去
9813,0,一般。名不副实。不会再订了。
11006,0,"送的太慢了,将近两个小时"
8611,0,米饭里面有石子，菜还行
9192,0,长豆角注明不要辣，还是有辣。其他的还行
11340,0,说12点06送达，结果13点20才送到，送餐速度太慢了，不过价位便宜，还是挺值的，以后还会继续订餐的
4946,0,百分百差评，米饭特么跟粥一样黏糊糊的，怎么吃啊！！！！第一次遇到这种情况！不是米饭，是大米粥！！！！
6600,0,第一天迟到了20分钟第二天迟到了40分钟
11695,0,根本没有送
8003,0,没有按要求做，有豆芽和海带。
4648,0,难吃到无以复加，以后都会绕道，全是洋葱很少肉，太过分了吧
4421,0,感觉味道一般，不是很好吃…鸡肉很老…等了两个多小时，餐才送到，以后不会再定他们家了
8208,0,太慢了，等了一个多小时
4642,0,只吃了一口就扔了，肉有一股子臭味儿，一次管够，最垃圾的一次体验！
5344,0,"马丹，敢不敢再他妈晚点儿？！！！！！,真是受够了，10:50左右定的，你丫快两点才送过来!,而且吃的真心感觉一般，一点也不好。马丹，真是气。"
10406,0,这家石锅吃过最难吃的了，首先是没辣酱，然后饭其实就是蒸米饭，不是石锅做好的！！味道太差！！价格还贵！！！不建议！！
4619,0,又慢又不好吃。。。谁订坑谁
4703,0,凉菜不错～
4243,0,选的送达时间：11:45，结果10点58就给我送来了。那我选择送达时间还有什么意义。饭还是一如既往的好吃，干净卫生
7151,0,地三鲜，茄子里面有很多是生的
6574,0,提拉米苏同之前相比只有半个～而且还晚了45分钟～
10541,0,排骨饭就2块排骨
10372,0,地点不好找，快递很好。各种菜品不如上次吃的，失望。
8735,0,蛋糕忌廉奶茶和原味奶茶有什么区别？不带这么糊弄人的吧，又不是没喝过你们家的蛋糕忌廉奶茶，难道蛋糕化了？
4304,0,等了两小时，都饿过头了
6464,0,10点订的餐，12点才送到！与同事前后下单，他的11点多到的，我的12点多才到，配餐的工作方法真是无语！
6598,0,忘给筷子了…
8660,0,"大品牌,名过其实"
6346,0,"薯条是软的……不会再买了,拌饭忘放酱了，打电话说给送也没送……自己去超市买了老干妈……,哎"
5283,0,挺好吃，就是慢！！！
6892,0,真心太咸了，太咸了，太咸了，唉
10084,0,我下午14点半上班，11点50订餐14点送到。饭菜都是凉的，联系店家人员态度很差。在好吃的东西也不会在光临了、
8985,0,送餐服务真心不敢说，太差了
8832,0,态度非常好，送晚了主动送了两瓶王老吉
7436,0,10:30下的单，12:53送达！两个多小时！！电话还始终拨打不通。强烈投诉！送餐员催我下去拿餐倒是催得很积极，还问我要不要，不要他收回，说还有好多人的都没做出来呢。。这是午饭吗？！。很差的体验，咱也不会点了。
4941,0,因为楼层很多所以让人去校门口自取，好懒……
11328,0,实际里边没有订单里边的广味烤肠，请问把我的肠呢？
8749,0,菜量太少，送过来也凉了
6829,0,没有给我麻油和醋包，伤心
7517,0,"送餐速度和服务没的说,都是菜品太差了,肉少的可怜的,简直就是汤儿泡饭扮葱段"
6994,0,淡而无味，没有虾的香味
4968,0,真的好难吃，唯一好的就是那个纸袋包装，卷饼皮硬，里面几乎都是辣椒和肥肉，你叫辣椒卷饼得了，辣椒还辣死人，我都说了不吃辣！那个皮蛋粥简直是我喝过的最难喝的粥，一点味道都没有，皮蛋瘦肉根本就看不见，真尼玛坑爹！再也不会买了！
9912,0,拌饭的米太软了，吃起来感觉糊在嘴里
10215,0,百度每次没有一次准时的！不明白为什么！
5540,0,商家没有给赠送的饮料
8222,0,送餐时间晚了十多分钟，薯条都是凉的，送餐员一会不好意思都木有
4212,0,"速度慢,卷饼凉,太难吃"
4708,0,配送速度日了动物园了，快3小时了
4746,0,这个太难吃了，还有点味是不是昨天剩的肉！！
5435,0,送餐实在太慢了，整2个小时，辣菜也不注明，失望
9332,0,"特别少,菜也就半盒多一点"
10448,0,不是一般的慢呵呵呵呵无语了
5655,0,要我自己去取的，走了几百米，早知道这样还不如去食堂了，走路有困难才定的外卖
10876,0,"少份瓜条,多了份饼,秩然鸭架没有送来"
5139,0,饼不值这个价钱，粥也做的不咋样
7205,0,武昌鱼和疙瘩汤太咸了
7374,0,請不要服務質量不一致，有時是熱的三明治，有時是冷的三明治，不要再欺騙消費者了，星巴克這種高格調的咖啡店，都被你們做爛了
6330,0,饭送到了好凉…
6527,0,10点半定的1点半才送来，吃个饭等的时间太长了，定的面都坨了，打电话只是说给你问一下催一下但是再打过去的时候还是这样说，就是敷衍客户，根本都没给问，和想象的差远了
5554,0,少送了一份粥
8250,0,饮料没拿吸管，还洒了，薯条和洋葱圈也没拿番茄酱，很不开心！！
9200,0,送来的黄焖鸡..我一打开..只有两种可能..是剩的或者可能被谁吃过了...如果大家想感受一下就定..嗯
11933,0,完了两个小时，不能接受
4728,0,巨慢！以后还是别订了
8108,0,时间太久，在店里吃的中薯和中可跟外卖送来的不一样，这也太小了，而且送来之后可乐就只剩一半了，另外一半已经漏完了，我也是醉醉的！
4111,0,饭没什么可说的，外送从取餐到送到用了40分钟，实际距离1公里左右，面条类的东西这样还能吃？
10395,0,第一次吃没拌饭酱的拌饭..
5763,0,"迟到3小时,配送不知道是哪家得,很混乱"
7565,0,饺子本身不错。但真不适合外卖。。。到了全塌了软软的不好吃。外卖特别快
5860,0,"超时半个小时，还送错东西，并且还少了两杯豆浆，最后打了十几次客服电话竟然一直没人接,呵呵"
10766,0,"凉皮送来也不帮拌好,都成一坨了,难吃死了！差评"
7224,0,羊肉串是凉的。
9628,0,不怎么好吃，光好看了，奶油比较差，面包也不咋滴，扔了一大半
6393,0,送得很快。但是那晚筷乐家园餐盒装的鸭汤散发着臭味，没敢喝
9720,0,连续吃几次就不好吃了，不耐吃
4764,0,十点五十定的十二点四十到，肘子感觉有点怪味，肥肉里面还有瘤子，不会再点了。。
8102,0,汉堡太小了，大份薯条分量也特别小～
10774,0,嗯嗯，可以吧。
8508,0,送餐时间有点慢。菜品略素
10089,0,订完餐后，打电话告诉1.5公里之内才给送，很勉强的给送来了，好像消费者欠他的似的，商家太不负责任！为什么不事先在网上告知？！
6212,0,量偏少，还好。
6272,0,味道一般，而且少到可怜。
10776,0,"肉夹馍是脆皮的,味道还可以,凉皮子一般,油条不错"
7899,0,"菜太难吃了,油太大,肉也不新鲜不会再光顾了,快递员不错！"
5585,0,送餐速度很快，但南瓜粥馊了还送！
4816,0,送餐也是太慢了，和同事一起定的，结果人家都吃完了，我的还没到！慢就慢了，定的纯素蔬菜拌饭，结果送来蘑菇拌饭，错了不说吧，饭里还有头发！太恶心了，果断没心情吃下去！
10270,0,我不赶时间，肠多烤一会就好了，吃着就像稍微加热一下撒了点料～面条量有点少哇，别家的盒大一些，没什么汤汁都塞的满当当的，这就才半盒，还好点了5个肠。。。
9808,0,口味一般。。。。
4000,0,菜品质量好，味道好，就是百度的问题，总是用运力原因来解释，我也不懂这是什么原因，晚了三个小时呵呵厉害吧！反正订了就退不了，只能干等……
8810,0,锅包肉量特别少，还放两个餐盒。一个都装不满。手撕大拌菜都没放盐吧，一点咸味都没有，小西红柿都坏啦。
11085,0,时间太慢，送了一个半小时，但是很好吃
7018,0,居然没有任何餐具！而且包装很烂，皮蛋豆腐都烂得哪都是，实在吃不下去了！
11419,0,送错而且花了1个半小时
4803,0,没有酱怎么吃啊
8149,0,套餐不送饮料的么？
7716,0,不咋地，还贵！
4145,0,送餐两个半小时，别的不说了
8162,0,送餐的人很好，但是为什么满五十送鸡条就没有，给这个店差评，极差评，百度的配送绝对好评
11718,0,可惜一直给的五星好评了。送外卖的伙计居然说以后不给我送了。理由是我们楼只有我一个叫餐的
10786,0,最低两颗星，以后不会再点。
4429,0,肥肉太多吃的时候还把嘴唇拿破了
6606,0,"次次迟到~~,这次是热得"
11192,0,青菜变豆丝了，跟图片不一样
8393,0,鸡排看的好恶心
9862,0,难吃的一逼，体验差，名不副实。
10675,0,"世界上最难吃的,羊肉泡馍,卖盐的欠他们家钱。肯定打死的。"
4476,0,"餅沒嚼勁,味道太單薄"
4767,0,没味，肉和菜切的块很大，没有酱料干巴巴的，饼是那种跟吃烤鸭或者京酱肉丝时候的那种饼一样的，不是烙饼，总之不好吃。
11276,0,"11点定的餐，13点送到，你们还能再慢吗？？！,送餐人员态度差"
6405,0,速递级慢，等了将近2个小时，也没有赔付，以后没法在百度订了
11845,0,没找到地方自己拿回去了，也不跟顾客说，等了两个小时，服务态度也差劲，千万不能在这家订。。送饭的还理直气壮的，说不关我的事，又不是我送的刚才，饭还是凉的，就让人收。。
4128,0,留的电话关机，百度电话客服忙碌，在线客服说帮催了，催单一直显示在配送了，等了一个半小时还没来，上网搜了电话号码，打过去说没看到百度外卖下的订单
5615,0,里面有泥块，整个都没法吃了……
8419,0,今天的饭夹生的…给送餐员加工资！
5052,0,就是不辣，辣椒酱啊
6067,0,前几天定下单半小时后被取消订单，今天定晚到30分钟...以后应该不会再定了，太耽误时间。煎饼味道还行，有点辣，就是路边煎饼加个油条撒上肉松。可乐是塑料杯的基本已经没汽了，以前在中关村那边订是给听装的。
7438,0,知道慢，说早点点吧，快2个小时才送到，怎么那么难做呢
8562,0,小油菜可以少一点，多一点别的菜
5370,0,十点订餐。。。十二点十五到。。。我终于知道你们为什么吃的很香的。。。都你妹饿的
6537,0,这顿饭做了两个多小时，而且果粒橙没有了，没送
8703,0,特别差，好久不用百度外卖了，偶然用一次，80分钟才送到。百度外卖是要不行了么？
5811,0,服务很好，套装明明是奶茶，为什么送来是豆浆…
11194,0,土豆没做熟，里面都是硬的
6424,0,不是一般的难吃，再也不来。
4090,0,"送餐撒了,漏的哪都是油"
11182,0,分量很大，味道吃不习惯
11009,0,"宫保鸡丁饭,没啥鸡肉,花生一大堆。"
11511,0,番茄贡丸豆花米线以后请叫豆花米线，好吧？！想给零分差评！！！
5240,0,味道还行，就是速度太慢太慢了，不到11点订的，快1点才到。
7720,0,一个半小时送到，评价的时候显示的时间比实际送达时间提前了50分钟！糊弄事儿呢？
4970,0,"说实话不怎么样啊,根本不够吃,还那么贵"
9157,0,尖椒肉丝吃出来个苍蝇
6926,0,身为东北人真是第一次吃到这么难吃的东北菜啊！得莫利炖鱼里的白菜有一股羊肉膻味，不知道是咋回事，挨着鱼头的地方还带着血，恶心死了，而且鱼头去掉鱼鳃的地方是黑的。压锅排骨油豆角还可以，但是排骨是真心就吃到一块，偶尔有几块大梁骨，味道倒是还可以，中规中矩的。
9498,0,皮真厚，晚了半个多小时，送的慢不说，饺子都没煮熟，自己下锅又煮了一遍。再也不会订了
11266,0,送的太慢，送餐员态度不好。
11651,0,宫保鸡丁只剩黄瓜了，比以前垃圾多了，不再爱了
7442,0,包装比这个好的别家的都没收费，就这种包装竟然还要收餐盒费。。。微辣的味道刚刚好，就是鸡肉没入味儿。
6807,0,"1.百度外卖快递小哥是OK的！,2.麻辣烫是大大缩水的，点了一份鹌鹑蛋，3元只有一个！只有一个！只有一个！重要的话说三遍，我擦，三元一个鹌鹑蛋！,3.强烈推荐别点这家的外卖了！！！"
11321,0,还不错哦，比较喜欢小渝府的菜，真心不错。。
4487,0,不知道怎么这么慢！
5025,0,他们没用百度的快递，速度就是这里写的时间乘以二！饭店且等吧
11148,0,牛肉太硬了嚼不动啊
11570,0,没有年前分量多，在走下坡路
8390,0,最糟糕的一次接餐，都已经很晚了才送到，而且这是我到目前为止见的态度最差的一个送餐员，不给送到11层也就罢了，竟然吼顾客～
9402,0,要求送达的时间是11:30，可是到了12:30还没送来，给商家打了电话取消订单，可是等我13:00吃完饭回来，发现餐扔到了角落，然后给商家打电话，商家一直拒接，这TM什么人啊，就你们这服务态度，知道的人还有谁会订你们家的餐，这服务太TM的差了。TM的狗屁这是
6914,0,速度很快，但是味道一般般
11022,0,味道不如从前了，是不是换厨师了
6946,0,"呵呵,，,真可以，之前感觉您家特别实惠。没想到这次缩水到这种程度！！！一共就这么几块肉！"
7172,0,火锅店的炒菜。。不敢恭维
11794,0,蜗牛的速度
9355,0,才发现没有送小果粒橙
8812,0,送餐时间太长，已标注东北拉皮不放辣椒还是放了
10680,0,黑椒牛柳太咸，咖喱那个时间太久了，胡萝卜都有馊味了！
6495,0,难吃。10点订餐，12点45才送到。而且餐被雨水泡了。
8350,0,"20套餐,盐酥鸡,变成淀粉炸,蟹段,，没什么提前说一声,没吃饱"
5017,0,"难吃,不新鲜"
4516,0,送餐太慢了，味道不错！
9768,0,冷面不好吃呐…
8595,0,米饭中有头发。。。。
5698,0,"好干,吃腻了..."
4003,0,送餐送错，还狡辩不给补偿，送餐时间3个小时，百度送餐员更是素质卑劣，额外还要加收17元的外送费。百度客服也没用，也没有解决！
5381,0,我只吃到一块牛肉……
6491,0,排骨饭油腻的很
5245,0,送货挺快，但味道不如以前的好吃了！
4089,0,都泡发了。没醋味，实在难吃
4065,0,都点好几次了，这次怎么夹生米，没法吃
5500,0,店家和送餐的人特别不好，送错地址了还赖我写的不清楚
8073,0,汉堡怎么小，怎么够塞牙缝！
7578,0,预计下午两点送达，到了三点多联系商家，说已经在送餐路上，四点多接到外送电话，告知刚拿到货准备送餐，五点准备下班货才到，品质也一般，无论是物流还是货品，都让人失望
11149,0,就是送餐有点慢
10030,0,送的这是啥啊，饭是夹生的，汤是温的，太能糊弄人了，这是第一次也是最后一次，这要是在店里，肯定要他给我换啊，这送餐还不是饭点呢。无语的狠啊，擦
11912,0,2点才送来！！
11118,0,今天少给了烤肠.......来个差评吧
10927,0,饭送到后都凉了
6461,0,搞活动就好慢，只想说量力而行吧
9205,0,垃圾店，你的包装袋能别拴死扣吗，费半天劲才打开
11915,0,汤，粉和菜品应该用正规的餐盒装着，担心漏出来就在外面包上保鲜膜，其他家都这么做的。
10984,0,"有点凉,饭很硬,不会再定"
7950,0,没勺没筷子怎么吃
11615,0,太慢了，以后不点这家了！都凉了
5989,0,餐品没有全部送过来
7459,0,东西呢？没收到怎么就完成了
11939,0,"味道好一般哦,配料不丰富"
4463,0,包装精致，送餐快速，味道一般
5093,0,"昨天,中午给我送的餐盒烂了,说一会给我送，结果到今天,都没有送过来。我的皮带瘦肉粥呢？"
4458,0,吃了拉肚子
6026,0,八点多下的单十点半才送到，送货员打了N个电话问门牌号是多少，门禁怎么开，送到的煎饼已经皮了，豆浆和豆腐脑也都是温的，绝对差评！！
11565,0,少给了我一盒米饭
5826,0,我的热饮呢？少送了一个什么时候来
4218,0,"特别慢,等了一个半小时"
4418,0,粥的盒子都碎了，没法吃。
11334,0,烦躁，有根烤肠没有送到，饭倒是不错，不过这小问题让人恼火
10212,0,超级难吃，简单的家常菜都做不好
5024,0,他们是自己的送餐员，速度且慢了，两个小时！
11647,0,热菜太少，这是冬天季节
10325,0,要的披萨和小吃拼盘，披萨送了45分钟，然后快递说小吃拼盘忘了拿了，我都在快递包里看到了，以为是别人的，后来又过了45分钟才来，拼盘是冷的。
11464,0,"等吃的时候,已经没汤了,都干了"
9559,0,这种包装盒还敢收那么贵！饭都压瘪了，油太大！不推荐。
10345,0,没给番茄酱，而且送餐速度很慢，这边有分店，还是等了一个半小时，饭再好吃都没心情了
11852,0,酸味还行，量也不错！！送太久了，都凉了。
7838,0,送来的咖啡封口开着，洒了好多
8857,0,菜的味道还行，不过肉不是新鲜的。隔夜肉！其次米饭是前一天的，有变质味！
11058,0,这送的无语了，提前一小时送到了，嫌饭太烫让我晾一小时吃么。土豆牛肉22不值..不会再订了
10481,0,"送餐员棒棒哒！,不过商家很恶心，明明点的京酱肉丝，送来的单子里写的也是京酱肉丝，但是盒子里装的却是一个狮子头，包装是大鸭梨的袋子直接包好的，打电话还不认。整个意思是送餐员换了或客户没事找事。真是太会做生意了。"
8824,0,从没吃过这么难吃的小炒肉，整个就是芹菜炒肉，用了红的辣椒皮，芹菜还是软的
5465,0,速度很快，但備註的加辣完全忘了！
5248,0,肘子不如鸡腿好吃太油了
9175,0,四点半下的订单，差不多7点才送到，这速度，真心无语了，以前总订，都不带这么慢的。
6395,0,送过来的时候汤全洒了
6122,0,态度不太好，送的太慢了…
6909,0,白粥不错，生煎不算正宗，韭菜盒子还可以，总体不错！
8050,0,"送餐大哥很给力,下着雨送来的赞哦,不过菜味道一般,米饭少的可怜"
10878,0,我以为红烧肉是由而不腻的那种。。结果很硬，不好吃，而且面也很咸。花了3顿的钱等了一个小时吃到觉得很失望
6819,0,买的红柚，送来的确是白柚
5573,0,一点十五才送到…
8385,0,今天菜品普遍反应较差，好几个同事一起订，结果都说很失望，特别是荤菜差太多，希望店家多考虑一下吃货们的感觉…期待下次就餐能有所改善，谢谢!
8317,0,饥肠辘辘的等了半天，番茄酱就给了一袋，太抠了吧，让人怎么下咽啊
4669,0,"肘子卷饼根本没有肉的香味,不咸不淡不好吃,提前订的,等了2个多小时才到,我打了5个电话催,真是醉了"
5645,0,粥是凉的，锡纸卷的太深了，吃的时候不小心会吃到纸
10857,0,味道一般，而且鸭头没给切开，吃着真费劲，餐具也没给特意标明的
10871,0,"写明是两个盖饭，结果是一盒拼饭。,面冰凉，还得重新加热"
10594,0,太差了等了2小时
6490,0,鸡肉是生的菜都炒不熟，还干开饭馆，太奇葩了，太恶心
7557,0,送错了。我点的是韭菜鸡蛋，送来的是白菜鸡蛋？还没有醋。
4470,0,这次不知道怎么了，两个多小时才送到，连个电话也没有，配送员连句抱歉都没有！
5673,0,送餐速度还好，就是拌饭，饭的量刚好，菜就那么一点，对比太鲜明了。的确是做卷饼的，饭就差了一点，相信卷饼会很好吃。
6465,0,送货速度太慢，催了好几次，菜还不错
5875,0,晚了20分钟，还可以
11130,0,味道一般～
8651,0,"1.送餐时间晚于约定时间20分钟（可能是因为天气不好，下大雨的原因吧）,2.每个菜都是辣的，这个对于不能吃辣的人来说，影响很大，希望以后可以在菜单中写明。"
9973,0,两个小时之久？且不说味道，就这速度受不鸟
6497,0,慢死了，等了将近俩小时
11502,0,1、太辣。2、有花椒，不喜欢吃。3、粉条用筷子夹容易碎，用勺子又太长了。4、如果送一包醋，味道会好一些。
10952,0,送餐态度太差了，给他说了好几次我的地点，他每次都要走离他近一点的路，让我多走好远，丧失路外卖的意义
11029,0,11:10下单的，等送到的时间是差十分钟2个小时。
10880,0,"送的玉米发霉的！太恶心了！黄焖鸡量极小，味道一般，骨头多于肉。米饭量很大，然并卵。,要求十二点送过来，十一点半就到了，放到十二点吃已经凉了，差评！"
9617,0,可以……土豆丝一般
7284,0,"咖啡凉了,撒的不少,没以前好了"
6440,0,一般，有点咸
6760,0,差评！一点菜没有，咖喱猪排饭一点咖喱也没有，只有两块土豆。送餐时间一个小时！催了三次！评价这个界面的送餐时间也是虚假的，根本不是真正送到的时间！
6578,0,本来想给一颗星的，但是看在pizza挺好吃的份上，给两颗星了。需要说的额是，送餐慢了30分钟左右，这还能忍，不能忍的是，现在活动期有三种住方式，我选的是在线支付。和折扣率最高的百度钱包貌似出票方式不同，不知道是餐厅和送餐员说的还是送餐员自己理解的，居然说我还未支付。如果不是支付宝有扣款短信，我估计还真以为我未支付的，傻不愣登的再交一分钱。。。最后夸下，她家pizza味道不错。有耐心的人值得购买。。。
10057,0,咖喱鸡肉！饭菜全部洒在袋子里恶心到极点，卖家半小时做好饭菜，送餐用时1个多小时还超时20分钟
4933,0,送餐慢，肉少，味道不好
4503,0,两个多小时送到，味道一般
5207,0,送的太慢，等了快3个小时
7589,0,太慢了一个半小时才到把孩子饿坏了，红烧肉量也特别少，盒菜也不好吃，丸子孩子还吃点
6002,0,差评，真的不是想吐槽。我也是个差不多就行的人，不过这个也差太多了。订单100多分钟才送到，期间多次打电话催促回应也只是催单，这也就算了，说好的不要葱花香菜等100分钟送来的还是带的，而且送来以后煎饼都软了。我平时差不多的都是给满分，但今天这种情况真是得吐槽一下了。
7624,0,要的发票没有，餐具也不够，太差劲了，配送时间晚了半个多小时，饿死了都
9881,0,肉很少。。，不好吃
4760,0,"皮厚,菜少粥不满"
6427,0,"谁点谁上当,吃了一口都快吐了！决没有夸张！"
11375,0,骨头太大啊
7280,0,11点40下的单，14点送到，咖啡全凉，百度外卖用了那么多次，最差的一次体验，再这样，不用了
9218,0,祝早点关门倒闭
4370,0,卷饼还可以，这粥也太不值了！皮蛋两三粒，瘦肉一块没吃着，这能叫皮蛋瘦肉粥吗？就是普通的白米粥！！！！
10800,0,"不好吃呢，配菜不新鲜，,失望呀"
7700,0,"整整一个小时,送餐状态没有更新,结束后显示12:06送达,实际上12:30才到"
10514,0,山楂雪梨，就是梨削皮切碎放点山楂酱！排骨豆角沾卷子有四块排骨，豆角都没熟透一股生豆子味！窝头黄鱼至少是熟透了！总体评价外卖就是糊弄事儿！以后不会再买了
10072,0,不怎么样，味道也差
6700,0,配送慢，还要下楼去拿
6519,0,没有给蛋挞！！
11977,0,味道可以试试
7305,0,撒的到处是。摩卡只有半杯了。
8039,0,菜很难吃，还很贵。农家小炒肉弄成了芹菜炒肉，菜太难吃了。
9662,0,这是第二次在店里买蛋糕，第一次订蛋糕的时候3小时内做完给送到公司来了，我觉得蛋糕店做的这么好，想继续在这家买，这次我12点多一点我先打电话确认3点之前能不能送到，店里答应了说会送到，好，我马上下单，下单时间12:18，我们公司6点下班，5:50送到的，只想说堵车能堵到这种程度？？你们送蛋糕的师傅连没有一句不好意思都没有！我真的失望。
5534,0,"送了两个多小时,连个解释都没有,还是我打电话过去问的,醉了"
4925,0,卷饼的量太小了，，
10649,0,要的腐竹，给我的木耳
6394,0,豆浆超级不错
5144,0,第一次忘送粥了
9518,0,点了两份腊八蒜，一份也没有，给换成一袋醋
4343,0,下楼自己取，每次都是自己去拿，我要是有那时间就不叫外卖了
6866,0,每次点麻辣香锅都会迟到。这次还好有打五折的补偿。
4465,0,11：23定的，13：21送到的，电话打了18个，不是关机就是打不通，偶尔通一次，还没人接
5497,0,比卷饼差多了
10014,0,点了石锅拌饭和肥牛石锅拌饭，全都是拌好的饭，感觉象剩饭，里面基本没菜，太难吃了！！绝不再点正一味！太差了！！
9106,0,这手抓饭真不错，！不给筷子没办法啊！
7614,0,2个半小时才送餐，送来都凉了！差评！
8294,0,下午5点50做的面，晚上7点40送到，汤面和羊杂汤变砖块，太差太差太差
7966,0,"不想说什么了,给的少得可怜"
7539,0,牛肉咬不动，太酸，太油，还有股子药味！也没有注明是辣的！没吃，都到了，还这么贵！差评！
6505,0,送餐太慢了，垃圾
5753,0,饺子没煮熟，还粘在一起了。茶树菇里都是辣椒。再不点他家的东西了！
4576,0,送餐的人说到了，压根没见到人，还冲我吼吼吼！
11507,0,"漏给了,2个半小时之后才拿到外卖,百度外卖真心渣"
11366,0,写的下单满赠送饮料的，可是没有送，跟配送员说明了情况，他说下次订饭时写上欠饮料一瓶！
4116,0,连个吸管都没有，而且送来的都凉了
7128,0,菜很少根本不够吃，下次不会再点了
6614,0,"我说带番茄酱也不给带,抠"
9272,0,"时间长,味道一般"
4366,0,不值17元！我要的是肘子，里面加了一半鸡肉，不如大街上手抓饼加两块里脊，皮蛋瘦肉粥6元不如早起2.5元的实在
7977,0,不给筷子，奇怪的餐厅啊
8777,0,配送速度很慢。
10274,0,要了麻油没给，连筷子也没有！！！！
10748,0,送餐块，肉夹馍还好，南瓜饼和三鲜补好。
9190,0,"每次酸奶都不给我带吸管,心好累"
8155,0,外卖员很辛苦，但是你们店里的汉堡真小。没法给你好评
10500,0,送餐速度太慢，希望赶紧改良
9954,0,"饭太硬饭太硬,吃完胃疼好久。之前订过很多次了，都很满意，为什么这次饭这么硬？"
7434,0,什么配菜都没了还没送饮料
8822,0,西红柿和黄瓜不能放到一起煮！厨师这点常识都没有吗？
4021,0,肉臭了，态度还十分恶劣，必须差评
5601,0,鱼香肉丝的不好吃
4232,0,送货太慢了。
5873,0,"很不开心！点的一个包菜粉丝卷和小炒肉卷,tm给我送来的是土豆肉丝卷和土豆丝卷,非常想骂人"
4906,0,木耳不好吃，辣白菜还好，皮蛋瘦肉粥太淡
5897,0,大家都不要买，恶心死了，明明定的是豆浆，送来的确是可乐，还不给退，然后补送来的豆浆一打开里面长长一根头发，太恶心了！！！
11520,0,"整体还不错,就是太肥了,而且都凉了,送餐态度不好"
8412,0,这次时间真的有点长
4489,0,送餐太慢等一个半小时
8856,0,"非常差,味道差,服务差,打电话过去服务员素质太低,没办法,素质一天教育不出来"
9746,0,这是什么鬼！！！石锅拌饭说好的蔬菜呢？一根胡萝卜丝，一块蘑菇么？再也不定了！！
11762,0,饭还可以，速度太慢了，5分钟的路程，足足等了1个多小时
7386,0,可以给带吸管吗？不然星冰乐怎么喝…
9663,0,送餐的时间超过应到时间2个小时
5790,0,宫保鸡丁没有花生
8881,0,配送员不错，餐厅两个菜全装错，第一反应是让我将就一下，无法认同这种态度。
4325,0,非常慢，一分钟接单，两个小时送到。商家电话一直关机，这是对顾客的不尊重，因为天气恶劣送不了就不要接单，或者提前打电话告知具体多长时间送到也行，不能既不告知，还接单还关机，订外卖以来最差的体验，卷饼也很难吃，皮厚油腻。
7801,0,"咖啡洒了不少,都浸到蛋糕盒里了,蛋糕上也粘上了咖啡"
4960,0,都没吃出什么味道，饿死啦。晚了1小时多。
5774,0,两个餐盒为什么收四块？烤鸡翅是剩的么？！
9716,0,"太难吃了,.."
6343,0,肉给的太少了吧-_-||
8116,0,态度真差，喊什么喊！CBWD
4846,0,太恶心了，鸡腿肉卷饼干脆改名叫鸡皮卷饼，把面皮打开一看完全没食欲了，受不了
11120,0,味道很好，就是送餐太慢了。
4845,0,太难吃了。
9084,0,"你这麻辣烫有点不干净，,这菜里还有虫子"
8555,0,油菜可以少一点
5744,0,知道送餐用了多长时间吗？两个多小时，亲，想饿死我是吧！
11747,0,送餐速度太慢，打电话想问问做了没，服务员的态度太差，竟然就喷顾客。所以以后都不会再订这家的
10314,0,"恶心,点了那么多次,送个餐盒还要两块钱"
5391,0,"啊啊啊啊啊啊啊啊啊啊啊啊啊啊啊啊啊,饿死了,才送到,打了15个电话都没人接,这服务也太衰了吧"
9755,0,每次都中午点饭，下午3点送到
4445,0,"饭真的很一般,米饭质量不行"
5766,0,拿来的花卷儿时一个月前的花卷儿吧，咬都咬不动
4592,0,送的超级慢，竟然还让我去楼下拿，从来没遇到这样的
9995,0,晚了三十分钟
6055,0,下雨送的晚了点，煎饼口感不太好了
4067,0,饭都凉了--与实际不符
8345,0,我点的餐虽然时间慢了些！快递员给打电话了，但是居然还送错了！哎！都不容易！
8187,0,薯条送到已经不脆了，关键是少送了洋葱圈，多次联系客服均未退款，不能理解服务怎么可以这么差。
8931,0,饭和丸子是热的，大酱汤冰凉，外卖小哥挺好
6661,0,"建议以后别再出这款海鲜水果披萨了,真心的难吃，真心的奇葩"
7779,0,"我也是服了……摩卡能给做成热巧,真真儿的是热巧~不是咖啡！！！不怪派送员，杯子上标注的都是摩卡，里面居然是热巧……星巴克错单，也挺难得的：）"
5280,0,送餐速度真的是太慢了，太太太慢啦，将送餐时间提前到11:15后，等到12:57才送到……
6068,0,菜品没问题的。也很划算。好像少给了一个豆浆。不过算了。送餐太慢。希望以后加快点。
10049,0,可能是因为远，汤都在盒子外面，鸡肉饭的味道一般
11008,0,"提前预定说11点45送,结果快12点半才送到,好慢啊,孜然鸡丁的味道还不错"
5354,0,饭还不错，但是送餐真的是太太太慢了。。。无语了
6987,0,锅塌鸡蛋味精放太多了，吃一口就丢了，凉菜都很好吃，饺子很称职的饺子本人！
6025,0,送餐太慢，一个多小时才收到。
4888,0,菜不好吃。送货时间晚，等了好久。。。
11512,0,豆花米线不给豆花！！！！！
10176,0,就那么回事吧，两个菜都油乎乎的。每点一个菜还要收餐盒费
5627,0,点的饮料和粥都没送到
7031,0,不给筷子用手吃啊？？？
9514,0,"一般,偏贵"
7102,0,不只是不好吃，是不会炒菜！虾酱整块整块出现在鸡蛋中间都没炒开，咸死！虎皮椒整块糊，酸汤肥牛味道也很糟糕。这家店特别不推荐。
9508,0,送餐速度实在太慢了
10269,0,点的果仁菠菜，送过来是木耳，你没有可以提前沟通，说也不说直接扔过来是神么意思？根本就不是正宗山西刀削面，卤蛋、豆腐一点味道没有，炒鸡蛋面就不说了，黏的一塌糊涂。
4788,0,两小时送到简直没谁了
4046,0,你的肉末酸豆角里面怎么没有一丁点儿肉？？
5734,0,都被淋湿了。。。怎么吃啊
5542,0,不和我的口味
10605,0,配送员服务态度非常差，差，差，弄的没法吃饭，这个配送员店里应该让她走人。很气的，
5856,0,"去你大爷,送的晚,电话不接,接了屁用没有,做毛服务业"
5592,0,还得让下去取，麻烦的很
9171,0,送餐速度不快，味道还行。
6355,0,"味道不能忍,这他妈的是人吃的东西么"
10152,0,原来，石锅拌饭的外卖就不能用石锅了对不？所以拌饭还是要堂食，不过速度蛮快。就是从没人在意我“不要餐具”的要求，不高兴！
4605,0,很难吃。还不如肉夹馍
7719,0,配送很慢很慢。袋子还破了一个，另一个也是洒一袋子菜汤。无语！
11412,0,"汤的味道还行,就是送餐小哥第一次来这边,用了很长时间"
8204,0,写了要发票，愣是没有。既然没有给这个选项干嘛？差评
4911,0,"首先送餐时间过长，十点半左右下的订单，系统显示11:20送达，实际送达时间为12:40,其次，配餐有误，我定的是全素饼送来的是全素饭"
9900,0,"实际上用了1个半小时才送了，店里的电话一直打不通，百度的电话打通了没人接，最后直接要求评价，直接不满意！！,送来的饭菜都凉了根本就没法吃！这是最最最最最不满意的一次订餐,没法形容内心的愤怒，质量也不好。要是没钱就别参加外卖好么！！,最最差评给你们家了"
8159,0,送餐走错路，袋子还破了………
7414,0,奶没那么多了。味道没有第一次喝那么有味道了
10308,0,"没货的的餐点还往上挂,下单了快1个小时了才打电话说玫瑰饼没了,态度还差劲得要死"
10378,0,送餐太差了，大酱汤全撒到袋子里了，沙拉的盒子是坏的！
5516,0,三个小时才送到
11801,0,等了136分钟，催了无数次，要不是脚崴了走不了路我早就不要了。
5957,0,我就想问问，我定的东西给送到了火星吗？？？？？我现在还饿着肚子，这是什么节奏！！！！根本，完全，彻底的没有送来，还收了我的银子，你们什么情况！！！！！
10779,0,肉夹馍95%的是肥肉，杭椒皮蛋。。。我吃不了，蛋黄有点恶心。。。凉皮没放盐，盐涨价了吗？？？？
11666,0,第一次见服务态度这么差的，点了一份套餐和一根烤肠，烤肠居然直接就没有送过来，送到的时候饭菜都凉了，也是我吃过的最难吃的梅菜扣肉，再也不订他家的了！！！
11287,0,餐送晚了，打电话咨询态度很不耐烦说等着吧。味道没有以前好了，太多也越来越差了
11690,0,广味烤肠漏送了！
5667,0,上次还有粥，这次没粥了，包装也简单了些
6518,0,真的很差，送餐时间足足晚了1个小时，还不让取消订单，霸王条款呀。
8297,0,扣肉好吃，红烧鱼块刺多味道也不好吃。
4755,0,锡铂纸包的，感觉里面面皮没怎么熟，不是多好吃~
10433,0,菜品说实话很一般，比正一味差远了，送餐师傅很快，态度也好，天气很热辛苦了
8330,0,送的挺快的
8342,0,我只想说难吃的想吐~
6431,0,真的很难吃。。。。。
5087,0,电话根本打不通只能死等。。。。
8109,0,"晚到,饮料也没给,很失望"
8534,0,菜一天不如一天，还不好吃，
8689,0,百度外卖大垃圾
9268,0,好慢。。。饿死了
7045,0,凉了，不怎么好吃
9721,0,订的套餐只给了一份饭，多花了六块钱啊，商家太不细心了。
7190,0,送达个屁啊！我这还没吃上呢，系统就显示已送达！！！我只能说这个软件是神马玩意啊！！！！
10161,0,送餐速度比蜗牛还慢，100分钟才送到，而且要求不要放的蔬菜也往里面放，态度也不好
8041,0,送餐很快，菜像剩的，食材感觉用的都是边角料。
11700,0,"都没有送到,还让我评价18:40订的,20点都没有看到饭~~~"
5979,0,"和店家讲了，辣一点,结果没拿辣椒"
8663,0,挺好的，速度很快
9853,0,"菜单没写清楚，少来一份米饭，点了近100块钱的东西打电话要,就是不送。真行。,30块钱就送,100块钱就不能多送1次？？？,让我理解你们，我饿着光喝汤不吃米饭,我能吃饱啊？,谁能理解我？？？"
9944,0,"菜量小,太少"
6142,0,"1.,等了2个小时,打了大约10个电话,前几次根本没有任何回应只说帮忙问问,后来发飙了才有餐厅回应我。,2.,20多度的天气,东西放在保温箱里，送来都凉了,3.,饮料也洒了,简直不能忍,第一次在黄太吉订餐,从此黄太吉一生黑"
6817,0,柠檬有一个坏了，南非脐橙剥开都干了
6590,0,真心也忒慢了，其他都还成
6285,0,本来定的东西就少，还少送一个炒蔬菜!包子和粥就不评价了，要了个卤蛋居然是臭的!!同事都惊了，臭味非常大，店员就不知道检查一下么，卤蛋一看就是放了特别久，然后还外送!气死我了！十点五十定的将近一点才送来，服了。送餐员一直道歉当时把蔬菜的钱退了，要不是他态度好，就投诉你家了
9144,0,订的11:45的餐，结果11:30就到了。最主要是两份饺子没有料，连筷子也没有，建议店主改进下。另外，扁豆丝盖饭味道有点甜，不太好吃
8414,0,经济实惠，两份刚刚好！
7993,0,6块钱一份的米饭像是别人吃剩下的，不到半两重，一口吃没了。水煮花生都不知道泡了多少天，软的像花生泥，其他菜也没什么好吃的，不会再吃了。
7051,0,送的越来越慢~不准时。。。
11207,0,东西倒是挺好吃，特别是这四喜丸子，但是这送餐也是无语了，一个半小时送到，打电话态度还那么差，就这样还做什么服务行业，赶紧回家带孩子去得了，一天美好心情全让你们影响了，就这样还怎么让我下次在你们家订
7170,0,菜还不错，米饭有点馊了。。。。
10695,0,噢噢噢哦哦5掏空了快乐
10969,0,十一点七分订餐一点送到。很牛逼的饭店，那么久没送过来想取消订单电话总是打不通。细品粗粮？？？饭店名貌似叫细品干锅辣鸭头。百度了他家另部座机能打通没人接…送来的餐盒还烂了～订餐的朋友们注意了啊……真心没田老师红烧肉份量多…个人意见
7949,0,把多点的单份米饭倒在一个另一个人的盖饭里，造成我们先后轮班吃饭的人没法吃，我想请问您怎么不把一个订单中的6份饭倒一个桶里拎过来？像喂猪倒甘水一样多省事啊！
7629,0,送餐用了一个小时，一个小时，什么鬼，乌龟都到了，菜还油的要死，我点的炒饭，一堆酱油，只能看到黑乎乎的一坨，是一坨!!!!
10248,0,面的味道还行，送的晚了15分钟汤全洒了不说，送餐的人还多嘴多舌的，这顿饭吃的很心烦
10621,0,好像零钱不够的样子
4910,0,迟来了两个小时，不到十一点下的单，到一点了才送来，差评
10193,0,"粥太难喝了,有股馊味"
5271,0,点了肘子拌饭和一份南瓜粥，送来时没有南瓜粥，打电话说给送过来，这都晚上了，还是没影，不给了就明说，不就6块钱吗
7123,0,商家太马虎大意了，第一次给骑士的餐是错误的，第二次终于经历了一个小时再次送到的时候又没给拿筷子。对商家太失望了
5847,0,除了豆浆，所有煎饼都已经糊成一个扁得粘的东西，酱和辣味不搭，简直破坏了煎饼所有的口感。一个多小时都送不到，也是醉了。再也不买第二回，街边五块钱比这里好太多。
6496,0,之前在百度外卖三次订过吉吉熊，还可以。这次却失望。披萨一看就是中午做多了剩下的。晚上又热了拿来卖。客人不是傻子，做生意要诚信，下次不会再点吉吉熊任何东西了。
8942,0,好难吃啊，鸡块的油味道好大，面坨了，很难吃，就把煎蛋吃了，其他都扔了
5383,0,等了一个多小时也就算了，粥撒了一半，袋子里面糊成一片！还让人怎么吃！！！！送餐的大爷态度还行
8500,0,还行吧，划算
8894,0,以后不用百度了，面条一坨成面疙瘩了，下单后半小时给送货员打电话都还没去餐厅拿呢，半亩园自己就送餐，还没有餐盒费，快递费
9256,0,点了三个菜，忘点了米饭，其实商家下单时友情提示一下，然后又等了快三十分钟米饭送达，然后发现，给我送了两次都没给我筷子。。。
11127,0,服务态度不好！送餐太慢！
5924,0,确实还没煎饼摊儿上的好吃，优点是卫生吧。
5173,0,慢死了！！！！！！不怕饿死的可以订……
10205,0,"点了四个菜,两盒米饭,141元,没一个好吃的,什么破玩意"
9794,0,味道真不咋滴，送餐送到汤撒的到处都是，差评
9698,0,礼拜六居然能等一个小时我也是醉了！
8100,0,这次外卖很失望，先是外卖小伙手攥吸管将快餐递给我，后是打开快餐看到纸团一样的餐巾纸和漏的到处都是的饮料，最后看的我压到没样的汉堡，而且餐基本完全凉透啦，只能凑和着。。。
8641,0,男同志有的吃不饱，女同志有的吃不了倒掉，建议调节一下，给备注多加米饭的多一些米饭。
7992,0,这鱼头也太难吃了！米饭就装了半个盒子，是有多抠门？
8153,0,差一个鸡柳，也不知道联系谁
11958,0,粉很好吃，但是订了卤蛋却没有。
5623,0,"味道还可以,不过送餐的时间好长"
9685,0,"少送了所有套餐的小菜,问送菜的师傅,不管让找餐厅,餐厅让找送餐的,最后好不容易答应送来,结合没信了也,最后也没送！！！,之前订菜的时候约的是6点给送,也没人理,4点多就送来了,吃的时候都冷了,咋回事啊,真无语,百度客服电话,接通了选12345什么的,根本也没投诉这选项"
10362,0,没有辣酱，算什么拌饭
7371,0,送来热巧都洒了
10586,0,还不错。红烧肉分量足，但是有点小腻
9340,0,花蛤里全是沙子
6436,0,"豆腐太难吃,菜也放醋,太酸了"
9776,0,"送了一个小时四十分钟,催了无数遍,我第一次点外卖,气到发飙,垃圾正一味,我在家都差不多饿死,送到了全部汤都洒了,整个袋子都是油,这么垃圾的外卖第一次遇到,做不好外卖就不要做，垃圾！差评！这辈子都不会踏进你们店一步！恶"
4772,0,送餐太慢了。。。等的蛋疼。。。
5170,0,不能保证送餐就不要搞活动，2个小时送餐不能接受
7641,0,"南瓜粥味道很好,但是竟然迟到刷碗的小铁丝,焖面油油的,干干的味道不好"
8695,0,中午十一点定的餐，下午四点才送到……点的西红柿鸡蛋面，面和汤分开装的，送过来面全坨了，汤全撒了，彻底无语
6479,0,配送速度差评！！一次比一次慢！！一等就是一个半小时！简直让人抓狂！
4628,0,尼玛速度太慢，绝无下次，
4660,0,不好吃，香菇鸡肉卷，里面全是香菇，几根鸡肉，没有一点青菜，粥的碗那么小。
9616,0,水煮肉味道非常好，菜量足，豆腐鲜嫩可口，方便，服务良好。
4413,0,十一点半定的，说十二点半到，我知道我定晚了～我没催你们吧，理解你们吧，结果两点多才到，我吃的是午饭么？！能不能干？不能干别接单！
10114,0,一个多小时，好漫长，都凉了……
8939,0,不怎么样，量比去店里吃少多了，泡菜汤不好吃，辣牛肉粉丝好吃
8206,0,东西没问题，连锁快餐谁做味都差不多，范个懒想吃汉堡了。快递太肉了。。。11点下单一个半小时后才到，又不是高峰，有待改进
4699,0,牛肉拌饭超难吃
4074,0,"吃到一半发现菜里有小强,简直了"
11228,0,这次不太好，汤盒裂了，70分钟才送到。
5289,0,预计11:00到达的餐12:24才到……这样的速度让人之后怎么敢再订！！！！！！
4268,0,太他妈的慢了
6344,0,"如果不是减8元的活动不值得买了。17的定价你们对得起么,味道还行。12元比较合适，14，5元要加饮料了。"
6499,0,各种晚啊，要么就提前2小时送，总之完全不看预定时间的
7538,0,"送到了以后,抄手都烂了,都是皮了,坨成一疙瘩,根本弄不开"
11229,0,为啥每次都不要辣的，每次都是辣的
10819,0,送来以后饭已经凉透了，还要自己热！
8014,0,订单量大送的慢可以理解，可是怎么可以忘了给我放荤菜，而且留言里说了不要鱼豆腐和豆芽，还是放了一大把，太倒胃口了
4015,0,不好吃，不像厨师做的，连家常菜不如
5006,0,等了快两个半小时，商家各种不接电话，
6296,0,13分钟送到..冷饭
6727,0,关东煮味道不错。一餐之后拉了肚子，可见菜品卫生有问题。
10732,0,凉皮一般，其他的就不多说了。
11924,0,我只想说，真的很慢，我们公司就在它对面，可是时间还是真的慢11点半订的餐，13点半才送到
5336,0,肘子肉太干了，不嫩，吃着很硬。饼也有点厚。没有想象和网上吹捧的那么好吃。
7068,0,蔬菜特别不新鲜，感觉都要烂了
10105,0,味道著實一般送到時候飯涼涼的
8012,0,"不错,东西很多"
8676,0,"1.韭菜盒子…太咸了！不是一般的咸！,2.菜，口味很一般，这样的菜有点不咋滴啊。,3.服务：首先没有小黄鱼，电话通知后换了个牛柳，这没问题。后来送餐员打电话，告诉饭店把准备好的南瓜粥不知放哪了，需要重做，让多等会。又过了一段时间，送餐员打电话，说韭菜盒子我订了俩，只做了一个，赶紧再做一个补上……,这饭店管理怎么如此混乱？"
11097,0,粉没有办法吃了
6947,0,"太咸了，盐不要钱么,,,,,,"
11671,0,慢慢慢慢慢，岂是一个慢能够形容的
9158,0,送餐不送筷子，不送纸巾，醋包居然不是食品用的包装，是简陋的自封袋，全洒了，送餐时间比网络显示晚了40分钟。
5848,0,难吃的要死，番茄酱在热的东西里面一闷，再加上闷软的生菜产生的味道，令人作呕
6232,0,餐具都没有配送，哎！
6366,0,这次外卖吃的很不满意，本来定的饭说是没有了，让我换一个，还说什么不好意思包装费就不要了，最后还是原价给的钱，然后要的两个汤都洒了，一口没喝到，最不愉快的一次经历
9657,0,不守时，而且蛋糕送过来散架了都
8178,0,还未送达，而且已经超时
7712,0,等了半小时，送错餐了…不知道把谁的拿来了…又等了半个多小时才送来对的…都快饿死了！
8324,0,每次好像选了要发票，总是给自动取消
11791,0,我点的凉菜，给我送一盒热的烂白菜
9276,0,"口有点重,干煸豆角已经有些苦咸苦咸了,你们家的盐是马路捡来的么"
4077,0,小炒牛肉那几个热门的菜一开始做的特别好，赞过好几次，后来就越来越差，最近的两次直接上猪肉了，炒包菜干辣椒生的，菜叶是烂的，拍照给客服，客服说炒菜煮过头了，没错！说的是煮这个字！而且餐厅电话打不通，一路折腾。
10032,0,"比店里吃的差远了。少很多，好多好多洋葱。,送达倒是很快。"
4174,0,还可以，咸了点，送货超慢
8541,0,超时了十分钟，不过味道还行
5869,0,主要是速度慢得，没法吐槽了
4610,0,好多肥肉。。肯定不是肘子肉！
5120,0,还特意打电话说不要辣，结果还是给放了辣椒，客户的要求就没往心里去，受不了！
6626,0,时间好久~
10297,0,少送了一个肥牛啊！！
5731,0,还可以吧，挺实惠的价格。。。
10313,0,都说了菜不要加汤里，还加，而且菜也没有写的那么多，汤好油，加了韭菜，满碗的汤都是绿的。
10513,0,送餐的很努力的在赔付前几分钟把餐送到了。明明点了一小份外加一个排骨，非要分开装赚个餐盒钱。
11541,0,菜都撒了，米都让菜汤泡了，比预计晚了20分钟，这次特别不满意
5701,0,怎么还没到
10019,0,真的很差！！！千万不要点他们家！吃过这么多家外卖从来没给我差评！送来的汤是半份还是凉的！真尼玛服了！没有米饭让他送还不送！说话压根听不懂态度还差！
11913,0,"汤还可以,粉一般,上次在店里吃就觉得好像不熟,这次外卖还没在店里好吃"
7484,0,"12点40多分才收到,可能还说早了,要的鸡排饭,鸡肉又老又腥....再也不点这家了."
7175,0,"比一般好一点,比好一点一般"
5965,0,太慢了，等了快一个班小时，也不能打电话，投诉也不接。催单催到最后都不给催了，水也没给我。什么玩意。钱也不退。以后再也不订了
11946,0,味道依然很好，送餐等了一个半小时…
8617,0,"做的儿童餐吗？,怎么那么少？,还整个商务套餐,商务套餐都不够我儿子吃的,里面那是半荤三个半素吗？,让我如何表达我现在的心情,一个字,坑"
8141,0,"送餐慢了,可乐都快撒一半了"
9203,0,好吃，太慢，建议早点下单
7608,0,"肉饼一般，粥还凑合，一点下的单，二点半才送到，说电动车没电了，我觉得如果不能按时送到的话，应该及时和买家沟通一下，,避免买家联系不上而苦等！"
4226,0,两小时送到，自己体会！
5239,0,今天的酱香鸡腿肉竟然是辣的，郁闷，本来的好吃多了
8634,0,套餐配套的饮料不给了，而且15的套餐也取消了，问送餐人员说是因为优惠活动，所以这些该有的就取消了，优惠是不是骗人呢，给差评
11982,0,以前几乎天天吃，现在调料什么都不放，
10686,0,"时间非常长,一个小时了还没取餐,百度方面也不解决问题,连句道歉都没有,绝对不会再使用这个软件了"
10989,0,还可以，比预计时间晚了一小时到，不过还好
8042,0,点了两个菜，豆腐又甜又腻，还特别焦，牛肉老的咬不动，还有股骚味，是我在百度外卖遇到最难吃的馆子。
7096,0,太难吃了，真难吃，可难吃了，不足十个字，够了吗？
5889,0,太慢啦，八点半下的单，说是九点半送到。十点二十才送来。服了
5862,0,"等了一个半小时,菜都是凉的！"
8512,0,鸡腿真的不如全素套餐好吃，不是想象的那种炸鸡腿，感觉山寨，强烈希望20元套餐回来！！
4406,0,送餐极其差
11392,0,"两个小时送到,送到菜都凉了"
10349,0,送货速度太慢，餐厅距离我家很近，但是却跑到更远的地方去送餐，最后才来给我送餐，时间用了一个小时二十分钟
6224,0,太差了！送的都是坏的！要求退了！太无语了！
8362,0,鲶鱼不好吃
6277,0,等了两个小时送到。这个就不说了。人家解释过了。这个皮蛋瘦肉粥你确定就这么点??打包盒才多大?粥你给我装了三分之一那么多。你是在开玩笑么。我靠!!!
8237,0,一包番茄酱都没有
9301,0,送餐太慢了。。10点多订的，现在还没送到。。。。
7581,0,送的太晚等的着急。
6838,0,"我明确写出只有鱼豆腐那份不要米线,结果另外一份鸡肉的也没有给我放米线进去"
4880,0,超级恶心，晚了一个小时，商家电话不是正在通话中，就是接通以后无人接听，严重鄙视！！！太无良了
7751,0,"太慢了！！！！晚上还不错,中午不要点！"
9788,0,送餐超快，但是超难吃。。。
8442,0,今天送餐迟到40多分钟，晕菜
8356,0,开餐具袋的时候，你们餐具袋里锋利的牙签把同事的手都戳出血了，可惜不能上传图片……
4066,0,"东西跟图片完全不一样,鸡肉全是汤,卤肉也没几块肉渣,全是大白菜,极差评,太坑爹了"
5758,0,有股怪味，吃着没食欲
7325,0,等了75分钟，我要的星冰乐都变成水了，还有一杯热的焦糖玛奇朵，都变常温了，还撒了好多，真是太次的一次外卖了
7038,0,我要了三分饺子，一份荤香鸡蛋，一份荤香猪肉的结果都给我拿成荤香猪肉的了.还没有给我拿醋.还就给我拿了两双筷子.那个人都手抓着吃的
5401,0,卷饼都凉了
6282,0,凉拌豆腐丝就一小点儿10块钱，没有任何配菜，只有白白的豆腐丝，一点点盐味！
5708,0,味道不错，但是送餐第一次十一点45送的，我们定了4份，只送了一份，剩下的三份是12点10分送的
7203,0,太慢了等了1个多小时才送到
4086,0,前几次面是分开的！这次没分一个多小时送过来已经没法吃了！
5999,0,"味道没问题,但是可能中午实在是太忙了,从11点多下订单到1点才送到………而且薏米水也没给配送,后来又补送的…貌似也没给吸管……这次外卖是最不满意的一次"
9643,0,订的九点送到，十二点才到，呵呵
6271,0,"味道不错,就外卖来说,挺好了"
11300,0,再也不点了～
8194,0,备注写的很清楚饮料芬达不加冰，结果可乐还是加冰的，还没有管，怎么喝！要的套餐，薯条没有番茄酱，真心无语了！能不能用点心，谢谢！
8782,0,订的菜没有了，换了个便宜的菜，说了多退少补，结果没把钱给我退回来。诚信很有问题。锅包肉又硬又粘牙，酸的一B。再也不会点这家了。
11438,0,下雨，面条送过来陀了。。。
8607,0,时间挺好的，但是这次的饭菜不好吃，我很少挑的，很少剩菜，但是这次这个蘑菇炒的实在是不好吃...
5570,0,"送餐时间推迟了25分钟,太慢"
6790,0,"差评,不好吃,袋子弄的全是麻酱"
5705,0,"就这送餐速度,还有脸做外卖"
8485,0,还不错，就是时间太长了，催单两次，菜味道还不错
9759,0,送餐大叔很给力，这么热的天气很辛苦，就是店家你给冷面不给汤是闹哪样？难道干吃啊？小吃也没有，让店家在给送来，送到一点半，打电话说一堆没用的，后来电话也不接，还有百度客服总是在占线，这是要闹哪样？让不让好好吃饭了！
11078,0,接线员工态度太差。其他的还不错
7933,0,"给商家打电话直接问怎么没减5元,说不归他们管,直接给我挂了，，之后再打根本就不接，，什么玩意！！！什么服务态度！！！！"
10065,0,海带只有平时店里量的一半不到
4119,0,少送了饮料
8629,0,太清淡了，没什么胃口，菜饭明显不等量，菜太多，饭太少
9021,0,"说了不要辣的跟没说一样,没法吃要命"
4321,0,菜明显是剩菜，跟之前买的完全不一样
11826,0,味道还可以，但是送到时间也太长啦，十一点二十下的单，到下午一点半才送来，打电话打不通，打通就告诉已经出来啦，打了三四遍电话才给从新做了送过来，气愤呀
10233,0,"40块钱的面,就一块肉,还有啥可说的"
4151,0,送来东西都已经凉了，凉了味道就不好了，太不靠谱
10263,0,压根没送达，送餐员东南西北都不分，要退款
10583,0,米饭也太少了吧
11586,0,订歺后2小时才到
6932,0,越来越难吃了，换厨师了吧
5355,0,"十一点订的,等到快一点,以后再也不定了"
4632,0,三个小时的配送时间，如果想大家想订餐请三思。
8117,0,送餐员给我打电话比较粗鲁
8262,0,点的鱼头，简直跟垃圾一样。鱼头都臭了。
4973,0,能再慢点吗？？！！
8028,0,炸鸡沙拉太让人失望了，跟以前吃的大失水准。黏黏糊糊的特别难吃！薯条我又硬又干。可能是饭点的缘故？这次得点了三个，都不好吃。前几天你家不这样啊？
10129,0,"无语了,就差一个套餐俩字,居然连米饭都省了,。。。也赖我没问"
8575,0,点的是商务套餐，不过换成鳕鱼了
10573,0,送餐慢，13:40才送到，点的两样菜都不值得推荐
11880,0,味道不错，送的时间长了点
4115,0,送来的东西袋子也不记上、都凉了、快递也不行啊
11460,0,垃圾，等了两个小时才送到，都饿死了。再也不买了，垃圾
7620,0,疙瘩汤比学校食堂都差，没这么糊弄的！扁豆面，基本都扔了
10580,0,面条就几根、即使小份也不会那么少吧、出餐还那么慢
5637,0,餐还没有到，到底给不给送了
6135,0,两个小时才送到，饿死了
5347,0,送餐等了快两个小时还没到，十点多定的，十二点四五十了还没拿到饭，我只有在别家又定了一份，都比你早到
8079,0,送的时间太晚了，一个小时才送来
7769,0,慢的已经无法忍受！菜量也少得可怜！凉面也没有！再也不买了l
6253,0,不开发票！少3个包子！！
9934,0,上一次送餐用了2小时，这一次倒是挺快的，但是全是凉的，尤其是大酱汤，基本常温了，餐盒特别软也不敢加热，就那样吃了，很不舒服，但是外送也不能要求太多吧
4792,0,"史上最难吃卷饼！皮太厚！青椒太大颗,并且很辣,好歹也切碎一点,肘子味道太一般了,硬不嫩,太柴了，产品失败！还有包装的锡箔纸是个什么鬼，吃到最后汤全漏在锡箔纸上了,外包装那么大的纸袋是在浪费资源吗，真是想哭，重新研发吧,太失败！"
4253,0,1.等1小时都没送出，2.东西食之无味，弃之可惜。
7537,0,"面坨了。,口感不好。调味也很一般。蔬菜发苦。只有红油猪耳差强人意。"
8325,0,鸡肉还带着皮
5686,0,"真他妈恶心，送的粥跟猪吃的一样，5元的王老吉就是袋装的，超市1.5元的那个，还卖,你妈5块，送餐跟死了娘一样，半天才来"
7802,0,"竟然晚了20分钟,三明治是加热过的，送来变得变得又凉又硬，因为装三明治的袋子口是开的,骑士真是让人"
9739,0,太油了，这哪里是牛肉汤
11949,0,除了时间慢没别的不好
11848,0,为什么我先订餐，同学后二三十分钟订餐，他还能先收到，你们这个是不是搞错了
10444,0,不用尝了不好吃
11035,0,什么牛肉？嚼不动，没法吃
6432,0,"猪肉,好吗,哎,不说啥了"
5818,0,送到对时候已经不热了！我要求煎饼里放辣椒，结果放的不知道什么玩意的酱，太失败了，2星是为了豆腐脑
9246,0,大哥。。。我要的两份黄焖鸡。怎么有个一碗辣椒的东西。。。怎么吃。。。。送准一点啊！
11093,0,之前送的很快，今天不知道为什么特别慢，送餐的还不认识路，就在他家馆子门口……
10709,0,1点下单，3点送到，百度外卖改名叫饿死了得了，客服态度恶劣
11422,0,送了两个小时都打电话说取消了，还送来了，我狂晕
6103,0,点个套餐给2个可乐，我的豆腐脑呢是在逗我吗
4009,0,头一天看同事点的三份菜就一大盆，今天点了四份菜才一小碗……差太大吧，辣椒花椒太多，非常油腻……
4257,0,虽然我定的很便宜，但是能不能菜多点，90的米饭，10的菜，我也是醉了。
8300,0,12点50订的餐，14点50送到。披萨凉的透透的，怎么吃啊？
5252,0,送餐时间太慢了，打了五六个电话都没啥反馈。说是4点50能送，整整迟了一个多小时
9209,0,定的餐撒的哪里都是汤和油，看的都没食欲了，不知道从哪打开好，处理油渍用了姐半卷纸，我也是醉了。
9542,0,特别不好吃，年好酸
7199,0,肉都变质了，还说是新鲜肉，我就呵呵了
5546,0,这皮蛋瘦肉粥没放盐，真心难吃呀
5210,0,我定的6点15，竟然提前一小时送来
7229,0,"宫保鸡丁,鸡丁太干,花生不脆,口感不好,重庆辣子鸡,无香辣味"
7254,0,全送错了，要的热的给的冰的，要的冰的给的热的
11446,0,"外卖就是送到家啊,有一个小点的男生每次他送就喊到楼下拿。本来五分钟走着都到了今天竟然送了两个小时。"
11231,0,已支付订单，等待1小时打电话催单后，商家再（给“本机”）打电话询问，说是没订外卖，呵呵，还说没打错电话。好智能的机器。2小时的外卖，呵呵，外卖小哥还不耐烦催了。
4666,0,很油味道一般
7640,0,配送超级慢，快饿死了！！！
11951,0,家里人说有股臭臭的味道~
11564,0,我的两颗卤蛋呢！！
7300,0,咖啡送到的时候每个都只有半杯。。。
7182,0,菜量一般，有点少
5502,0,今天外卖的速度真是大失所望！
7571,0,饺子皮太厚饺子包的有点像包子
6084,0,定了四份套餐就给一双筷子两份糖
6737,0,餐也没收到！真心差
11765,0,太坑爹了。订完了一直是确认单。但是一直不给我送。二点了我同事去店里给我取说是卖没了。卖没了为什么不及时联系我。而且我的状态也还是确认状态。小俞府你已经坑爹两次了
10478,0,石锅拌饭量很小而且不好吃，蔬菜沙拉只有蔬菜连料包和沙拉酱都没有，完全没有味道。
9161,0,是我吃过的最难吃的宫保鸡丁
10172,0,订购照烧鸡送来了火鸡胸三文治
10361,0,"拌饭的质量,简直了,难吃"
4858,0,11点的餐，1点多才到手里。这都上班了，怎么吃？
11579,0,"说实话,不太喜欢口味,米线太多,汤料有点酸菜桶面的味道,反正不太喜欢"
6609,0,海鲜焗饭不好吃
10451,0,太难吃，石锅拌饭没有拌饭酱，外卖也等了好久
8981,0,"不好吃,特别特别咸,等了一个半小时"
7359,0,极少喝星巴克，但每次点都觉得产品质量和口感上不如意。如果是本着“反正是卖给有钱没品位的人喝的话”那不过是一个三流街店罢了。
6602,0,我一直喜欢吉吉熊可是昨天的饭里竟然有瓜子壳？我擦！
5424,0,一个卷饼不够，如果买的时候可以再添加买几个卷饼就好了。肉和菜很多。
11970,0,和以前的大不一样了，不怎么好吃
8461,0,"里面的糖醋里脊裹的啥东西全都掉了,粘的不牢固"
5588,0,送的慢还是凉的
10745,0,12点订餐，2点准时送到，酸汤扯面一点汤见不到，面都沾到一起了，尼玛呀
4895,0,饼有点硬，个人口味吧，我不喜欢
5707,0,"无语了啊,鱼香肉丝卷饼没有单点选项,无奈选了套餐,凑不到起送费又点了粥,于是注明了套餐送的饮品不要粥,现在好了,两个粥,真是浪费。。。还有外卖小哥的态度,啧啧。。。"
8776,0,今天送的很快。但是，但是，送餐的人把饭盒摔了，粥全洒袋子里面了。不爽
5188,0,速度太慢，要是太远派送时间无法保障，就不送好了
9133,0,饺子粘一起了
5103,0,宇宙卷饼是饶了宇宙一圈才送到的吧，等了2个多小时也是醉了。
9511,0,饺子很不错，就是送餐的太慢了，下次希望百度能快一点
6425,0,连续两天汤洒了一袋子，今天这个更夸张，放汤的盒子放在了最上面，盖子完全没盖上，1／3汤从最上面一路洒到袋底，每个餐盒都沾满了汤汁，也不知道是骑士不小心还是店家不用心，抱歉两边都3星，粉一如既往
8903,0,桔梗太难吃了拌饭一般
4192,0,味道不错，送货师傅平均不停打电话催，等10分钟就告诉在不下来就走了，也没有那么忙吧！
5174,0,非常的不负责任！送餐基本没两个小时压根吃不上！等你快饿死了，饭来了，彻底凉透了……
6166,0,在莫名其妙地取消了一次我的订单之后。我又带着我在东直门银座堂食的那次美好记忆里定了一次。步行10分钟的店面让我等了一个小时之后，换来的是完全冷掉硬地咬不动吞咽拉嗓子的煎饼。可送来的豆浆还是热的。也许煎饼在后厨呆了一个世纪才送到了我这吧。。。。。。。黄太吉，真的来得及吗。。。。。
11417,0,特别慢，等了一个多小时。个人感觉不好吃
4033,0,点的岩盐芝士可可和奥利奥奶茶，送来的两个全错了！
5783,0,味道差点意思，汤还撒了点，不过送餐小哥还是辛苦了
7863,0,说是12:10分到，结果1点才送来！两个小时才吃上啊！
9119,0,您这一共一双筷子也太凑合了吧
5659,0,不好吃，下次不会买了，就包装还不错
8507,0,慢了半小时
11860,0,11点下的单，到了下午一点半还没送，两个半小时就算走路也走到了吧，打电话催了3次还不给送，还各种找借口。建议大家不要点他家的外卖，巨坑爹！！！
9344,0,"豆角用的豇豆，就几根,好失败，味道好差，一股怪味，没以前好了真的"
11789,0,等了一个半小时还不送。电话是空号。呵呵了
6027,0,还行吧，份量挺大，就是煎饼里的油条都蔫了。整个煎饼被挤成了一坨…
11710,0,"还行,就是一个多小时才送达"
7044,0,送来时菜已凉，12元的一份青斑苦瓜，容量如外面早餐送的小菜，少的可怜
7602,0,配送简直慢死了！！！！
10173,0,勺子碎了。这次时间有点长。
9825,0,时间有些长
10659,0,皮蛋瘦肉粥点了两份送了一份。撒的袋子里都是。
10771,0,送过来已经坨成一坨，吃了几口，就扔了；在想怎么会有那么多人推荐，这么难吃
6178,0,太难吃了，吃到最后碗底有蟑螂，恶心死了
6106,0,"都太难吃了,豆浆并不是现磨的,一吃就很明显是仿料包的那种,凉面的量少的吓人又很咸只够铺层碗底"
11663,0,太慢了，路程距离应该只需要5分钟就能到，但是用了这么久，饭菜都凉了
6030,0,差评！！！！送餐晚到四十分钟，看在送餐员很辛苦的份上没说什么。你们居然拿我的投诉反馈当没看见！没在指定时间送达，我要求退款！！
7929,0,什锦蘑菇太差了，难吃，坑害消费者
5059,0,味道不错，多放蔬菜会更好吃，但是突然发现里面有一条头发，有点那种感觉，你懂的，以后多注意点，做饭的人把帽子带好，千万别再发生这样的事
11362,0,送餐很慢啊
10339,0,慢，饭还可以
8719,0,味道不错，但是送餐太慢了，而且说好的延时赔偿呢？
4882,0,米饭是夹生的，只好把菜吃了，饭扔掉
7569,0,果然像大家反馈的一样，饺子坨的不像样，一夹都破了！而且店家的醋也没密封好，洒了一袋…味道嘛，猪肉豆角还不错，西葫芦蒸饺不好吃。再说配送，我一直不能理解，百度配送那么慢你们是怎么有脸要五块配送费的？百度配送每次中午十一点左右点餐，都得送一个来小时，上次还有次快俩小时！你看人饿了么，官方配送最多四十分钟！不过看在满减活动给力的份上也就忍了
10303,0,明明三个人吃饭，店员只拿了一双筷子。无语。建议还是去店里吃。
4001,0,分量还可以……就是有点没特色……下回不吃啦
5911,0,越来越差，越来越差，虽然写了也没人在乎没人看但还是要写，等了一个多小时，订单莫名其妙就被完成了，可是我的饭呢？饭呢？饭呢？？？受不了？搞个毛线互联网+啊，送餐员也是叼着烟一副屌样，呸
10048,0,"凉了些,味道一般,没在店里的好吃"
8077,0,送的时间比较长，汉堡薯条都凉了
8809,0,不是一般的难吃，没有下次了
6043,0,10.30下的单，11.20多到，发现没带餐，再次送来餐已经是12.50，还没带餐具，纸巾。饿的我呀，无语了，只能差评，没办法。
8951,0,送餐员让我自己下去取的，天气热，疲惫可以理解，但是拌饭缩水了略失望
7715,0,菠菜没洗干净…
11122,0,送来的面都黏了，送货太慢了，等了1个半小时才到，从你店到我这10分钟的路程都不到，还能送迟，我就服了。
11155,0,菜品一直不错，但及时的送餐速度，也是好外卖的必要条件！
8232,0,下雨辛苦送餐师傅了，但是套餐少饮料
9569,0,真的不好吃，不过按照我的要求做了，谢谢
10399,0,冷面难吃死了，还不如方便面，太垃圾了，
10797,0,肉夹馍是剩的，没有汁，米线没有放盐，很淡，骨肉相连是凉的，烤翅是凉的，唯有凉皮不错
9898,0,送餐太慢了，足足等了两个多小时，说好的12：30送到，13：30才送到，送过来的全凉了，一点热气都没有
7678,0,"很难吃,特别难吃"
5256,0,快递服务差，提前俩小时订餐，晚了二十分钟，味道一般
6920,0,菜还不错，米饭有股烟味、糊味
5314,0,迟到四小时送来，真的是宇宙第一慢，迟到也不打电话说声，什么狗屁卷饼。垃圾商家。
4518,0,因为一直没有点上肘子卷饼，今天特地10点就点餐了。基本按时间送到，包装服务都挺好。但是！这也不能抵住我的失望，我期待的大片肘子变成一个一个的瘦肉块和肥肉丁！这怎么会是肘子这就是炒肉丁加辣椒好么！说加辣酱没有吃出来辣酱味道，饼还甜甜的。
8472,0,今天的一荤实在是太难吃了……
6037,0,煎饼量大，酱料味道一般，凉面太油，稍辣
9088,0,葱烧木耳，菜太少了
11811,0,这几天送餐越来越慢了，我11点十四分定的餐，将近两个小时才送到，菜品质量也越来越差
6151,0,"订餐一共下了3次单，,下一次店家打一次电话说没货了，要什么没什么！关键还不标注清楚了，你要没货就别上架！然后好不容易订上了，比同事早10分种下单的,一小时后,同事的送来了,吃完了,我们还没来！打电话催了2次才送到！抄手已经烂的加不起个儿了！一坨烂泥一样的！差评！！！！"
9857,0,味道还是挺不错的，但是配送太差了，很多东西都洒出来了，特别是小菜，弄得哪都是汤汤水水的
8087,0,没送辣酱，差评差评差评
9652,0,看不到榴莲，只有奶油，198不值那个钱
11310,0,要的番茄味送的其他口味，真是吃的不开心！
5671,0,144分钟，足足两个多小时。木有筷子。不会再定。
7026,0,"这店垃圾。一个多小时才送。,而且量小。,谁吃谁上当"
7911,0,小炒肉太垃圾了
7097,0,味道不怎么样，点了4个菜感觉就红烧牛腩好吃点
6723,0,"速度是有，蔬菜沙发都没拿就送！！和合谷居然说下次给我送,不让外送员过来了,还要加我微信给我转红包！真服了,，百度外卖人员为什么不确认好再送！差评"
5488,0,吃饱了，但口味一般，也许刚做出来好吃，建议老板尝尝送到手里的口味，看如何改良
7910,0,熘肝尖儿没有味道…很难吃。菜花备注说少辣、结果辣的要死。
6756,0,自己系统问题误了时间，还义正言辞，一点责任没有……呵呵
5305,0,盖饭菜太少了完全无法吃下去
4965,0,卷饼不太喜欢吃，肉是块儿的，肥是肥，瘦是瘦，没有酱料，而且配菜辣椒真是辣死我了。外卖小哥为了不上楼和我墨迹半天，有这功夫都走一趟了
5294,0,太慢了～～～～～是不是临时杀的猪
6341,0,"不好吃,全是面"
7983,0,米饭太少，还4元一份，不是我能吃，实在不像样
9958,0,接错单了，时间长了些
10810,0,送到之后面基本不能吃了
7684,0,粥里吃出了小苍蝇！！！
7184,0,"我这太慢了吧。百度外卖说给回复,回复哪去了，迟到了2小时。"
10625,0,超慢两个小时才送到
4044,0,菜品很一般哦，只能凑合
5915,0,"差评！必须差评！,送餐时间完全按照他们自己的方便来，根本不参考预约时间。送餐员还理直气壮。如果这样这个软件的送餐预约时间功能还是去掉吧，反正人家送餐的也不看。"
10608,0,显示11：20送到，12:10都没动静！！物流太发指了
9719,0,"饭一点都不热…,送的很快"
6345,0,"等了一个多小时还没到，就打电话催单，我说等了一个小时，接电话的服务员还说，哪到一个小时了！我有必要说谎么？定外卖多送的慢我可以理解，但是接电话的服务员的态度让我很不爽，又查了一下电脑证明我真的等了一个小时才说，送外卖的已经出去了。,还有三明治，料明显不足，不知是受减钱的影响还是受人多的影响。下订单时说多带一包番茄酱也没有带。"
8113,0,一个多小时才送到，都不好吃了
8216,0,"就一汉堡俩小时送到,点餐页面标注30分钟,逗呢？要不是看送餐的是个小姑娘挺不容易,我真是…"
6445,0,披萨冷了，但是味道还行
4534,0,"要是不想饿死,就别要他家饭,等了三个来小时,你大爷的"
5468,0,很难吃，客服服务态度差，5：30的餐晚了一个小时
11186,0,折扣越来越多少啦
6547,0,味道还行，就是送的太慢了
10652,0,我要特别辣，然后一点辣椒都没给我放，让我这种无辣不欢的人怎么吃的下去？咸鸭蛋也不咸！
10455,0,确定这就是炒乌冬面么？疯了
10747,0,这麻酱做的是巨恶心
8742,0,订单有老北京豆付，但送餐时没有，因为菜多也没细査，吃时才发现。
4105,0,"口味能再重一点吗？大料不用钱买？不喝三杯水,我是吃不下去的"
5602,0,"我笑了,等了俩小时餐还没来,打电话过去问又相互推诿,最后一天后再看餐已送达,什么玩意？就这诚信度还开店？以后再也不会吃了"
11599,0,饭菜做的不错，送餐速度有些慢，要是能快些就好了
8690,0,"粥有一股蒜味,至于送餐的百度外卖，你们真的太差劲了。"
10527,0,"一定不要点炒面,2小时终于坨成了石头"
7957,0,"单点的卤蛋和狮子头没有单放,放在饭里了,这点不满意"
6078,0,订单被取消了两次
5261,0,等了两个半小时，也是日了狗了
11193,0,米饭不好吃，牛肉太多水
11047,0,送餐的不给送上楼，让自己下楼取
7433,0,微辣的黄焖鸡是特辣，五香的排骨是微辣，难道是我点的不够清楚？
9618,0,宫爆鸡丁真的很一般、溜肝尖油放的超多！外卖服务超级坑人、前一秒说满30减8、后一秒又说网络系统显示错误、百度外卖、这次真的很坑人举动、反正下次不再光顾这家店了……
6931,0,金手勺店内的菜不错来着，为什么外卖的这么差，都没我做的好吃，真的不想再评价！
8056,0,挺快，味道一般
7552,0,够味！很辣很咸！凉菜分量有点少。
6806,0,草他吗特别不干净给我吃拉稀了草他妈的，
9361,0,送餐太慢，服务态度差
8255,0,铁板烧汁茄子味道真心不错！宫保鸡丁做的太甜了。水煮肉片味道还凑合，但是肉质太干！
6746,0,太难吃了，东坡肉就三块又特别肥，没法吃。
9682,0,忘放芝士。。。而且配送慢饭已凉
8221,0,还好我脾气好。等了两个多小时，都凉了。当夜宵吃吧
10488,0,"肉太少了,放了好多黄瓜丝,啥味道也没有,不辣,不是湘菜"
8527,0,"不错,就是菜有点时间长了,不新鲜了"
4778,0,买过这么多外卖第一次让我去楼下取的！还显得特别理所应当！一颗星给你都多！！！
8615,0,感觉肉不是很新鲜，希望baidu也能查下质量问题。
6654,0,定了两份奶油蘑菇汤，收到货发现撒在袋子里一份，本想投诉的。牛肉炒饭贵，您就货真价实呗，结果配菜少，牛肉可以安粒数，全是米饭。
6877,0,餐送来时都是凉的了；味道也和在店里吃的不一样；点的鱿鱼须整份，总共就几根；也没给一次性筷子；外卖的袋子也没有一麻一辣的图案标志，不知道是不是一麻一辣的东西。
8511,0,东西很棒，送餐服务很不好。迟到半个小时，也没表达什么歉意。
6143,0,我的豆浆没给啊
9798,0,定了三份牛肉拌饭，两位同事吃了都拉肚子！！！有一位严重到去医院打点滴，诊断为食物引起的急性肠胃炎！！！投诉到百度到现在也没个答复，真是无耻到极致，以后我不会再吃，我身边朋友也不会再吃了
11838,0,特别慢，不好吃
8521,0,有点咸。送餐速度慢。
4753,0,送餐的重来不上楼
5429,0,应该是最后一次点。。
10682,0,凉皮很好吃。就是南瓜饼和春卷儿太坑了
4244,0,点的肘子卷送的土豆卷，打电话说再送过来也没送。
10266,0,送餐慢一个半小时，菜品温凉不盏。这是一家卖面的餐厅，面都坨了！根本不能吃！两份说附汤的，结果只有一碗汤。很不满意的一次外卖感受。下次不会再光顾这家了。
7297,0,咖啡洒了，定了三次咖啡都是洒出来的
8955,0,米饭里十来厘米的长头发，这是能看的到的，真担心他家的卫生问题，以后再也不敢叫他家的外卖了
7651,0,都说了不要放葱蒜，还有就是到了指定时间还没送到，艹
7748,0,香肠炒面不好
10126,0,一份30-40块的拌饭烂成这样也好意思？！！？饭也少，菜也很难吃，跟嚼树根一样！
10673,0,0星，受不了这app的假状态
5827,0,"预计送达时间是12:18,晚了半个多小时才送来,还跟我说天冷都慢,由于饿,想着外送员也不容易,就把餐领了,回来打开一看,煎饼都凉了不说,鸡肉煎饼里的酱汁流的到处都是,把所有吃的弄的都黏糊糊的,薄脆也都烂掉了化了,打店里电话都没人接,太差劲了,再也不买他家东西了,同时叫的麻辣烫百度提前十分钟送到的还是烫的,差距！！！"
9484,0,破了好几个，有一盒里面还有不少饺子汤，麻烦敬业一点
11901,0,没给发票啊~
9909,0,"1.前一天有同事在这家订餐，送达时间早了一小时；今天送达时间晚了一个小时。,2.给商家客服打电话，找了一堆理由推脱。,3.打完客服电话后送餐员打过来2个电话，装作找不到路，送达后解释说第一天上班，被前一天订餐的同事认出是同一人。,4.,2.5公里的路程，送餐员步行送餐，送达后所有菜品完全是凉的，没有一点温度。现在北京的天气刚刚过完大寒！,5.第一次遇到这么差的外卖，以后不会再订，劝告商家做不起外卖就不要做。"
8632,0,稍微有点咸了
9217,0,这次送的非常不新鲜！要的是蒜香送来的麻辣，菜味道很臭，不会是隔夜的吧？
11124,0,为什么我订的鸡蛋，饮料什么的老是不见了？擦
6249,0,"都没有酱油醋,而且,十元一碗的粥,好少啊"
9724,0,肉太少……
11978,0,不怎么地'，凉的，吃完恶心
5088,0,等了1个半小时，送餐员态度极差！
4859,0,两个小时才送到！
6203,0,点了东坡肘子一位的，拿来完全惊呆了，十九块钱，就一小块红烧肉那么大，然后一圈不知道什么豆。不夸张，长宽高大概是三厘米乘二厘米乘二厘米…也就一口，麻烦以后直接标一口吧，比较直观，不够吃还能多点。这个菜以后是没法点了。
4990,0,我的肘子卷变成了香菇卷。皮蛋粥变成了南瓜粥。。不太合适吧....
11873,0,送外卖的态度差
7725,0,他家的菜真是，汤汤水水的，不推荐
7523,0,订单满减后应该是24，送过来要收我原价39？你搞笑呐，还少听加多宝！我管你什么美食送的还是你们自己的人的！你们自己问题就要我多掏钱？有病？
10104,0,饭菜送到凉了！不满意！
4744,0,就是太辣了，建议有辣的标明一下，或者反映在商品名称中。
6314,0,送餐很快，点的意大利面，比较硬，味道一般。
8905,0,"配送简直卡着点儿到的,写着13点31不到有一半儿的赔付，我也没有要，但是也太不准时了吧"
11115,0,太慢了，送了90分钟。
6690,0,本来点够了60应该减30，因为点了一个特价的鸡腿饭，结过就减了鸡腿饭的5块。我知道提交订单的时候有提示，点了特价饭就没有满60减30的活动了，没看见是我眼瞎。可是你们这么跟消费者抖机灵真的合适吗？以前只要订外卖我肯定选和合谷，可是这次吃完后真的感觉恶心了。祝你们生意越做越好，越做越精明。
4372,0,慢的要死，3个小时的苦苦等待……1.15送达
4121,0,老北京鸡肉卷不新鲜，吃着凉的怎么越来越不好吃了，还有奧尔良烤翅炸得太嫩了，好像有水分不像炸，吃起来像生的，沒有以前的好。不会这订了
6898,0,很差，很差劲，第一，来的饭冷冰冰的，第二80多的麻辣香锅就几片藕片和几个鱼丸和几个鸡肉还是什么没吃几口就丢垃圾桶里了，你确定这叫麻辣香锅？？？
8088,0,我的中可乐里有一张纸，我都无语了，这个如何上传照片啊，太恶心了，我不敢外卖吃了
10944,0,慢就一个字，饭菜全凉了，所谓的粗粮饭就是白米饭里插了半拉玉没有下次了。米。
5311,0,我买的土豆肉丝，送来却是土豆丝。高价买低价菜。送餐员让我打400客服电话，空号打不进去。就这样吧。
5083,0,难吃，花点心思在菜品质量上吧，否则。。。。
6478,0,啥也不说了，送餐速度是一如既往的......
11087,0,咸到我不得不评论了←_←，盐不要钱也不用放那么多吧！！！！！活久见
11575,0,我一度怀疑自己订的是拌面
10532,0,送餐时间有点长，但是外送态度很好，知道晚了还先给我打了电话，菜品好吃，也是热的
4704,0,辣白菜太酸，卷饼辣椒直接卷进去，味道一般，南瓜粥比较适合口味，下次不再点了
5577,0,一般，凉的，而且基本上全是饼，很厚，里面的馅没多少，性价比低
11898,0,送早了，米粉成坨坨了。。。
9525,0,"垃圾中的垃圾,可会忽悠人了,马上删除百度"
5338,0,送餐速度快，就是太难吃
7399,0,味道没说的。但是配送员是特么骑马来的吗？？付的venti的钱喝的tall杯的量？？洒的我也是醉了
4986,0,10：30订的，12：40才到啊。两个小时啊，害的我午休时间都没了。鸡肉老，整体味道勉强及格。太失望
4847,0,"9点定的,12点才送到,还只送到楼下,太差了"
5062,0,等了两个半小时，客服给处理了半个小时，最后就是默默送过来了，也没给解释一下。为了避免影响好心情，以后是不敢再点了。
4309,0,"肥肉太多！送餐太慢,不会订了"
11377,0,油撒了很多，袋子里全是油。味道还行。送餐迟了30分钟。
5061,0,"菜品也太少了吧,第一次见这么少的"
8665,0,服务送餐都很好。百度外卖下单之后改不了单。这个希望能改进下。
4901,0,减量了吗，没有咸淡味，菜也很少。
9436,0,速度太慢，两小时才送到
6908,0,饭的味道不错，送餐时间过长，所有的面全都坨了！难以下咽
4525,0,送得太慢了
5306,0,卷饼味道有点淡，肘子瘦肉有点多，太有嚼劲
4774,0,俩小时才送到。两份粥才给1个勺。逗我呢
6056,0,豆腐脑和豆浆洒的到处都是，煎饼成泡饼了，真无语
6334,0,"服务也是奇葩了。。。首先设置了18点送来结果17.25就到了。。请问不能准时送要我们设置这个功能干嘛！也是醉了。。。然后5分钟后打第二个电话问人呢，人已经下去了啊又不是都住在一楼飞也来不及啊！！！派餐员问我,你可以信任吗。。。我实在也是没脾气了,您说呢呵呵哒。。。。。你们赢了！"
7382,0,没有吸管怎么喝
7077,0,太难吃了，和店面应该不是一个厨师
6573,0,送餐巨巨巨慢，口味一般~
6791,0,吃完就肚子疼，一晚上没睡好！
7022,0,经常定，今天不一样了，还减量啦！定两份给一双筷子，以前可不是啊……
5621,0,粥坏了还送过来，一股酸味。真受不了...
6351,0,呵呵了个呵呵，+1r，不开心。
7856,0,锅包肉做的一点不好吃
4599,0,点的蔬菜肘子卷，里面除了肉就只有几片圆白菜！图片上的豆芽呢？！黄瓜呢？！绿蔬呢？！洋葱呢？！辣白菜呢？！差差差差差评！！！再也不会点第二次。
4278,0,第一次在百度外卖上给差评。两个小时左右才送到。而且不好吃。
8491,0,木须肉不干净
5086,0,X了狗了才会点这家
9414,0,不是一般的难吃，厨师应该是东北的，炒菜都是烩菜的味道
4953,0,快被饿死了，真的很不愉快的经历，商家电话一直也打不通
6210,0,能把人辣死，这是眉州东坡吗！
9877,0,米饭很硬，送到也不太热。口味很一般。
8112,0,备注了多带点纸巾和酱料，结果纸巾一张没有，连番茄酱也一包没有。。。餐送来基本凉了，但是和约定的时间是一致的，没晚。
7685,0,太难吃了，尤其是那豆腐跟白水煮一样
10919,0,10.40定的，11.50到的，真是服了气了，黄焖鸡吃的像红烧鸡块，不说了，绝对不在这里点了
9173,0,配送太慢了，小炒肉味道不错，干锅肥肠一般
4175,0,"都冷掉了,皮都軟掉了,可能還是得去店裡吃"
6710,0,太慢了！没见过这么慢的，11点之前就下单了，足足等了2个小时才送来，饭都凉了！
6410,0,真难吃死了。特别是麻婆豆腐，还能再烂吗
6549,0,迟到20分钟
6369,0,能准时送达吗？
10496,0,速度非常快！但菜好咸啊
4611,0,今天真是见识了，如此好的天气，送餐竟然能用了一个半小时。菜品也一般，皮蛋粥太咸了，鸡肉卷里一堆鸡皮，太令人失望了。
5732,0,要了发票为什么不给？！而且也不怎么好吃！
9211,0,送餐超级超级超级超级慢，10点30下的单快1点了才收到。。
7291,0,说了三遍加奶油，还是忘了，好难喝
7778,0,"洒了好多,手提袋上也洒的都是"
10018,0,慢，还少送了两份。后来又补送了到挺快
7329,0,速度慢，还撒了。不如美团外卖。
5854,0,送的超慢，煎饼这东西时间一长肯定难吃，豆腐脑还可以。
5551,0,不给退，卧槽
5507,0,"好吃,送的超慢"
7331,0,快递员电话说不能进楼，沟通发现根本就没搞清楚在哪儿就让下楼自取，下楼自取和下楼自己买有什么区别，还要叫外卖有什么用。
9219,0,12点打电话催单，说送出来了，结果一点半才送到，就一公里的距离，后来想取消订单，老板不在接任何电话，打通了拒接！我司已经集体将这家加黑名单了～
8006,0,说好的加一份油麦菜呢？
5727,0,"我要的蜜酱烤肠,给我送的是田园"
10966,0,不要定这家，送餐太慢
9982,0,"太慢啦,然后饭都凉了,很难吃,我发誓就这一次"
9031,0,"不好吃,很不好吃"
10616,0,没看时间要求……
4989,0,一次很不满意的订餐，第一次定，两个多小时才送到，电话无人接听，味道也不怎么样
4934,0,送餐时间上太差劲
9834,0,太慢了，两个小时才送来，都凉了
9314,0,"辣死了,但是送餐速度好快"
10365,0,炸鸡里面都不熟，红红的，送来晚了20分钟，都凉了
5004,0,"不能再凉了,我点了不要辣，辣辣的青椒会不会太多了…哭昏"
10631,0,1.号称已送达，订单完成。但我没收到？？？？？2.客服电话还没人接听。好吧，隔了十来分钟送到了，不过鉴于不正确的订单状态，维持差评。
10590,0,点了很久才送来，而且点的炸酱面坨的不成样子……差评！
4327,0,又慢又难吃
7319,0,送餐严重超时！！
6559,0,送餐，我等了两个多小时，饿死俺了
5662,0,超级差，南瓜粥已变质，馊了
10267,0,1点半订的，到了2.47的时候打电话过去说是还在店里，还没做好，这特么是搞毛啊？订单还显示已送达？卧槽，送给谁吃了啊？气死了，两个多小时愣是没见到饭，怕退订竟然私自给提交了，我也是服了。
10953,0,尼玛，十一点不到餐就送来了，你家10点多开午餐的？上次一单两点多还不到，第一个询问电话说我已经收到餐了，第二个询问电话接了说帮我问问，然后就没然后，电话放着忙他的去了，第三个询问电话说没把我的订单看漏了，麻烦跟客人打马虎眼的时候统一下口径好吧？没其他评价：去年买了个表
8475,0,20元套餐送来的时候都洒了，有一个明显滥竽充数
11739,0,去你妈的，什么几把玩意，气死我了
5986,0,送的太慢了1个半小时
8246,0,太糟糕了，大份的薯条只装了包装的不到一半。汉堡都像是儿童餐！
7462,0,比配送时间晚半个小时
6653,0,不给发票，差评
4715,0,太慢了！量太小太贵
5967,0,送货时间太长！！！
5638,0,"一点味道都没有，简直就是白水煮过的蔬菜和肉，点了一个牛肉卷饼，吃着根本不像牛肉，整体味道不如街上的煎饼，皮蛋瘦肉粥就是一小碗粥加了一两块皮蛋，说好的瘦肉呢？？？简直无语！！,差评！！"
4700,0,"慢,真心慢,真心慢,卷饼还可以,拌饭真心难吃"
11499,0,"我真的是特么的服了这个送餐速度了,2个小时,我特么,催了1个多小时,东西还真挺特么好吃的,就是太特么慢了,以后大伙们想吃就去店里吧,定了肯定耽误事儿,今天我特么就认了"
4783,0,送餐态度恶劣，非常非常不好
5866,0,一个多小时做不好三煎饼，做什么外卖，这不是坑人嘛
10920,0,从来没有这么糟糕的订餐经历！中午12:29下的单，12:32收到确认的短信，至此一直到两个小时以后无人送餐无人搭理，无奈下致电商家，无人接听，致电百度外卖客服，告知会尽快联系商家给我回电，一分钟后商家用手机回过来以后，态度非常轻蔑，一句“这不是网络有问题嘛”就完事了，最后15:00送餐的到了，还不愿意送上楼，我下楼以后对方直接一指旁边桌子上的塑料袋嘴里就哼了一个字“那”，转身就走了！经过了这一次，我算是明白了，以后订餐绝对不先在网上付钱了，打死也不在这家店订餐，想在这订餐的朋友，如果你能忍住两个多小时肚子饿，那你就订吧！利于减肥！
6251,0,"不好吃,尤其是红油抄手,简直太难吃了！！不值这个价钱,小笼包也一般吧,下次不会买了"
9774,0,这家店芝士泡菜炒饭太咸了！没法吃，芝士还很少
7634,0,食物很好吃配送很烂很烂，足足等了快两个小时，说什么电脑坏了没看到单子，那请问怎么接单的呢？忘了就是忘了还找借口，烂上加烂
6309,0,"好吃,但是吃完就一直拉肚子。。"
11630,0,不会再点第三次了！！！
11373,0,送的太晚了！
10840,0,培根嚼不烂
9993,0,"真他妈无语,11点定的,12点45还没送,打电话催就说送了送了,我靠,你家是蜗牛啊"
10164,0,味道一般，海鲜蟹肉的从来就没定成功，为什么还要在列表里面显示，没有就不要写出来，最后还要打电话说换别的口味
7710,0,我和同事同一时间订的外卖，她都吃饱了，我的还没到，头一次吃饭这么晚!!!
10902,0,等了100分钟
9544,0,送的比预计时间迟，也没提前打电话说一声，疯了一个多小时还是我自己打电话催单的，送到了被告知甜点没有，说下午给补送，结果到晚上七点了没信儿了，又打电话过去催，还好以后给补了，可能也是比较忙情有可原，但是服务确实有待提升，食材有问题或者品质不能保证你就别做别销售，让消费者承担你们的失误实在不合适
5795,0,菜做的咸了，味道也一般
6534,0,还是迟到，晚了30分钟
7770,0,炒米饭那叫一个粘，而且闷的没法吃！
4288,0,这破天气我也理解，但是这速度真的都凉了。。。味道一般
7819,0,一开始是显示11点前送达，后来等了一个小时还没有来，又显示11:30前送达超时赔。买一杯咖啡要1一个半小时吗？给客服打电话说给5折，结果我也不知道赔的钱哪里去了？！客户体验这次极差！
9781,0,定了正一味的辣白菜，18元分量很少，没有米饭，味道一般
7023,0,居然里边有空饺子！里边没馅！配送的很快。
10968,0,速度好慢，性价比还可以
7447,0,"送餐速度不是一般的慢,快两个小时才送来,宫保鸡丁饭米饭上面竟然还有咖喱"
9978,0,提前2个小时订餐，最后送餐晚到1个小时，饭菜都凉透了，味道又差，电话也打不通，下次不会再订了
6190,0,历时一小时，送到时菜都凉了
7496,0,送餐员什么的都像以往一样不错，但是咱们菜量不能少吧.....菜带的酱汁不能少吧...为什么宫保鸡丁饭全是白饭啊...为什么牛肉蔬菜饭里的牛肉那么少啊.....
6815,0,说实在的真心不好吃，送餐挺快的。量挺大的，一点味都没有！就米饭还不错，绝对不会再去这家吃了
10557,0,要是能再快一点就更好啦，榨菜肉丝面味道不错
9804,0,没有店里好吃
8766,0,有点咸，量也不是很大
4871,0,卷饼没有一点味道，尖椒土豆丝没有尖椒，粗粗的土豆丝。素拌饭只有一点点土豆丝圆葱和酱。饭硬硬的简直了。严重差评
9659,0,东西不错，但是送餐时间比我预定的晚了居然整整两小时，我已经提前预定了，还那么晚，实在太讨厌了！
5511,0,卷饼的菜和图片上差别太大了…半点黄瓜丝也没有，青椒丝就一根，剩下基本是土豆。淡而无味。再也不买了。
6206,0,下单时说43分钟，外卖人员告诉我2个多小时，最后米饭交了钱没给我带，电联咨询外卖人员详情，最后给我在小饭店买的米饭，也就白灼芥兰好吃，剩下的那个个菜垃圾死了，要不看外卖人员那么辛苦为难，我绝不会支付一分钱
7686,0,菜的餐盒已摔碎，菜和汤袋子里都是！是不是把我们吃的饭当球踢？！炒饭和粥一样！实在是不能上传照片！真想给你们拍下来看看！太气人了！
10751,0,难吃，还贵，明明在线支付了25元，饭到了，单子上却显示支付了18.85元！这是怎么回事？
5635,0,"冷了，饼太厚，口感很柴，锡箔纸包到饼内，很难撕开；,肘子，似乎不是肘子，是兽肉丁+肥肉丁"
10092,0,要等的时间太长了，无人送餐
4393,0,"2:30送到,小伙伴们,看着办吧"
9114,0,说是21种，送来的里面只有七种
8254,0,"单子竟然被转派了，,联系标注了电话的送餐员很不负责。,后来送餐来的人态度很好，,虽然迟到了很久，但是解释了原因。"
4131,0,"粥里的肉不新鲜,饼里有沙子,都是菜都没几块肉"
7648,0,配送巨慢，等了一个多小时
9568,0,不好吃，米饭黏成一坨，土豆丝一点咸味没有，难吃死了
10668,0,酸辣粉真难吃，只有酸味。
8219,0,"沙拉没给酱,没给叉子"
5717,0,"我同事说1个这么大,怎么吃,而且，图片上的啤酒呢？为什么没有！"
5267,0,和舍友一起定的，他先来，等了20min我的才来，还又给舍友送了一份
10718,0,除了肉夹馍好吃其它一般了，他们为了节省餐盒吧，打包羊肉泡馍过来汤一点都没有了。
9911,0,石锅拌饭里面吃出了塑料包装纸袋
8199,0,头一次用百度外卖，晚了近一个小时。
5327,0,"让我评论是吧？先不说从哪个宇宙送来的不关心，就说说专业素养，素养！！明白吗？没那金刚钻别揽着瓷器活啊，送餐的小哥居然告诉我不是你们那的人，也不是百度的人，难道你们还有宇宙派来送餐的吗？你们标题应该改改，叫太刺激卷饼，袋子上居然写更健康更懂你，我觉得也应该改改，得胃病,吃卷饼"
7848,0,"太油腻了,受不了,呃呃"
6335,0,点个加一元的饮料，送餐员闲麻烦说就当我没有定过，头一次碰见这种事情，真心烦。
10007,0,"牛肉就那么4-5条,太少了吧,味道不错"
11463,0,太难吃了，没味道，肉都没熟，速度还慢的要死。
10787,0,没我想象的好吃
10331,0,"辣炒肥牛没有辣,卤肉饭没有肉"
4047,0,餐盒好看，菜量也多，但是吃完后下午反胃，应该不会再订了
7132,0,"送餐太太太太太慢了！！！！！！整整晚了半个多小时！！！,当然，饭菜很好吃"
4739,0,简直不能更糟糕！！！汤汁流得到处都是，并且图片与实物差太多！纯素卷里根本没有绿色蔬菜
4594,0,饼很硬，也许是时间太久凉了。肘子肉也很硬，估计也是因为时间。
8019,0,5块钱一份的鹌鹑蛋居然只有2个。。。
4461,0,送餐速度太恶心了！将近3小时而且没交代！
6085,0,服务态度很好，东西也好吃
5064,0,"不好吃,有些吃生的感觉"
10357,0,挺快，饭一般，全是油
9300,0,时间太慢了
11119,0,没什么味儿～～
8407,0,很实惠，味道不错
6148,0,哇塞，太难吃了！！出乎意料的难吃，路边煎饼都比这好吃，还有鸭卷，肉都没入味，真的是服了！！差差差
8623,0,米饭有点生
4165,0,十点叫的，两点多才到，打了好几个电话，都没下文，也不回电，
5477,0,"等了一个小时,算少的了"
8759,0,为什么每次都送这么慢呢？还有这个水瓶已经被开过了是几个意思
5773,0,送到的时候彻底冷了，凝固在一块，肉都成脂肪块了。没吃，扔掉了。
10641,0,根本就没送
11818,0,虽然很划算，送餐速度也不错，但是不知道送餐的是不是没有保温措施，送来的时候饭菜已经比较凉了。如果愿意出门的话，还是去店里吃比较好。
5051,0,神奇的店子！大份的卷饼是普通的一倍价格，大小几乎一模一样！赚钱也不是这也赚的啊！
9961,0,拌饭咋没有鸡蛋呢，严重怀疑给我少送了，不爽
4620,0,菜品两分，不能再多，肉菜卷真没见着肉
7818,0,"被送餐员弄洒了半杯,滴的到处都是"
9055,0,没有在店里吃好吃，萝卜太多了
11252,0,送餐难倒是黑社会老大？太牛逼了
6540,0,预定是12:30送到，将近一点才送到也就算了吧，外送员的态度还很差，闺蜜脾气不好差点跟他吵了起来。外送差也就算了吧，点的是海鲜焗饭却送来了海鲜面，我也是醉了，大厨是不识字还是怎么的，弄错不是一次两次了。去年还没有这么差劲的服务，彻底失望了
4351,0,送得太慢了，险些饿死…
7360,0,送错了，要的热的，送的是凉的，还忘了带吸管…
4129,0,"送餐员不给送到公司,给我打个电话让我去电梯间取,还催我快点,连这么两步都懒得走,干什么送餐员的工作"
4415,0,土豆丝还可以，香菇的好难吃！
5195,0,很慢～等了两个小时～人都快饿死了～还没给送到地方～自己走了一段路取的。以后再也不订了～
11048,0,咋的了？送餐员啥态度？办公室门都不进扔门口桌子上了，门口没桌子你打算给我扔地上啊？假期结束你心情不好啊？我还心情不好呢，吃你们家东西多少回了，现在都这样态度了，米线碎了都
9289,0,送的慢而且饮料还没送
10823,0,"漏了鸡翅,钱没少收"
10576,0,速度和态度很好就是外卖明显量少啊希望商家加强这块啊
6080,0,名气大，味道真心一般。薄脆偏油，煎饼还不错。拉面煎饼是创新，另类了，不符合我的口味。土豆丝肉丝卷，我只能说，简直就是灾难啦！
10363,0,非常无奈，饭看着就不好吃，还不给筷子。联系配送员配送员不给送，联系商家商家说让我下楼自己买筷子，真逗，说下次再订的时候打折，只能说没有下次了，奇葩餐厅。一星都不想给
6799,0,"菜品都是碎的,感觉煮的火候过了,不好吃"
7663,0,11点多下单，下午3点都没送，被迫取消订单，我就奇怪了，怎么就完成订单了？我的钱怎么退？店大欺人吗？
9221,0,每次都有状况，丢餐，厨房漏电，不知道还能有什么花样
7161,0,饺子太难吃了，再也不定了。
10824,0,没有收到餐。。
9124,0,时间太长，菜到家都坨了
5007,0,10:10下订单付款完毕、要求11:30送到，商家来电说会晚点儿，将在11:50送到。但后来经过了无数电话催单，午餐最终在12:45才送到，已经上班了，没时间吃了，最失败的一次订餐，真是醉了……
10872,0,配送员送来的时候洒了很多
7487,0,"晚了一小时,要求赔偿,给我回电"
9068,0,瓜子皮怎么来的，小炒肉有添加新食材了
4893,0,天哪太慢了。真的要2个小时。肉多量大但是酱料太少味道有点淡。皮特别厚
4551,0,真是太难吃了，硬得咬不动
11827,0,慢的无言以对
7332,0,根本没有看我的要求
4248,0,送餐员态度特别差
5345,0,"首选是得吐槽一下这家的速度,一个半小时起,然后卷饼包装很不错,酱香鸡肉的比较赞,飘香肘子一般般,只是店家,我强调那么半天一点辣都不要,素卷里还是辣的,先吃了一口觉得你家酱汁太稀,味道淡,然后就直接吃到了红红的辣椒,我刚手术完几天不能吃辣啊,今天注定又是难熬的一天"
5735,0,没见过这么小的九寸披萨。量了一下。22厘米。跟6寸有什么区别
10749,0,面到了已经粘成一坨了
6758,0,难吃的要死，宫保鸡丁放黄瓜？那叫酱爆鸡丁我谢谢你！宫保鸡丁要放葱和花生米，还有那柠香鸡翅。也是难吃的要命，就不能正常点弄个奥尔良味或者黑椒味的么？。。弄个柠檬味鸡翅。。尝了一口就醉了。以后再不定了。死难吃死难吃的
11290,0,经过同意换成蒜苗炒肉了，但是蒜苗炒肉的肉有股馊味。。
4596,0,鸡腿为啥不见了？
9405,0,送餐慢得可以
4447,0,两个多小时才送到，我也是醉了。。。。打电话让我取餐，结果他走错楼了。。。。
7566,0,两个猪肉韭菜结果送来一份另一份变成猪肉白菜了！！妈个鸡吃饺子没有醋吃你妹啊！！！差评！！！
11699,0,非常难吃，鉴定完毕，不再从此家订餐了、
11896,0,不知道什么味，特难闻，吃一口就都扔了，和包装袋有关系吧，哎
9473,0,订了两份饺子，一份腊八蒜，但是腊八蒜没有送，打电话给商家问，商家没有任何致歉的意思，态度反而很不耐烦。问我怎么办，可笑你说呢，花一分钱也是我买的，你反而来问我？本来不是大事3块钱，为了凑单点的而已，有个好态度就好了。既然如此，你当然应该给我送到，我花了钱买的。但是商家居然在确定给我送的前提下，午餐点的，晚餐时间都要到了还没有送到。这样的商家我必须投诉，我已在百度投诉，我倒要看看会是什么处理结果！！
7352,0,"配送速度有点慢,奶油上面没加巧克力,直接就是大坨奶油,百度配送服务很到位,还鞠躬什么的,着实被吓到了"
8439,0,菜里面发现头发了→_→
4140,0,竟让是冰凉的，呵呵，价钱涨了，东西倒是越来越次了
11717,0,红烧排骨，来的全是笋子。店里面卖的怎么和送的差距这么大？弄不好外卖就别弄，又慢又坑、
10648,0,买了10个鸭头，送来的时候也没看，吃的时候才发现少了1个。
11550,0,科大这两步路送了一个多小时，啥也不说了，再也不见
10669,0,羊肉泡馍里有肉块是臭的！
6442,0,"太小了,味道一般,说多了都是泪"
10963,0,"服务态度差:打了10个电话都没接通;,送餐速度极慢:,2个多小时才把饭送来;,送餐员态度极其恶劣,竟然威胁恐吓我们,定过的的所有餐厅里最差的"
5806,0,没有到店好吃，区别好大，
11024,0,没饭了还是不想送了呀。我们十点半点的餐，你们十二点打电话告知我们点的餐没有了，什么人啊，不想送也不能耽误我们店别人家的，我看你们干脆倒闭算了，气死老娘了。差的我都不想再说你们什么了
6283,0,辣酱面都驼了，重点是餐盒收费还是烂的，所有汁都漏在袋子里，难吃没下次了再见
4513,0,没有第二次
6772,0,app订餐都显示制作中了，电话说要收30块钱车费，百度外卖减8块的活动也不参与。不参与就别跟百度外卖合作啊
7435,0,我必须吐槽一下送餐员，我家人刚刚出去楼下商店买东西，因为很快就会回来，所以门关了，但是没有锁，那你就能自己进我家了？还好我闻声赶紧从卧室里出来，不然不知道会发生什么！！怎么可以私自开别人家的门并且四处张望？不是没给你手机号吧！我家门明明是关着的！你竟然自己搬动门把手，这是什么送餐员
7610,0,两次都超时，饭菜都凉了
7915,0,配送员说饭馆做错菜所以晚了，期间没人和我联系过
10575,0,速度快，态度好
8758,0,"东西略贵,那么一点牛肉26,在超市26能买好大一块酱牛肉"
11986,0,肉夹馍不错，羊肉泡馍酱肉包很一般。凉面没想象中好吃。送餐倒是很快。
11166,0,送外卖的把饭放在门口的桌子上就走了，都没有告诉我一下，害得我像傻子似的等着，要不是同事告诉我门口有饭让我去看看，我现在还饿着呢！
0,1,很快，好吃，味道足，量大
1,1,没有送水没有送水没有送水
2,1,非常快，态度好。
3,1,方便，快捷，味道可口，快递给力
4,1,菜味道很棒！送餐很及时！
5,1,今天师傅是不是手抖了，微辣格外辣！
6,1,"送餐快,态度也特别好,辛苦啦谢谢"
7,1,超级快就送到了，这么冷的天气骑士们辛苦了。谢谢你们。麻辣香锅依然很好吃。
8,1,经过上次晚了2小时，这次超级快，20分钟就送到了……
9,1,最后五分钟订的，卖家特别好接单了，谢谢。
10,1,量大，好吃，每次点的都够吃两次
11,1,挺辣的，吃着还可以吧
12,1,味道好，送餐快，分量足
13,1,量足，好吃，送餐也快
14,1,特别好吃，量特大，而且送餐特别快，特别特别棒
15,1,口感好的很，速度快！
16,1,相当好吃的香锅，分量够足，味道也没的说。
17,1,好吃！速度！包装也有品质，不出家门就能吃到餐厅的味道！
18,1,味道好极啦，送餐很快师傅辛苦啦
19,1,量大味道好，送餐师傅都很好
20,1,送餐师傅很好，味道好极啦
21,1,送货速度很快，一直定这家，赞
22,1,很方便，很快就送到了。棒
23,1,好吃，总点，这么多够五个人吃。送的很快。
24,1,"很香很美味,下次还会光顾"
25,1,"送餐特别快,态度也好,辛苦啦"
26,1,服务很不错，送到的很快，半小时不到就送来了
27,1,速度很快，大雾霾天外卖骑士态度都很好，赞赞赞！
28,1,味道正宗，量大内容多
29,1,"送餐非常快,态度特别好,谢谢"
30,1,又快又好，量足，经常吃
31,1,好大一盆点了7个小份量足
32,1,配送人员态度好，速度快！
33,1,"在这种天气里感谢送餐员的辛苦服务,谢谢啦"
34,1,"送餐特别快,态度好,非常感谢"
35,1,送的非常快，包装好！谢谢师傅！
36,1,附近最好吃的麻辣香锅，不开玩笑的
37,1,味道不错，份量很足，建议都点小份。红薯超好吃就是太烂了容易碎
38,1,还不错，就是稍微咸了点
39,1,这么晚辛苦外卖小哥了
40,1,超级快就送到了，谢谢骑士很快，感谢骑士这种天气还在工作！
41,1,非常好吃，味道也很香，推荐！
42,1,"很好吃,速递快,下次继续选择"
43,1,很快，特别好
44,1,太麻了，青笋有点小，米饭给的也不多，土豆片都碎了，找不到了
45,1,点了太多次了，味道很香
46,1,"态度很好,地址填错了还是给我跑了一趟,没有表现出不愿意的样子,为了这个快递员,我写了评论"
47,1,快递小哥很快就送到了！赞！水煮牛肉肉质鲜嫩，辣的恰到好处，也很入味。不错，挺好吃的！
48,1,"口味,不错，干净味道好，送货员服务非常好！"
49,1,"送餐特别快,态度好,辛苦啦,谢谢"
50,1,"送餐快,送餐大哥态度好,辛苦啦"
51,1,"送餐很快,态度也很好,谢谢"
52,1,挺不错的！
53,1,快递大叔人特别好。就是百度外卖现在连个优惠都那个少，真要投奔饿了么了。。。。
54,1,感觉没有在店里的好吃，感谢送餐师傅我们家六楼没电梯还得爬楼梯
55,1,菜场好，挺好吃的
56,1,快递小哥辛苦了！下雨天的真是辛苦您了！给你点赞！
57,1,相当好！送餐快，一大盒子超好吃！
58,1,"送餐特别快,送餐员态度也特别好"
59,1,速度快，量多，很香
60,1,味道很正点！餐具很好用！送餐速度快！
61,1,鱼豆腐有异味儿，有点腻。
62,1,非常好！第一次用百度外卖，送餐很快，快递小哥也很礼貌。菜品量足，味道不错，下次再来。
63,1,味道不错！
64,1,东西还可以，但是没有在店里吃的好吃
65,1,锅底怎么是13？
66,1,"很香,很好吃"
67,1,"很好,送餐员也很好"
68,1,菜量给的挺足的，很满意，就是墨鱼丸不太好，有股臭味，其他都很好吃。
69,1,不错好吃，就是最后有点油
70,1,一个小时送到的，很好吃，但是点了平菇怎么没给
71,1,辣椒放太多了吧
72,1,锅仔酸菜炖腔骨怎么没见酸菜啊？只有青笋和腔骨，青笋也不是酸的。
73,1,很合口味。女友夸猪蹄好吃。过年期间都不容易。给快递小哥个赞。辛苦。
74,1,炒饭有点儿油，不过菜还是很好的
75,1,送餐很及时，菜品味道不错！
76,1,饭还挺实在给个好评送餐挺快
77,1,骑士服务态度很好，速度很迅速！
78,1,最近一直订这家的外卖，相当不错，够味儿，快递小哥也是棒棒的！
79,1,量很多，就是尖椒豆腐皮的味道差点，不是尖椒，是大海椒，一点辣味都没有呢！
80,1,味道还不错，红烧肉更软点就更完美啦！
81,1,"快递员很好,又快又负责"
82,1,味道很好，送餐速度也很快。
83,1,一直在订餐还不错好评
84,1,很好，送餐小哥服务不错，态度很好，准时，饭菜也不错，大冷天，赞一个
85,1,挺好吃的不错送的很快
86,1,美味，送餐人员态度很不错。
87,1,不错啊很好吃哦！送的好快态度很好
88,1,"又快又好,小哥态度很好,好评"
89,1,下雨天，小哥还提前送过来了，好辛苦，好评
90,1,"挺好的,服务态度也挺好的"
91,1,配送员人很好
92,1,不错，好吃，两个人没吃完，还会光顾！
93,1,小炒肉真心不是湖南小炒肉，坦白讲肉炒太老了，不推荐。鸭头不错
94,1,特别实在，实惠，量大，良心餐厅。味道也不错
95,1,很不错，菜品物美价廉～～～
96,1,空心菜份量少了点，汤不错
97,1,蛮好吃的就是饭太少了
98,1,今天送的真快，好评
99,1,送货时间挺准的就是对路不太熟悉～还可以吧～
100,1,最近迷恋金桔柠檬茶啊！
101,1,服务态度不错，骑手辛苦啦~
102,1,口味不错服务态度好感谢你们
103,1,今天真是超级快，感觉刚下单就送到啦哈哈哈
104,1,外送很快，给赞一个～
105,1,非常好。送的也特别快。棒棒哒！
106,1,好服务，就是习惯百度外卖的快速
107,1,口感好其他的不能比我喜欢
108,1,配送费越来越贵！！！！
109,1,态度非常好，速度快，味道好极了!
110,1,"好喝不贵,红红火火哈哈哈"
111,1,快递小哥辛苦
112,1,快递很及时，很方便很好
113,1,服务很好，下次还会订购
114,1,不错，就定他们家的1!！！！！！！！
115,1,送的及时，饮料很好喝哦
116,1,不错啊。快递很快，奶茶也还行。
117,1,很快。。布丁奶茶贼好喝
118,1,超好喝，快递小哥很热情，速度很快…
119,1,"挺好的,挺好喝的,不错"
120,1,好喝，也没有漏。，，，，
121,1,骑士很好，赞一个，很礼貌，辛苦了！
122,1,满意，速度也非常快。
123,1,味道很棒！辛苦送餐员啦！
124,1,经常定，特别好喝，快递给力。
125,1,大冷天辛苦快递大哥了。
126,1,超级快！奶茶一如既往的美味！
127,1,送餐很快，这么冷的天气辛苦了
128,1,外卖员名字跟我们家名字一样
129,1,服务态度很好饮料很棒！
130,1,在这样寒冷大风的天气里，等了一下午的奶茶终于到了，已经从热的变成凉的了。但仍感谢骑士的敬业精神！
131,1,"大风天,不容易,非常好"
132,1,"7点半下单,9点送到,今天天冷可以理解,外送态度也非常好,虽然等了很久,但是还是好评吧"
133,1,快递师傅特别好，大冷天真不容易
134,1,谢谢，非常感谢，那么等的天真是麻烦了，虽然等了会，但还是很感谢
135,1,"配送员辛苦啦,服务很好"
136,1,"喝了好几年快乐柠檬,第一次喝曲奇奶茶,个人觉得不好喝,本人还是更喜欢茶类冰饮,给配送员赞一个,大冬天的"
137,1,"一直都挺满意的~,骑士也很棒~"
138,1,"能送这个实在太好了,外送大哥辛苦了"
139,1,送餐很快，这么冷的天辛苦了
140,1,好喝，百度送的很快，非常感谢
141,1,一如既往的味道我喜欢的口味
142,1,"送货员态度很好啦！,非常感谢,辛苦了"
143,1,大哥很热情！不错!好评
144,1,大满贯奶茶！超大杯！
145,1,今天忙到忘了给我半糖，下次希望别忘。
146,1,快递态度很好，大冷天的辛苦了。
147,1,"速度很快,味道很好,很赞"
148,1,"骑士师傅人好,态度超级好"
149,1,服务态度好，速度快，值得表扬
150,1,师傅人很好，送的超级快
151,1,送的很快，师傅人也很亲和
152,1,好极了！送来还是热的！
153,1,非常满意！送餐很快！
154,1,十万个赞！最好喝没有之一！
155,1,百度骑士服务很好，全五分好评
156,1,"非常好,相当棒,很快，味道好好"
157,1,"一直很喜欢他家的东西,味好,便宜"
158,1,不错不错，快递师傅也给力
159,1,饮料好喝，送餐也神速。
160,1,岩盐芝士绿茶每单必点
161,1,一如既往的又快又好！每周都会在百度外卖买快乐柠檬家奶茶，送餐快，奶茶好喝，棒棒哒，开心～
162,1,快递员速度快服务好，辛苦了！
163,1,"元旦节晚上9点还在送真的让我感动,一直喜欢柠檬小子.蛋糕珍珠特别好喝,盐岩芝士加了珍珠很棒"
164,1,非常好非常快支持！！！
165,1,百度骑士特别给力，奶茶是经典大家都爱喝。
166,1,好喝好喝，超级喜欢这家的饮料，小哥送餐也很快
167,1,外卖小哥很赞！送的很快养乐多好喝！
168,1,再送小哥超帅！！！！
169,1,超级给力的骑士！饮料好喝！
170,1,"一直很好喝,这个很好喝"
171,1,好喝，送的很快，百度外卖我最喜欢用了！
172,1,每一样的很喜欢！会继续光顾哒
173,1,"非常好喝,一直喜欢,布丁好吃"
174,1,"送货态度非常好，提前了20多分钟，送得非常快，百度配送，靠谱！,奶茶一如既往的好喝，棒棒哒～"
175,1,嘿嘿把不错不错吧吧吧吧吧
176,1,第一次买冰沙，口感真不错！喜欢
177,1,师傅人特别好！送货超认真
178,1,外送小哥态度很好，很辛苦。
179,1,非常好！送货非常快！比美团和饿了吗好多了，以后就在这买了！
180,1,超快就送到了，喜欢百度外卖，真心赞！
181,1,"天气这么不好的情况下点外卖实在对不住外卖小哥,辛苦啦"
182,1,芋圆小丸子不甜～希望下次甜一点，真的没什么味道
183,1,虽然慢了些。但是能理解|
184,1,好好好！赞赞赞！态度好速度快！
185,1,非常快～辛苦了～很好喝
186,1,师傅人很好，服务很好，送得快~好评
187,1,"大雾霾的,外送大哥辛苦了！天冷注意身体！"
188,1,就是配送大哥忘记给我拿吸管了⋯⋯其他都很棒。
189,1,很速度，赞，奶茶也好喝。
190,1,师傅很好，服务很热情！
191,1,"派送员非常好。,速度快,态度棒棒的"
192,1,"建议再出款浓情可可，与岩岩的区别一下。,总体很满意啦！百度我支持你哟！雾霾天百度小哥辛苦你啦！百度公司一定要发给他们口罩哦，太不容易了！"
193,1,送餐员很热情，很好吃谢谢
194,1,小哥态度很好，两种饮料都很好喝
195,1,太赞了我家没电梯还能送这么快好感动
196,1,送餐员辛苦，奶茶好喝…
197,1,师傅服务很好.速度特别快.
198,1,百度骑士很快就送到啦！不错
199,1,热饮也有大杯就好了，中杯不够喝的
200,1,隔三差五儿的就点两杯味道不错！送餐员辛苦啦！
201,1,嗯，送货师傅依然很负责任呢！
202,1,速度快，服务好，必须赞一个
203,1,"还不错,送货很快味道也还好"
204,1,喜欢哦，每天都在喝，就是昨天忘了给我半糖了
205,1,百度骑士最牛x！！！！！
206,1,"非常好,非常快"
207,1,菠萝冻过甜，柠檬冰冻也不太好，但大满贯一如既往的好
208,1,送餐员辛苦！奶茶味道不错！
209,1,很喜欢喝他家的饮料！谢谢送餐小哥大冷天送来！
210,1,"挺好的,辛苦了"
211,1,超级好喝，几乎老点…送餐员师傅态度很好！赞！
212,1,简直神速…非常好喝。继续努力
213,1,配送非常迅速態度非常好给个赞
214,1,速度很快，奶茶也都封口了就不会撒出来
215,1,很喜欢，一周已经喝了四次了。最爱手榨柠檬绿
216,1,经常上班定这个喝，好喝，送餐员师傅，可好了。
217,1,快递员很客气辛苦，因为食物破损还跑了两趟，谢了！
218,1,非常好，现在每天都喝，下午一杯柠檬绿茶提神醒脑
219,1,喜欢。明天还会点。！！
220,1,好评啊，配送速度超快，这大雾霾天的辛苦啦~
221,1,辛苦送餐员，填错了地址又白走了一趟，辛苦了！服务态度很好！
222,1,换口味了尝尝、不知道是不是有进步
223,1,最好喝的奶茶，最给力的快递小哥。
224,1,超级好喝，快递小哥非常给力。
225,1,特别好喝，经常定，快递小哥非常好。
226,1,赞赞！加红豆味道更好！
227,1,好喝哦，但今晚我们作死点的无糖，感觉好酸，友情提示减肥的朋友点半糖
228,1,快递小哥特别好。奶茶棒棒哒！
229,1,很好喝，送餐也及时。。。。。
230,1,送餐员态度很好！辛苦啦！奶茶味道棒，谁让我是个奶茶控几乎天天喝…
231,1,这几天都在点，今儿给朋友点了几杯她们都赞不绝口！赞！
232,1,非常感谢！辛苦陈骑士啦！
233,1,好喝！味道超赞！送餐员也很准时！
234,1,"比上面提醒的时间早很多。,速度挺快的"
235,1,味道不错连着好几天了都在喝！
236,1,全都很棒，会继续支持。
237,1,"点了三次了,很好喝,送的也很快"
238,1,味道超级棒！送餐员大冷天的也很辛苦！超赞！
239,1,好喝！味道不错！送餐也很快！
240,1,非常喜欢味道不错，辛苦了！
241,1,这大雪天的，快递员给力！辛苦快递员了
242,1,还行，不错，快递也非常的快
243,1,好喝！快递小哥这么大的雨还送的很快！看他的湿哒哒的了！谢谢你们啦！！！
244,1,很不错，速度也很快。
245,1,师傅态度特好，真暖心，赞
246,1,大冷天的，快递小哥跟热情，准时，辛苦辛苦，很感谢
247,1,红豆布丁奶茶太甜。烤珍珠一直美味
248,1,"还挺快的～,味道也不错。赞"
249,1,都好喝。烤珍珠尤其好喝
250,1,美味，及时，经常订，希望优惠力度再大些
251,1,百度骑士特别准时，态度还特别好！
252,1,"快递员态度好,速度也很快"
253,1,味道很好，就是手滑点成冰的了，悲剧
254,1,非常不错，谢谢送餐的师傅
255,1,比预计时间送的还早十分钟，态度很好，点赞！
256,1,快递小伙儿特别热情.很好！
257,1,可惜不能更改杯型，又所有订单也不齐全
258,1,大冷天的，送餐员辛苦了
259,1,好喝，大雪天的非常感谢
260,1,。送餐员特好的说话。。。。。。
261,1,送货挺快的，送货挺快的
262,1,太快了，你是飞过来送餐的吧…
263,1,"送餐大姐人可好了，特别热情,五星！赞"
264,1,配送很快！送来还是烫的！很好
265,1,几乎每天都喝！…………
266,1,快递小哥态度特别好…辛苦啦谢谢
267,1,热饮有珍珠的。
268,1,百度的外送送了小礼品！很高兴！意外惊喜！
269,1,饮品味道一直很棒，有外送太完美啦～配送大哥服务很好，热心帮忙找零钱
270,1,服务很好！还送了吸吸冻！哈哈
271,1,好喝。。速度快。。。
272,1,非常方便！准时！很好！
273,1,奶茶好喝！送餐准时，到的时候还是热乎乎的！
274,1,奶茶超级好喝，喝了好多次了
275,1,他家的奶茶超级好喝。。。
276,1,奶茶超级好喝，推荐。
277,1,超级好喝的奶茶。。。
278,1,送的超快！！
279,1,速度很快，32个赞，服务很好
280,1,非常好送的很快，，，还是热的。
281,1,准时到达，太给力了！
282,1,速度很快。而且我找不到钥匙也耐心等。还安慰我说不着急。人很好。东西很好喝。下次还会买
283,1,特别感谢快递师傅！这么大风天气还准时送到！辛苦辛苦…谢谢啦！
284,1,速度很快，唯一不足就是第一次下单莫名的失败了。。。
285,1,很好喝！天天都喝～～
286,1,配送不错、态度也不错
287,1,"师傅人很好,，送的速度也很快。"
288,1,很棒的骑士！！！！！
289,1,还不错，绿茶还是个人喝不惯。。。奶茶给赞
290,1,小哥长得帅态度还好，好评
291,1,很快，没有撒，必须赞
292,1,很快，也很好喝，不错
293,1,很好送货大哥
294,1,奶茶很好喝，快递小哥也超给力！赞一个，辛苦了。
295,1,服务热情！点单时忘了一杯，给快递小哥打电话，有帮忙捎了一杯！
296,1,"有效率,非常好"
297,1,热情！速度快！
298,1,超快！服务好热情
299,1,"超级快,送餐员超级好"
300,1,很快好开心
301,1,优惠活动不错
302,1,非常方便！很好！
303,1,"杯子坏了,不过饮料没出来,其他都可以"
304,1,赶上雨最大的时候，外卖小哥很不容易
305,1,非常非常好！服务超级赞！
306,1,非常感谢百度外卖的服务，大哥因为找不到地方饶了大半个圈。
307,1,速度快態度好
308,1,❀⚘送༵来༵不༵是༵很༵凉༵了༵但༵味༵道༵还༵是༵不༵错༵的༵⚘❀
309,1,"还是那个味道,都很喜欢"
310,1,几乎天天都喝
311,1,弹珠和芋圆小丸子很好吃
312,1,"每次都买珍珠奶茶,很好喝,送餐速度也快！推荐购买"
313,1,送的超级快，送餐员很辛苦。快乐柠檬一直喜欢喝
314,1,奶茶很好喝，快递员也特别好
315,1,很好，很喜欢，希望出更多新口味。
316,1,送餐师傅很好呦！饮料好大杯！吓死宝宝了！
317,1,"灰常好～,经常点～"
318,1,"师傅相当神速啊,好评！"
319,1,外送小伙儿很逗
320,1,"味道超赞,送的也快提前了半个小时"
321,1,足不出户享受清凉，快递小哥谢谢啦～
322,1,速度快服务态度好
323,1,送货很快哦
324,1,叫了好几次，真心好喝
325,1,速度很快哟，女儿的岩盐芝士可可有点咸哈哈，我的的大满贯还是比较赞滴！
326,1,非常好，快递非常不错
327,1,每天都会买上几杯，快递非常棒
328,1,好喝，速度也很快，值得赞
329,1,"味道很不错,送餐人员态度也很好,很赞,以后还会来"
330,1,一如既往的好
331,1,少年很可爱—v—
332,1,非常的快、有温馨提示！
333,1,下次记得带够零钱
334,1,奶茶很好喝
335,1,送来的挺快的～味道不错
336,1,送来的非常快，饮料都非常的不错呦，超级喜欢
337,1,"味道很浓,而且还可以换不喜欢的布丁,很灵活的店家,赞一个"
338,1,感觉没有去店里的好喝
339,1,速度超级快呀，很好喝，冰爽
340,1,好的还可以
341,1,很棒！太快了
342,1,送餐快，非常好
343,1,曲奇很好喝
344,1,超级超级好
345,1,很准时！口味很好，大爱可可小丸子
346,1,"速度很快,谢谢送餐员,辛苦"
347,1,挺好，没撒！
348,1,岩盐芝士的也好喝
349,1,好喝～不用去外面买了～
350,1,下雨了，感谢送餐员
351,1,"非常好,辛苦送餐员"
352,1,挺快的，好
353,1,喜欢多年。非常好。
354,1,谢谢外送人员。在雨天的家里还能喝到快乐柠檬
355,1,"东西很好吃,送餐速度和态度也很棒"
356,1,本次订餐很愉快！
357,1,挺好的！下次还定！辛苦送餐小哥
358,1,"米饭好少啊！对我这女生来说也不太够哪！,水煮牛肉还是很好吃哦！"
359,1,骑士小哥辛苦啦！非常快
360,1,菜很好吃，就是炒饭这次给的有点少。
361,1,快递小哥服务特别好，餐送到还热乎乎的，正好吃。菜品不错。
362,1,"饭很少,要知道就多定两碗了,送餐师傅很棒"
363,1,"土豆炖得特别好,适合老人吃,谢谢"
364,1,速度比预计快很多，菜品不错
365,1,"辣子鸡越来越少了。,！！！！！"
366,1,送餐小哥真快，菜也很好吃
367,1,好吃，好吃，江山城的烤鸭真是挺好吃的
368,1,挺好的，挺不错的，味道不错
369,1,菜有点辣，菜量挺好，量大。味道挺好。
370,1,态度很好，效率很高，给十分赞
371,1,每次量都很足哈！超级赞，好吃
372,1,送餐很快，可是为啥没餐具呢，用手吃？幸好送餐师傅给了两双百度餐具。
373,1,百度骑士速度好快啊！而且服务态度超级好～～江山城的饭一直很好吃，走了外卖很方便呢！
374,1,麻辣香锅做的真好吃，
375,1,很棒。。很快。。很好吃
376,1,他家菜很好吃，有求必应，送餐速度很快，赞
377,1,速递小哥辛苦了，饭菜到手还是烫烫的，在这寒冷的日子，谢谢啦！
378,1,很好吃，菜品味道很好，有要求都很爽快满足，赞
379,1,点了三个菜，师傅拿来六盒子，量很大的。千叶豆腐和包菜咸了点，鱼香肉丝咸淡刚刚好，口味很好，干净卫生，没想到这么好，还送了几颗山楂，希望品质会一直保持，还会再来滴。
380,1,挺快的味道不错，推荐大家选择。
381,1,服务热情，送餐高效，很满意
382,1,味道不错，挺讲究的，私房豆腐很好吃
383,1,有一点问题，就是餐盒用的太多。没有必要
384,1,在家附近吃了很多年，烤鸭一级棒。
385,1,送餐快，菜品还是热的.服务也好
386,1,很不错，以前都在店里吃，现在方便了
387,1,不错不错，味道可以！速度也还可以
388,1,很棒的哦，第二次订餐了
389,1,丸子很嫩，拔丝山药还给配了一袋水，呵呵，好贴心
390,1,很快很好吃更给力会继续支持的
391,1,不错哦，感谢百度骑士！
392,1,这家店和百度外卖太配了，炒菜速度也快，送餐速度也快，全家都很满意，点了四个菜，宫保鸡丁、鱼香肉丝、酱茄子、酸辣土豆丝，土豆丝是面的，也挺好吃，其他几个菜品味道都不错，多吃了碗米饭，作为送餐能这样的效果超级知足了！还会再来！
393,1,速度很快，菜的味道也好！不错！
394,1,毛血旺辣度正合适，料很足，比眉州的性价比更高
395,1,宝宝很爱吃荷兰豆，甜甜的
396,1,"第二次买了,挺好的,以后继续"
397,1,"很好吃,送餐速度快,下次再来"
398,1,送外卖小伙服务真棒，很尽责！
399,1,挺好，继续保持！
400,1,味道很棒啊
401,1,配送师傅速度很快，态度也好。
402,1,"百度外卖超快,有些菜没了，换的"
403,1,"百度外卖，赞。,菜不错就是请注意包装。"
404,1,"百度外卖，赞。,店家的包装要提高，都洒了！！！"
405,1,店家给力，骑士哥们也给力，辛苦了谢谢，，下次还点。
406,1,外卖小哥很可爱。饭少。zz
407,1,好吃，服务也好，满足了我的需求
408,1,配送速度很快，服务态度很好
409,1,非常好的服务，跟鞋你们
410,1,谢谢骑士，辛苦了～～
411,1,不错，方便，挺好吃的
412,1,那个汤的味道是真心的接受不了，其他的还好，味道比较不错。
413,1,第一次吃鸡米饭超级好吃！送餐也超快！
414,1,"排骨鸡里没有青笋么,下次放点吧"
415,1,"汤很好的说,送餐很快,棒棒da"
416,1,"吃的挺好的,以后还会点别的"
417,1,帮女朋友订的，味道很好。
418,1,鸡汤咸死，无法入囗！
419,1,不很好吃，微辣就是一点都不辣
420,1,撒得一塌糊涂，味道不错。
421,1,不错，味道挺好。值得点赞。
422,1,少一盒米饭，只送了三盒米饭，我要了四盒
423,1,快递给力，排骨饭和鸡饭全是肉，味道好，汤都拌饭了，一个女生吃不下一份。
424,1,很香，也很好吃～只不过排骨里面的碎骨头有点多。
425,1,还要说十个字！？好好好好好
426,1,微辣一点都不辣啊
427,1,味道很好，服务很快，值得拥有
428,1,喜欢吃黄焖鸡，味道棒棒哒
429,1,味道不错，送餐速度快！很不错大赞
430,1,嗯，好吃，黄焖鸡真是吃一家一个味，我喜欢这个味道，棒棒哒
431,1,卡超级快就送到了谢谢谢谢
432,1,满意，很好，配送给力食物好吃
433,1,味道很好，可惜吉野家的量一直不太多
434,1,很快，很好，经常订，谢谢师傅
435,1,真不错，价格便宜实惠，分量足，最满意的一家
436,1,物美价廉，很好，谢谢。
437,1,这大冷天的辛苦骑士了！谢谢您！饭很好吃！
438,1,味道一般，但是服务和饭菜质量很好！
439,1,到的时候饭饭热乎的呢！又快又好，大冷天的真辛苦，感谢！
440,1,米饭有点硬，有点凉了。
441,1,百度骑士很棒，又快又好
442,1,特别好吃还会来!!!!!
443,1,东西好，对川人不合口味
444,1,很好吃。也很速度。服务态度也很好
445,1,"送餐简直是坐火箭来的,太快啦。送餐小哥很热情。非常满意"
446,1,送餐非常速度，负责人，热情！
447,1,"不错,第二次购买了,很喜欢"
448,1,服务和味道都是不错的
449,1,看着不错，饭量也还可以。
450,1,"飞速送达,谢谢配送员,菜品也不错"
451,1,确实很快，食物也不错，比吉野家便宜。好好好。
452,1,服务周到。很贴心。我喜欢。
453,1,送餐速度很快，非常好
454,1,外卖小哥送的很及时，服务态度很好。给个赞！
455,1,百度骑士很快，菜品也不错，应该是有所升级
456,1,百度骑士非常快，菜品也很不错，好像有所升级
457,1,盐酥鸡太不正宗，不好吃，饭不错啊
458,1,配送很快，师傅态度很赞。非常感谢百度外卖！
459,1,"骑士人很好细心超快速赞一个,饭还好量大"
460,1,"太实惠了,味道好,好好好好"
461,1,"快递小哥很好,赞一下"
462,1,"挺好味道比较淡,还好给了盒榨菜,还不错"
463,1,很不错，饭菜量都很足
464,1,速度真快，20分钟就到了，而且味道不错呢
465,1,"速度很快,赞一个快的小哥"
466,1,很好！外卖小哥很给力！！！
467,1,送餐员辛苦，饭也好吃，继续购买
468,1,快递员辛苦了，菜品也不错
469,1,"都是肉,有些干,肉真的很多,多一些汤汁就好了,味道还不错,还送了个速溶咖啡"
470,1,速度很快，用了不到20分钟就到了，东西也很不错，赞一个！
471,1,送餐快，味道可以。如果有满减就更好了。
472,1,速度很快，东西也不错，赞一下
473,1,好评一个。干嘛非要10字以上！！！
474,1,送餐的哥哥好快呀，态度超好，这大冷天的真是辛苦了
475,1,味道很好，米饭软硬也刚刚好。
476,1,快递师傅很好，饭也不错，味道不错，尤其量也足，那米饭给的，都吃不了，太少见了
477,1,很好吃，量大。快递小哥，服务一流。
478,1,很好！份量很足，香干回锅肉里的萝卜干很好吃，每份饭还送了咖啡，谢谢！
479,1,快！外卖小哥特别棒！
480,1,饭到的很快，服务非常好。
481,1,"很好,外卖小哥服务也很好"
482,1,"特别快,感觉定完没几分钟就来了,送餐小哥很细心,赞一个"
483,1,送餐小哥很不错，很有礼貌啊！
484,1,"很好吃量也很大都吃不完,赞一个"
485,1,这饭太给力，吃不完都
486,1,挺好，速度快
487,1,配送很快，赞！套餐份量很足，味道很好，特价价格也很便宜，非常划算！
488,1,好吃，好吃，好吃，重要的事情说三遍。
489,1,很好吃，满减时买价格也合适~~
490,1,挺好的，送的也挺快的，米饭再好点就更好了，感谢送的coffee
491,1,送餐员很给力！大大的赞
492,1,"速度挺快的,赞一下"
493,1,送餐员态度很好，产品质量也好，满意。
494,1,不错的一家小店噢，以后会经常光顾的，推荐黄焖鸡～
495,1,"味道很好,只是最近双拼换了餐盒,参合不大好,送餐及时,送餐小哥认真负责,态度很好"
496,1,送餐小哥服务太周到了
497,1,"非常好吃,量也大,送餐小哥工作认真负责,棒棒哒~"
498,1,吃起来就知道很干净，入口很干净的外卖不错
499,1,送餐的小哥非常赞，大冷天的，真辛苦！态度速度都超赞，必须五星！
500,1,送餐很快，味道也很不错，量大
501,1,送餐员王昭晖很努力，态度很好，好评
502,1,"就是好吃,量还够。速度也快"
503,1,还可以，就是米饭偏硬了点
504,1,小哥态度特别好。东西也不错
505,1,很好，离得公司近，郭师傅送餐也很快，很满意！
506,1,第二次点，这次送的速冲咖啡。
507,1,送餐非常的快，价钱给力
508,1,捡了个便宜，搞活动正好看见了，味道不错，量也大。
509,1,百度外卖速度快，态度好。
510,1,"分量很大。对于食量小的妹纸是可以俩人吃一份的…。味道也不错,送的又快。非常赞！"
511,1,沙拉忘了酱
512,1,非常不错，还送饮料了！棒棒哒！
513,1,非常不错！！！味道很好，很快
514,1,什锦蘑菇有些腻，饭量挺大的…
515,1,"太好吃了这家,还干净,量也够,棒呆"
516,1,送货的小哥服务超好的
517,1,配送人员超有礼貌：）
518,1,味道蛮好的，鸡蛋煎成了花的形状好可爱
519,1,送餐小哥好帅好帅！！他说希望给好评那就一定是好评好评！！
520,1,活动挺好、希望继续保持
521,1,送餐员辛苦了！可能不要同时点肥牛和鸡排会更好，点在一起有点腻。味道还是不错的。
522,1,还不错，肥牛有点干。
523,1,挺精致的午餐、百度快递不错、很快！
524,1,真的优惠！！送的不慢！！
525,1,口味还可以，肥牛入味还行
526,1,"无意中看到有特价套餐,味道很好,送餐速度也很快"
527,1,送餐小哥赞一个！！！辛苦了
528,1,送餐速度很快，味道还可以
529,1,量大，味道也不错，性价比超高。
530,1,不错、白度快递小哥速度够快！饭品也OK
531,1,蔬菜色拉新鲜，配菜颜色不错，就是米饭不太好吃
532,1,"什么叫完美~,订了口口香~优谷你就知道，不是打广告,真的非常棒，味道，菜色，必须赞，足足足！,百度骑士非常给力。服务是想当热情，在楼下非常正式的军姿等待我们取餐，双手端饭送给我们，还祝我们用餐愉快，一双墨镜透着帅气~"
533,1,还可以，就是汁少了些
534,1,这个套餐太值了，从下单到到达，简直是空运的速度
535,1,味道不错，外卖小哥速度快，态度好
536,1,"百度骑士超酷,速度很快"
537,1,味道很好，配送师傅更给力，准时，饭热腾腾的
538,1,"送的太快也不是好事=,=！"
539,1,虽然第一次少发了，联系了店家又马上补了一份，很好
540,1,很满意。味道好好，量还足。送餐好快，谢谢百度外卖的送餐师傅。
541,1,配送超级快，配送员态度超级好，下次还来^_^
542,1,飞一般的速度
543,1,很棒！下次还来！
544,1,"师傅送餐神速也！,非常耐心,非常体贴。谢谢！"
545,1,送餐速度非常快，服务态度非常好。
546,1,快递真是神速，没见过这么快的送餐
547,1,特别好。味道也好，送餐很快。
548,1,快递小哥很帅，很可爱，饭也很好吃！
549,1,好吃！以后常订！
550,1,没想到这么好吃，好评！！！
551,1,没想到味道这么棒，以后我就多订，请多多关照！
552,1,道菜的味道还可以，配送很好，服务很好。
553,1,大过年的辛苦了
554,1,一直吃他家湘菜～味道正宗。
555,1,骑士小哥非常好，菜也很好哦
556,1,送餐员态度点32个赞
557,1,元旦美味！刀功细，菜入味！
558,1,炒菜需时间较长，配送小伙提前电话提示，细心！赞一个！
559,1,很好，快递特别快快快。
560,1,快递小伙真不错，菜的辣味十足
561,1,米豆腐好吃，下饭啊～～
562,1,"不知道为啥连袋子都没有，端的我一手油，牛肉的味道可以就是师傅的刀功能再好点么,大的太大小的太小。白菜太油了,建议青菜少放点油，有汤都可以"
563,1,"猪手好吃啊，包菜一般,没什么可说的"
564,1,牛肉、大肠稍微有点少。
565,1,"百度外卖,送餐速度快,服务不错"
566,1,送餐及时，服务态度热情
567,1,很快，很方便，下次继续支持百度外卖
568,1,送餐小哥辛苦了，大冷天的
569,1,谢谢送餐员！冒着寒冬送餐
570,1,"虽然比不上湖南当地的但在北京来说味道算不错啦,老板湖南人吧"
571,1,非常好，速度快，态度好
572,1,"餐盒漏了,菜油洒了一袋子"
573,1,肥肠超级多！量很足！一直很喜欢他家的菜品
574,1,一直很喜欢他家的菜，全部，擂椒荷包蛋最爱
575,1,有点辣还行吧，米饭少
576,1,好吃得不得了！懒得出门了哈哈哈
577,1,快递员很给力，很快就送到了，谢谢，辛苦啦快递员
578,1,不错，还挺好的。百度送餐员态度挺好的
579,1,非常好吃也很快
580,1,很不错，好吃，以后还会买
581,1,速度很赞，服务很好，不错
582,1,老公喜欢这家的炝炒湖南大白菜，点了很多次了。派送也很给力
583,1,真快！还省了15元
584,1,服务特别好！！
585,1,送餐小哥帅气，态度好，菜品新鲜，扫光光喽!
586,1,不错，很好吃。
587,1,还不错，辣椒很好吃
588,1,基本隔一天吃一次，小炒牛肉不错，吃不腻。
589,1,服务好，菜挺好吃的
590,1,送菜速度很快，很好，谢谢师傅
591,1,很快，不过
592,1,态度好，菜味佳
593,1,好吃是好吃，就是牛肉味不浓
594,1,味道很好！
595,1,紫苏黄瓜油大了点。烧椒皮蛋醋多了辣椒吃起来发酸
596,1,好吃，就是米饭少了点
597,1,莴笋和烟笋什么区别？我点的是绿色的那种青笋怎么给我送个黑色的请问哪个菜名是砂锅里绿色的青笋
598,1,非常正宗的湖南菜
599,1,腊牛肉好吃极了！
600,1,这么大的风！骑士送来还是热的！速度真心快！
601,1,评价晚了点，服务很好很赞
602,1,配送员的速度超快，本来预计10:45到的，10:25就送到了！！非常满意
603,1,很辣、但是很香～吃完一次还想吃哈、送餐速度也很快～
604,1,比预定时间快了20分钟～很好～
605,1,骑士非常负责，谢谢您，辛苦
606,1,作为襄阳人，就是这个味！
607,1,少一份肉末酸豆角，因为上次少个卤蛋，这次多给了个卤蛋
608,1,速度快，态度好，好评！
609,1,辣！很辣！很过瘾的辣！
610,1,热干面不好吃。。鹌鹑皮蛋调料汁味道好怪，其它的还挺好，派送员服务很好！
611,1,太爱吃了，经常定，速度特快
612,1,味道很正，速度超快，定过好几次了
613,1,严寒天，快递哥好辛苦，秒速送达，好温暖，真心谢谢
614,1,大冷天的也真是辛苦送餐师傅了，谢谢您
615,1,超级聪明超级赞！！一万个好评，今天特别冷，送餐小哥辛苦了
616,1,送餐快，味道好，，，，，
617,1,一如既往的家乡味道！好
618,1,家乡味道，真心不错。
619,1,感谢骑士小哥，这么冷的天
620,1,非常方便，百度骑士很赞！谢谢
621,1,送餐很快～师傅很好～面也好吃
622,1,经常来买，不多说了，
623,1,"味道还不错,送餐师傅很不错,牛杂略咸"
624,1,"很好，速度很快,味道也不错"
625,1,师傅速度快，服务态度好，菜好吃！
626,1,"很好,速度也很快,继续努力～～"
627,1,超级好超级好超级好啊
628,1,配送很快，态度很好，五星好评
629,1,配送及时，态度很好，五星好评
630,1,还是一样的好吃，全吃掉了！
631,1,送餐快，已经在吃了，服务特别好
632,1,"送餐师傅棒棒哒,怕我冷,东西送到大厅里,好贴心！！！！"
633,1,配送很快，服务态度很好，五星好评
634,1,送餐速度快！
635,1,酸汤的牛肉面对我来说不够酸，总体都还不错
636,1,挺好的，味道不错，送餐挺快
637,1,很快，快递员很热情。
638,1,好吃，速度也很快！分量刚好
639,1,新年第一天速度依然超级快
640,1,都不错，配送员很负责
641,1,送餐大哥神速啊。一定要
642,1,豆皮还挺好吃的，热干面也还行
643,1,送餐很快！师傅辛苦了！！
644,1,老板不错，焖面没有了，换了贵点的牛肉热干面，也没有另收钱，味道不错
645,1,送餐超快！谢谢！给100个赞。
646,1,味道不错，送到还是热的，快递大哥辛苦了
647,1,第一次用，感觉很好！
648,1,配送及时，味道佳。湖北人必吃
649,1,"送餐太快了吧,飞一样的速度,给送餐员点个赞"
650,1,"热干面口淡,皮蛋还不错,送货速度很快"
651,1,不错哦，快递员人很好
652,1,很快，不错。
653,1,送餐巨快！态度超级好！面条好吃！就是花生米菠菜，花生太多了！本来想吃点菜的！
654,1,又快又好！热腾腾，好吃好吃
655,1,送餐小哥很负责，很快！！！
656,1,挺好吃，家乡的味道～～
657,1,师傅很好，辛苦啦，这么冷的天
658,1,大冷天的辛苦快递师傅了～
659,1,好香啊，就是稍微有一点辣
660,1,美团不能送，果断换百度，很快就到了，师傅辛苦，谢谢。
661,1,太快了！！简直是神速啊！！！
662,1,天气不好，辛苦送餐员了
663,1,快递很靠谱哦～～不错
664,1,不错哦，更喜欢吃汤面
665,1,"好吃,下次换个别的面,感觉哪个都好吃"
666,1,挺好的。配送服务也很好，辛苦了。
667,1,非常地道，就是口有点重，略咸
668,1,"听闻不错,亲自品尝,面的味道确实可以"
669,1,味道很正宗，量也很大
670,1,这次味道不错，下次购买
671,1,味道不错，可是没有发票！没有发票！没有发票！
672,1,一如既往的好，配送非常快。
673,1,外卖没有配汤，还是店里好。
674,1,本来要不加葱花的，结果两份里面都有！
675,1,面条很不错味道棒棒的
676,1,"东西好吃,送餐小哥给力"
677,1,点赞！大雪天，百度骑士冒雪送餐，比预期快很多！味道好吃！
678,1,味道还是那么好，服务也很好，就是速度再快点就更好了
679,1,不错，速度快
680,1,来的时候汤洒了！面好吃.牛肉最好在炖的烂一点.
681,1,物美价廉！给的量挺大的，味道也不错，好评！(不是说现在手机APP下单送清至口香糖么？为什么这个百度配送人员没给我?
682,1,快递师傅很好，很负责！饭菜也还可以。就是鸡腿有点淡了！
683,1,味道不错速度快
684,1,百度台太便了，大赞
685,1,他家不错，挺干净的，小吃还行，就是量少～
686,1,送货员很赞，很到位，在单位都送到房间
687,1,态度好，人热情，没电梯爬楼送来的。
688,1,速度极快，东西也好吃，赞
689,1,这次送餐超快，好评，好评，好评
690,1,送货超级快，服务超级好，一旦拥有别无所求
691,1,很好吃呀！海带丝再更入味些就完美了！
692,1,好快！配送员特别好～还送了果冻哟
693,1,作为湖北人觉得还是也很正宗的！
694,1,百度的自送服务非常好，希望推广到每家店
695,1,还可以吧！！！送餐很快
696,1,地道的碱面牛肉面，好想念的家乡的味道
697,1,"百度骑士,非常好,！"
698,1,"送餐速度快,东西好吃"
699,1,面和汤分开装的，很用心，送餐也特别快，20分钟就送到了
700,1,比预计时间快了好多，又快又好，好评！！
701,1,很快很好。
702,1,速度快………………棒棒的
703,1,"好吃！味道够又不特别咸特别辣,稍微有点油,米酒也好喝不太甜刚刚好,豆腐很软海带少了点,快递小哥速度快态度也好"
704,1,配送很好，联系不到我还等了好久
705,1,热干面有点油
706,1,快递小哥太给力了，从下单到送到只用了半个小时，牛肉面都没有坨，只是豆干收了1元的打包盒的钱却只是用塑料袋装的，好在百度在线支付活动给力，省了好多钱，也无所谓了
707,1,这送餐速度太快了！刚提示快递员取了餐，不出5分钟就到了。辣的真香，可上火了，不能吃太辣的
708,1,很配送员很好，辛苦了，面也很好，很快
709,1,速度很快，味道也好，还赠送了粥，满意
710,1,好吃，但是被烫泡发了
711,1,味道很好的，就是今天店家太不小心，菜品送错了，还有面里都没加花生，唉
712,1,"挺好吃,送得太快了！"
713,1,准时到达，味道也不错。
714,1,百度的自送服务不错，能看到行程
715,1,"送餐超快,面不坨,味道好"
716,1,"点的时间比较早,店里给送了一份蔬菜不错"
717,1,面竟然没有tuo，有点微辣，好吃
718,1,超级准时，面好辣呀！
719,1,味道不错，能看到送餐员的行踪
720,1,"很好吃,忘给筷子啦"
721,1,"送餐很快,味道很好"
722,1,很负责的送餐师傅！
723,1,感谢配送员，我选错了地址，他也帮我送了，感谢！
724,1,稍微有点腻'其他还好
725,1,为什么我定的两个鸡蛋，来的时候只有一个，我以为下面有呢，吃完了都没看见，谁偷吃了呢，所以不是满星评价，请商家勿要再犯类似的低级错误！！！！！
726,1,牛肉粉儿好吃好吃！
727,1,辛苦了，味道不错，比想象的还要好呢！速度巨快！
728,1,我只能说，好！
729,1,拌面有点坨，味道很好
730,1,很好，热干面有点干了，但是是正常的，好吃。
731,1,东西好吃，就是只点了两份面还送错了一份！订的是牛杂面送了份牛肉面，价格也有差别呀！
732,1,妈的连着两天没有筷子！！！百度外卖你们搞毛线！！！7，8个人的面。你让我们用手抓！？？？？？？？
733,1,面很好吃，送餐也很快，谢谢送餐小哥
734,1,面一般，好闲！快递很快
735,1,超级好吃的牛肉面，真的好吃
736,1,比老家的味道差点，不过还是好评！有时间去店里尝尝
737,1,送餐员很迅速
738,1,送餐很快，味道也不错。
739,1,大热天的，谢谢配送小哥了
740,1,面和粉的味道很赞啊，分量足，牛肉肥肠也给得多，豆干好大一块啊
741,1,"送餐人服务态度很好,很朴实"
742,1,豆皮估计好久不做了，手法生疏了啊～我点的酒酿小汤圆变成了酒酿蛋花。。。
743,1,味道很辣，偏辣的
744,1,牛杂很好吃
745,1,蛮好，面稍微有点硬。
746,1,"很好吃,是家乡的味道,有人说面有点硬,就是这种味道,碱面"
747,1,百度骑士非常好，赞一个
748,1,送餐及时，可以说很快！大冷的天儿还能保证食物温度真的很感谢配餐小哥儿，更好的是服务还周到
749,1,挺好的，也很快，好评！
750,1,好吃，百度骑士非常棒
751,1,"肯德基,都是一样的,没什么区别"
752,1,好吃，好吃，送得送得很快
753,1,快递很快就是鸡腿凉了。薯条不错
754,1,非常快，送餐师傅辛苦了，很好！
755,1,送餐师傅态度很好，送餐也很快，谢谢师傅的服务。
756,1,好好好，很不错，下次还会再好
757,1,"每次都很快,一如既往的好吃"
758,1,挺不错的，加油吧，我
759,1,配送速度，大雪天的，师傅很辛苦，就是鸡肉卷有点咸了。。。
760,1,按配送时间送的，而且有发票，挺好的。
761,1,很不错，服务非常好，很认真
762,1,非常好，还有很多赠送的，结果我们一家三口都没有吃完。
763,1,土豆泥以前很好吃的，不知为什么这次特别干？！
764,1,猪肉堡里的酱流的哪哪都是，除此以外还算满意，以后不点猪肉堡了
765,1,非常快！配送员也特别好……
766,1,很是不错的送餐体验。
767,1,阿邦半年好好咯哦不急
768,1,味道很好！送的也很快！好吃！
769,1,送的原味鸡米给！不高兴
770,1,东西有点硬，不及别的地方吃的松软
771,1,都挺满意，送餐的师傅也很细心。
772,1,炸得太狠了！还是不错的
773,1,"送餐师傅很快,可是菜品一般,感觉都不新鲜"
774,1,感谢快递小哥顶着大风来送货！
775,1,很快很好很快很好吃
776,1,很快很靠谱
777,1,都很不错，鸡翅略微有点咸，不过还能接受。
778,1,送餐准时，服务到位，非常好。
779,1,送餐相当的快，方便乐很多
780,1,超快，很好
781,1,还可以！就是
782,1,很快很好！
783,1,"送货快,服务好"
784,1,不错，很快
785,1,又忘了开发票。。。一_一|
786,1,"服务好,速度快"
787,1,好快，下雨天送餐师傅辛苦了
788,1,10分钟之内送到。真快！
789,1,"师傅很辛苦,下雨还这么快送来"
790,1,不错很快～
791,1,快递小哥很给力！冒雨前来，态度很好！赞！！！！
792,1,比在店里吃还便宜
793,1,速度挺快，东西很不错
794,1,尝了尝新款，凑合吧
795,1,送餐小哥服务很好！
796,1,很快很好～
797,1,为什么圣代没有勺子？
798,1,都订过好多次了……超级棒
799,1,非常好，送餐大哥很可爱。
800,1,送餐小哥很敬业
801,1,很快，服务很好
802,1,非常快。非常好。
803,1,外卖的吮指原味鸡盒，意外的不好吃，没腌透的感觉。
804,1,超级快……
805,1,很好，比肯德基外卖还便宜。
806,1,送歺及时，服务周到，菜品可口
807,1,中规中矩。
808,1,送餐师傅服务到位
809,1,很好，速度飞快，炸鸡有点火大
810,1,很快，而且送了番茄酱和纸巾
811,1,店里员工态度非常好，送得也快，还会光顾
812,1,速度品质都很好
813,1,kfc送餐很及时，味道当然和其他kfc一样，但是百度的客服很不错
814,1,京酱肉丝卷刚做出来的好吃
815,1,味道挺赞，配送比预想中的快
816,1,还可以吧。没有土豆丝的好吃。个人感觉。哈哈
817,1,送错肉卷了……皮蛋粥还不错
818,1,"里面不是京酱肉丝的肉丝……肥,腻"
819,1,特别好吃，味道赞赞哒
820,1,好吃，送的特别快，好评
821,1,好速度啊！宇宙卷饼棒棒的！谢谢骑士
822,1,比预计早了半小时到达好评！
823,1,挺好吃，不过有一点咸
824,1,味道不错，内容丰富，肉很多哦，吃的超值
825,1,"啊吃完一股香菇味久久萦绕无法散去,南瓜粥不甜"
826,1,送的挺快，不过粥有点凉了。卷饼很不错。
827,1,大雪天还能送，太赞了！
828,1,第一次吃，肉食的盛宴，很好，比肯德基的好
829,1,晚了半小时左右吧……不过最近这么冷还是辛苦了，估计大家都不想出门吧。超级好吃！推荐！
830,1,"送得特别快,饼味道一般"
831,1,"好吃,喜欢,他家的卷饼一向实惠,服务也贴心"
832,1,肉很多，好吃，大家可以试试，不会失望
833,1,挺好吃的。非常喜欢。
834,1,不错，挺好吃的下回再定
835,1,怎么觉得没以前好吃了呢
836,1,"很不错的一次,下次还会到这买"
837,1,点了两次，不太爱吃。偏咸
838,1,超级香，就是送到的时候稍稍有点凉了
839,1,"非常准确,送餐员一百个赞"
840,1,"味道不错,就是小点了"
841,1,外卖小哥态度超好！辛苦了！
842,1,说好的黄瓜呢，里面是青椒
843,1,好吃不贵，经济实惠！
844,1,非常满意！！！
845,1,不错就是洋葱没熟太辣
846,1,肘子卷好腻，吃完有点想吐……太油了，肥肉太多，没有太肚饿酱料调和一下
847,1,蔬菜的特别辣，土豆丝的里面也有辣椒。总体不错。不能吃辣的一定要记得备注
848,1,骑士辛苦了。app还是评价不了，很麻烦
849,1,盖饭很有诚意，米饭压的特别瓷实！味道也不错！
850,1,饼太油腻了。吃几口就不行了
851,1,送的超级快，太开心了
852,1,好吃非常好吃非常高兴
853,1,"很好,凉拌木耳棒棒的,。！！雾霾天多吃有益,。"
854,1,"粥里有头发,就没吃,剩下都好吃"
855,1,送的挺快的，稍微有点腻
856,1,"味道不是特别好,黑胡椒加多了"
857,1,卷饼很好吃，名字很霸气，就是粥有点凉了，送的很快
858,1,"不错,好吃,服务也不错"
859,1,好吃.很棒！！！！！.服务态度也好
860,1,比较远，不过还可以了
861,1,很快，还挺好吃的，下回还会买。
862,1,"量很足,确实够厚,大号的吃不完"
863,1,卷饼很实在，京酱肉丝都是瘦肉。南瓜粥一般。
864,1,味道很好，鸡肉很嫩，下次还会来
865,1,卷饼不错好吃，粥一般
866,1,"师傅辛苦了，谢谢,下雪注意安全"
867,1,稍有点贵哈～其他的不错！
868,1,下雪天，快递师傅辛苦了！小心路滑！
869,1,口味还不错，挺满意的！
870,1,土豆肉丝卷有点咸了……
871,1,"还好,很大一个"
872,1,送餐快！好吃，肉多
873,1,有点咸。八宝菜更咸(>﹏<)
874,1,大肉卷好吃！在便宜一些就好了
875,1,最喜欢吃土豆丝炒肉煎饼
876,1,还行，中份不算大，够一个女生吃，油太多了
877,1,挺好的，挺快的
878,1,我还以为有多大呢。
879,1,饼味道一般吧，很少的一碗粥。
880,1,料很足，味道也不错，就是包装怎么那么复杂？！
881,1,"这个不好吃,吃的好难过"
882,1,菜量很足，一个人吃一个卷饼一碗粥压力很大……包装袋不错
883,1,肉很多啊，超值，下次尝试其他口味
884,1,"说实话肉卷很好吃,就是送餐速度太慢了,不是一般的慢,希望送餐速度有待提高"
885,1,时间略慢，其它方面不错，努力
886,1,配送时间稍微晚了几分钟，但没关系，送餐的叔叔人很好，卷饼用锡纸包装，同事还以为是韩国快餐店的紫菜包饭，饼皮很筋斗，香菇鸡肉的夹料也很足，盒饭里面菜少了一些，但味道还不错。一个中号卷饼配一个盒饭，我觉得正好，
887,1,抱歉，确认晚了，好吃
888,1,肉很多，卷饼很完整，也很好吃
889,1,挺好的，油稍微有点多。
890,1,送的很快，就是味道清淡了一点
891,1,香香哒粥～～～喝完暖暖哒～～～美味哒卷卷～～～还有美味哒菜与饭～～～好吃！！！
892,1,希望辣白菜改善口味。
893,1,"有点肥⋯⋯有点腻,味道还算可以吧"
894,1,"经常买,卷都挺好,第一次买八宝菜太难吃了,建议改改"
895,1,"经常买。,味道不错,。吃着方便"
896,1,南瓜粥有点儿凉了但是也很好吃～酱香鸡腿肉卷饼很好吃～一个女生吃可以吃饱～男生可能就要大份咯～
897,1,都好，就是量少了点，不够吃。
898,1,如果送达准时些就好了。店家给了手套，很赞，包装牛皮纸，卷饼外裹锡纸，很健康卫生，
899,1,包装精美，送餐及时，送餐员态度好。肉多味道好。
900,1,很好！师傅辛苦了！
901,1,我吃出来一个钢丝球上的一个丝
902,1,送餐小哥态度特别好！好多肉呀好吃好吃！可我以为是可以选米饭换卷饼的？还在订单里自信地备注了
903,1,比预计时间晚了十分钟，还算准时
904,1,今天送的挺早。。。。。。
905,1,东西不错，挺好吃的。
906,1,很好吃。送货很准时！非常喜欢。赞赞赞
907,1,皮蛋瘦肉粥味道太淡了……
908,1,这次速度很快，味道不错。
909,1,送餐员服务很好。很满意，
910,1,非常好吃，肉特多，连着吃了两次
911,1,好吃，肉很多，连续两天都吃这个
912,1,不错不错，速度很快
913,1,纯素的，不是很好，感觉菜上撒的酱
914,1,就没送果汁，已跟送餐员说了
915,1,快点就更好了~~~~
916,1,"一个卷饼一碗粥,刚刚好"
917,1,好吃！就是皮蛋粥有点儿太稠了…差点把锡箔纸吃进肚子里！呜呜…
918,1,粥很好喝，送餐时间也很快，卷饼内容很棒，但饼皮希望能再烤熟一些就更好了
919,1,很喜欢卖家的包装，下次还会来的
920,1,超好吃！！！特别快就到了，很大一份～～
921,1,很好吃，也不油腻，值得推荐
922,1,"干净,满意,来了好多次了"
923,1,请务必给送餐小哥涨工资
924,1,皮蛋瘦肉粥味道很奇怪_(:3」∠)_我吃不惯的那种...
925,1,确实不错，肘子的比较好吃
926,1,不错，没想到宇宙卷饼是这个样子的，粥还是热的！！！
927,1,纯素的太难吃，太淡了，其它不错
928,1,还可以，家常味道。下饭
929,1,味道不错，就是送餐慢了点。下面那个叶良晨网络看多了吧，幼稚儿童一枚
930,1,帮同事订的，很好！
931,1,挺好吃的，下雨天还送到楼下，辛苦啦，就是有点咸了
932,1,饼还不错。就是稍慢了点
933,1,味道还可以，就是有点儿慢
934,1,肉多饼薄口味好，很大一个
935,1,"不错，肉确实够多,够实在！饼再薄点就好了"
936,1,土豆丝好吃土豆丝好吃
937,1,肘子蔬菜拌饭里的菜再熟一些就好了~~
938,1,"好吃诶,好大一根卷饼,好多肉,真划算,下次还点,辛苦师傅了"
939,1,一开始给送错了，要的肘子，给的蔬菜，不过还好，售后做的不错，又给补送了一份，不管味道好不好，起码态度不错，所以必须给个好评！！
940,1,好吃，加热一下就更好吃了
941,1,总体来说还不错的，继续关注。
942,1,粥不好喝！饼不错！加油
943,1,很好，很不错，速度超快，超好吃。。吃了一个月了还想吃
944,1,很好吃，肉很多，料足
945,1,从人大的店来三义庙用了40分钟，但是是中午，店家也道歉了，理解
946,1,送餐速度很快，饼很好吃
947,1,一如既往，今天的状况理解
948,1,还不错~~包装袋子特别棒！还送的有一次性拼图~
949,1,东西还是一如既往好，只是不知道这次什么原因很慢
950,1,"味道还不错,有点点干"
951,1,"小哥不错,最后给送上来了"
952,1,送的快，下单没多久就到了
953,1,"历时1个小时40分钟收到餐，而且超级难吃,总言之就是超慢超难吃，谁点谁后悔"
954,1,送的速度很快。外卖的价格合适，门店二十就不买了
955,1,一如既往。不错哦。！！！！
956,1,很方便，味道也很好～
957,1,味道很好，吃起来也方便～
958,1,好吃，量很足哦，送餐速度也够快，送来还很烫那
959,1,一如既往的好，配送超级快，南瓜粥没有上次稠
960,1,味道好，速度快，不错。
961,1,时间将将赶上，差一点就饿肚子出门了，食物很美味，送餐小哥也很不容易，赞
962,1,"很快,很好"
963,1,肉很多，味道不错，配送也很快
964,1,"味道不错！皮有点厚,继续努力"
965,1,点过中份感觉有点小小吃不饱，结果点了个大份，没把我撑死，这也太大了吧！！！
966,1,味道不错，价格实惠，好评
967,1,鱼香肉丝的好吃，土豆丝的有点油
968,1,味道很不错，送来还是热的
969,1,肘子肉的很好，素的基本没有菜，只放了酱。送货速度还可以。不到一小时就到了。
970,1,"鱼香肉丝卷饼不如纯肉的好吃,有点咸"
971,1,特别好吃，下次继续！
972,1,挺好吃的，比较实惠。
973,1,味道还不错，比想象中小......感觉不是很值
974,1,超级美味！而且简直神速！
975,1,服务好棒，太帅了好嘛
976,1,送餐较慢、需提前一个半小时订餐、卷饼菜少、全是饼、粥也一般、但有优惠价格很实惠、也值了
977,1,已经养成习惯在他们家订饭
978,1,特别棒，就是距离我们有点远
979,1,魚香油太多，有點不好收拾
980,1,超好吃，送餐也很快！
981,1,味道还可以。
982,1,味道不错，速度很快。
983,1,实在是时间太长了，以后还是不能用百度外卖订餐了，每次订餐都得2小时送到
984,1,"喜欢吃,但是量少"
985,1,"好吃,但是量小"
986,1,还没吃，不过很快，赞赞赞
987,1,还行吧，可以吃
988,1,盖饭没给筷子啊，给了俩手套。。。。
989,1,很好吃，包装也很棒
990,1,卷饼的面粘牙，粥还不错
991,1,好好吃啊-----特准时
992,1,还好吧就是这个时间啊！两个半小时！也就1.5公里距离！这个时间1我走着来回两次都够了
993,1,还不错啊！很便宜！下次还买
994,1,好！希望一直这么好
995,1,不错啊，这是第二次点香菇鸡肉卷了，依旧美味。棒棒的，还有皮蛋瘦肉粥，两个组合，价格非常便宜哈。
996,1,很环保的袋子，这个点赞！饼小一个不够吃，面皮不够有韧性。香菇鸡肉盖饭挺好吃的！
997,1,送错了，店家重新补送了一份，不错~
998,1,"慢,一次比一次慢,再也不定了"
999,1,美女老板加新菜了→_→
1000,1,人大写成三义庙不好意思。
1001,1,有新菜我先尝尝
1002,1,很棒继续加油
1003,1,继续努力，刚才真的没注意查收，10几分就送到了，我还误解了店家，对不起啊，经常订所以追加好评算是道歉啊，谢谢
1004,1,去人大店吃过一次，服务很好
1005,1,快递小哥以后继续加速啊，加油
1006,1,经常在这里订，味道棒棒的，继续努力，为我刚才的失误道歉了
1007,1,早送到了，忘记点确认了，对不起小哥和店家
1008,1,这真的是皮蛋瘦肉粥么？！好失望...
1009,1,明明说了不要辣...好辣...
1010,1,没想到是熏肉，不太喜欢
1011,1,不错。很迅速
1012,1,"还可以,有点干。"
1013,1,包装不错，手套、餐巾纸很全，味道也不错
1014,1,卷饼非常好吃！
1015,1,卷饼太好吃啦！蔬菜鸡肉卷，鸡肉很足，蔬菜有青椒、香菇、豆芽、洋葱、土豆丝。口味和淡，不油腻，非常健康！
1016,1,非常好！！！
1017,1,希望下次不是2个小时才送到
1018,1,非常好吃。
1019,1,味道还不错吧，，就是土豆丝少了
1020,1,快递小哥效率很高哦！谢谢了
1021,1,肘子肉再炖烂一些就好了
1022,1,"定了好几次了,确实不错！"
1023,1,有点油腻～其他很好
1024,1,很好吃，面皮特别有嚼劲儿，酱料也很好吃
1025,1,"你家不看备注的吗？我说了装两个袋,帮别人买的,还用一个袋,我怎么拿啊"
1026,1,有点小辣，还不错，不过男生吃可能会太少
1027,1,好吃又美味
1028,1,东西还可以，就是速度慢了些。
1029,1,肘子味不是很浓，但卷饼不油腻，口感很好。
1030,1,味道不错，就是好辣啊！把辣椒拿出去又觉得有点腻，能吃辣的可以试试看！
1031,1,味道很好也很负责
1032,1,"皮蛋瘦肉粥,我一看还以为是白粥。。。"
1033,1,很好吃，总爱点他家的饭当工作餐。
1034,1,送餐员辛苦了！
1035,1,送餐的大叔辛苦了！
1036,1,这次很快，追加，希望下次也这么快，哈哈
1037,1,"很好,味道淡淡的,而且很干净"
1038,1,送餐速度快，味道不错。
1039,1,"终于吃到好吃的鱼香肉丝了,虽然有点慢"
1040,1,"速度需努力，再接再厉,,"
1041,1,速度需提升，再接再厉
1042,1,很好很强大
1043,1,卷饼味道很好，包装卫生，不过男同学一个中份吃不饱......
1044,1,"我想说我的皮蛋瘦肉粥呢,就光把卷饼送来了,粥呢？"
1045,1,不错！经济实惠
1046,1,"非常实惠！肘子稍微有点腻,土豆卷很好吃"
1047,1,虽然时间比较长，但是可以理解，(⊙o⊙)…
1048,1,"第一次定,挺好吃的,就是有点慢,可能距离有些远"
1049,1,经常订他家的卷饼吃
1050,1,味道有点怪，可能个人原因，不爱吃
1051,1,速度还可以！下着雨呢
1052,1,送餐快，卷饼好吃
1053,1,送的超级快~~~京酱肉丝卷好好吃
1054,1,真没传说中的那么好吃，也可能是因为我点的是猪肘卷饼的缘故吧。反正菜太少了，肉太多了，尤其是好多肥肉处理的不太好，吃起来腻死了。如果肥肉部分去腻就好了。
1055,1,还不错啊，买了两份，香菇鸡肉的尤其香，好吃，尖椒土豆丝的味道有点太淡了。好吃方便。
1056,1,今天送的还挺快，就是让下楼拿不太爽
1057,1,特别好的外卖小哥，卷饼很好吃，粥也好喝，真心推荐！
1058,1,速度太快了。。。定的12点11点17就到了
1059,1,千万不要定粥，坑
1060,1,饼真心不是我想吃的那样的
1061,1,惊呆了，刚付完钱十五分钟就送到了，买了多次了，好吃，干净，营养。
1062,1,卷饼特别好吃～
1063,1,"非常干净,味道也合适,满意"
1064,1,"定的11点45送达,这10点半就到了,上班没法吃,一会只能吃凉的了"
1065,1,最喜欢吃蘑菇鸡肉的卷了！大爱！
1066,1,非常好，第二次点了
1067,1,"好吃,速度快！"
1068,1,好吃！速度快！
1069,1,吃完感觉不舒服，油是不是不好？
1070,1,一个多小时…还好当初也不是抱着快点到的希望定的
1071,1,喜欢宇宙卷饼，送餐也很快，很划算
1072,1,喜欢宇宙卷饼，送餐也很快，就是凉了没有那么好吃了
1073,1,非常实惠，不错！
1074,1,"肉卷吃的我有点腻,个人口味的问题吧,皮蛋瘦肉粥不错"
1075,1,太棒了，速度快，还好吃，只是粥再多一点就好了，希望采纳
1076,1,送的很快，给的挺多，就是微咸了，包装很有心意，感谢
1077,1,味道还行，锡纸包着，还能加热。皮蛋瘦肉粥做的很好比嘉和一品好吃。包装很精致。还有一次性手套，很用心了。百度外卖不能传照片。。。
1078,1,肘子还是比土豆好吃，坚持吃肉
1079,1,还是很好，而且是非常热乎滴
1080,1,送的太快了，师傅很辛苦，谢谢了。
1081,1,味道太甜了～
1082,1,好吃，包装好，干净卫生
1083,1,吃好几次了挺好的
1084,1,味道还不错~喜欢有爱的包装~
1085,1,味道不错，送到的时候还是热的。
1086,1,价格合适，面有些硬
1087,1,很酷的宇宙卷饼，包装高级，分量足
1088,1,送的好慢啊
1089,1,还好味道不错量大
1090,1,"包装超好,饼也很实惠！"
1091,1,太快了。。。。比我定的时间快了一个小时
1092,1,第一次评价外卖，包装好好，饼很好吃，菜也好吃，粥也好喝，大爱❤️
1093,1,鸡肉不好吃，多弄点肘子，不多说
1094,1,挺好吃个额
1095,1,分量够，味道可以，送一次性手套和餐巾纸
1096,1,酱太多了，口味太重
1097,1,好吃挺快的
1098,1,"好吃,挺快的"
1099,1,挺快的好吃
1100,1,"挺快的,好吃"
1101,1,送餐速度很快！
1102,1,东西不错，就是送的太慢
1103,1,价格不贵，肉也够足，要是再加点葱什么的提提味就更好了
1104,1,不错不错？，服务很好，点赞
1105,1,送餐小哥特别好，饭也不错
1106,1,一如既往的的快，好吃。。。。真棒
1107,1,中份感觉男生吃不饱
1108,1,看着很干净
1109,1,卷饼不错！！饭的话一般般
1110,1,"一直很好的卷饼，但是这次拿到餐就觉得纸袋下面湿的，打开包装发现里面粥是倒的……,粥撒了……"
1111,1,包装很好，很干净
1112,1,不错！虽然量有点少，但是很干净卫生
1113,1,味道还是很不错！！速度也还行，包装很不错！
1114,1,还不错，量挺大。
1115,1,"好吃,就是太慢,两个小时才送到"
1116,1,不好意思，评论晚了。。。。
1117,1,"好吃,味美,好吃"
1118,1,很不错，送餐速度加快了
1119,1,不是高峰期订餐，还是很快滴！
1120,1,味道不错，还有手套送。送餐速度也挺快的，满意！
1121,1,很好吃而且有优惠买完9块钱一个。超值。
1122,1,满意，不错
1123,1,"挺快的,文艺范"
1124,1,好吃，要是多放些菜就更好了
1125,1,今天比较慢，幸好同时订了别的，不至于饿着
1126,1,卷饼看着很小但是很占肚子很好吃
1127,1,很好吃，方便
1128,1,"包装很不错,有水准了,卷饼挺好的,可惜里面只有肉和青椒,感觉放些黄瓜啊,酱啊,会不错"
1129,1,第三次购买了
1130,1,粥还可以，饼真不好吃，就是肉块，口感不好，不好吃。
1131,1,非常好吃，包装袋也很用心
1132,1,粥木有勺子
1133,1,第三次点了，送餐小哥这次送的很快，好像是店里的人，终于不是达达了，味道还是那么棒，希望每次都这么快，加油，好评
1134,1,能感觉到店家非常在乎客户的意见，赞一个。
1135,1,京酱肉丝太咸了，建议下次淡一点
1136,1,"菜品足,非常好"
1137,1,好吃有点慢
1138,1,"没有想象中陷大,服务挺好的"
1139,1,就是快递慢了点
1140,1,尖椒土豆丝盐放少了
1141,1,还是更喜欢素的，不过味道都很不错
1142,1,早早就下单了，早早送来
1143,1,还不错，，，经常吃
1144,1,卷饼真的不错！拌饭也还可以
1145,1,不要辣。怎么吃着有辣呢
1146,1,送外卖的小哥不认路啊，等的有点久啊
1147,1,"挺好的,味道和服务都不错"
1148,1,超级快！二十分钟就到了！味道不错
1149,1,可能是第一次来，送的比较慢，还好。
1150,1,卷饼还行，粥太难喝，皮蛋瘦肉粥太腥了，还得自己下楼取，勉强好评
1151,1,在做大一点
1152,1,"纯蔬菜的有些不顶饱,建议要肉的卷卷"
1153,1,就是不能按预定时间送达.....要么晚四十分钟要么早近一个小时.......
1154,1,很好吃，味道很好，若能有一点青菜就更好了！
1155,1,包装好漂亮！
1156,1,全是肉。有点干
1157,1,里面加肉的有些腻，下次尝尝土豆丝的~~但是超级好吃~~
1158,1,态度很好，也很好吃，继续努力啊～
1159,1,每次都直接送到办公室，而且速度很快～
1160,1,很快，也好吃
1161,1,味道很棒，服务也很棒
1162,1,整体还不错。速度如果再快点就更完美了
1163,1,宇宙卷饼，不是盖的
1164,1,领导说这是一个非常适合加班时候吃的略带文艺的小卷饼
1165,1,"包装好有喜感~满满的都是肉~除了有点干,其他都OK~"
1166,1,皮蛋粥不如上一次的，有点稀
1167,1,很快很不错
1168,1,"如果是肉片就更好,饼如果能更筋道一些，就太完美了。"
1169,1,量还不错，酱汁味道也赞，就是性价比稍微蛋疼了点
1170,1,粥漏了又给送了个，很不错
1171,1,非常非常好吃！
1172,1,味道不错，就是送晚了半个多小时
1173,1,吃这还不错。
1174,1,很满意，味道好，量也多
1175,1,味道好，香，量也不少
1176,1,米饭好吃，不会很硬，菜的量还可以，味道也很好。
1177,1,"挺不错的，很好,就是说好的尖椒呢，结果是青椒，一点辣味都没有"
1178,1,"很慢,但很好吃"
1179,1,送错地方了，
1180,1,吃完满满正能量
1181,1,好吃到停不下来...好评！！！
1182,1,"土豆肉丝很好吃，稍咸，少点盐健康点。,京酱肉丝酱太多了，一般般"
1183,1,"不错,满意"
1184,1,量大，味好，速度佳
1185,1,略太甜，腻
1186,1,肉很多，包装很好，味道有点不够重，可以多加点料
1187,1,送餐非常慢！但是卷饼确实很好吃哈，包装也好！
1188,1,这家的卷饼很好吃，但是送餐每次都很慢，要一个半小时的样子。不过还挺值得等的，尤其肘子卷和鸡腿卷。不过土豆肉丝卷一般，肉少。
1189,1,"相当好,包装精细,味道好,送餐速度"
1190,1,"一般,不是特别好吃"
1191,1,推荐给同事的，同事说很好吃。
1192,1,送菜慢了点，但很好吃，不太喜欢里面的香菇，其他不错
1193,1,还可以吃着。
1194,1,味道不错，速度还可以。
1195,1,味道不错，就是量挺少的
1196,1,南瓜粥里南瓜挺多的，凉拌木耳稍微有点大火，土豆尖椒卷饼土豆丝多尖椒太少，面皮稍有点夹生，不过味道还不错，吃一个中号卷饼半份粥一份小菜很饱，不错
1197,1,"太快了,11点就到了"
1198,1,很好吃哦。不错
1199,1,准时，好吃～
1200,1,真实在。菜有点少。肉很多
1201,1,都很满意，挺好吃的
1202,1,买完才发现店的地址这么远。。。味道还可以，饼的皮儿有点硬，应该是太厚了的缘故吧。。。
1203,1,外送员打了5次电话，问地址！真是无语
1204,1,"挺好吃的,就是饼硬了点儿"
1205,1,鱼香肉丝饭和肘子卷不错价格便宜
1206,1,"好吃,好吃,真好吃"
1207,1,不错很好吃
1208,1,味道还可以，就是时间长点，挣钱都不容易，给满分吧
1209,1,不错，卷皮厚了一些
1210,1,真的非常好，比实体店便宜。定了好多次了
1211,1,就是有点慢
1212,1,都不容易全五分吧
1213,1,晚了也没多长时间，差2分钟一个小时吧
1214,1,"好吃,就是慢"
1215,1,卷饼好大，味道还不错，吃着有点撑
1216,1,太快了，送的！
1217,1,皮蛋瘦肉粥料很足
1218,1,"味道和以前一样的,棒棒。"
1219,1,很好，本次也很快
1220,1,挺好的，都是瘦肉，就是感觉里面多加点蔬菜就好了，都是肉，有点腻！
1221,1,物美价廉！
1222,1,嗯，还不错。
1223,1,百度外卖一直是我的外卖首选
1224,1,不错，喜欢
1225,1,相当快的配送！威武！
1226,1,肉很多，自己再配点儿黄瓜吃，棒棒哒！
1227,1,很好，分量足，好吃，包装严实
1228,1,包装很用心，而且还送了手套，味道不错
1229,1,大号卷饼太大。如果胃口比较大。推荐吃两个中。
1230,1,卷饼好吃。外卖小哥服务态度好。各种赞
1231,1,很好吃，挺实惠的，女生买中号就行了！大号太大
1232,1,很好吃，很卫生，很满意！！！！！！！
1233,1,卷饼很好吃，肉超多~香菇鸡肉咸了点，下回尝尝其他菜吧，总体上是不错滴。
1234,1,真够大的，味道棒
1235,1,乌龙的送餐事件！饭很好吃！老板也积极解决了！会继续光临！
1236,1,送货快，味道好！
1237,1,很棒，未来一个月午饭就交给你们了。
1238,1,同在五道口就是送得快，不过好像去年买的时候这个价钱可以买套餐了，虽然就差一碗粥
1239,1,超级超级美味
1240,1,现在的送餐速度是越来越慢
1241,1,味道很好，就是送太慢了
1242,1,不错～特别皮蛋瘦肉粥超级好喝～
1243,1,一如既往的好吃。。哈哈。。粥也不错
1244,1,卷饼挺好～凉拌木耳味道不太对，可能天热有些坏了
1245,1,"送餐快,味道还可以,很干净"
1246,1,分量真足，就是微贵
1247,1,挺好吃的，果汁超级难喝
1248,1,好吃，真的是大肘子肉
1249,1,很好吃，而且便宜实惠
1250,1,吃着味道很不错，也很实惠的店铺
1251,1,很不错的味道
1252,1,送的有点慢，其他不错，好吃，
1253,1,送来的晚了点，味道还是很赞！
1254,1,中分太少啦，吃不饱，女生也有好饭量
1255,1,很好吃，定了好几次了，就是觉得中份有点小，吃不饱~
1256,1,南瓜粥没我送！送的太慢了
1257,1,今天还是很快的。。。。
1258,1,送的很快，味道不错，不咸
1259,1,不错，第二次吃了
1260,1,要是饼再厚点就好了
1261,1,送餐送的很快，比预计的还早，不错不错
1262,1,"给男朋友订的,份量超足,味道超棒"
1263,1,"很棒,包装很好"
1264,1,好吃～～～还不贵～～～还比预计的时间早～～～
1265,1,"很好吃,超值"
1266,1,师傅很辛苦啊，找了一个小时才找到地儿，结果已经到下午了，吃不了了。辛苦师傅了
1267,1,送餐慢了点，餐还可以
1268,1,送餐速度在快些就好啦！
1269,1,味道不错～～～从订餐到吃～～～服务也得周到超赞！！
1270,1,没我想象的大，只有一个卷好了的，差点不够吃！
1271,1,"包装好高大上,好吃"
1272,1,不错不错，卷饼卷的很圆
1273,1,太香了，太大了，全是肉，嘴唇都撑裂了
1274,1,挺好的！包装高大上！
1275,1,这次很好吃
1276,1,有点远速度还行
1277,1,好吃，就是能准时送就好了，早点就早点吧
1278,1,口味偏北方
1279,1,送的太快啦
1280,1,尖椒土豆丝不好吃，别的都不错
1281,1,还行，如果蔬菜拌饭里能多加些辣椒就更好了
1282,1,肉有点少哦~~
1283,1,送的太快了，服务很周到
1284,1,挺不错的，快递员找了好久才找到，很辛苦
1285,1,"好好次！木耳的味道吃不习惯,其他都挺好"
1286,1,赶时间，联系店家提前送的，超赞
1287,1,就是没菜，都是肉有点儿腻
1288,1,好吃！卫生！周到！
1289,1,好吃，挺饱的～
1290,1,送的比较慢
1291,1,今天送的太晚了！等了120分钟从来没有过的。餐饮还是很美味的。希望以后提高下送餐速度。
1292,1,味道特别棒！
1293,1,很快。而且我就在一楼今天第一次给我送上门了，之前两次都是自己出去拿的
1294,1,香菇鸡肉卷里没鸡肉。。。全是香菇
1295,1,鱼香肉丝真的很不错，顺便提个建议，京酱肉丝能不能改成20
1296,1,我去，这个大份的还真是大啊，快20cm见方了。
1297,1,这个很棒，配上青椒肥而不腻，吃过三种口味的啦，还要继续尝试~~
1298,1,吃了两次了，卷饼可满意，其他的一般
1299,1,还蛮好吃的呢！辣白菜有点儿咸
1300,1,我以为我要等到饿死。结果我又活过来了
1301,1,很贴心，用锡纸包了呢。
1302,1,分量比较足
1303,1,很好吃，卷饼首选
1304,1,挺好吃的，凉拌木耳味道也很好
1305,1,第一次买，送餐师父很好，而且能看的出真是用心做的，太喜欢包装的那句话了，加油
1306,1,饼比较硬，肘子卷不错，可是吃不出来是肘子肉
1307,1,很好吃，忘记拍照了～
1308,1,"还不错,就是一盘京将肉丝"
1309,1,南瓜粥一如继往地好喝~
1310,1,送餐速度快点就完美了
1311,1,味道好，配送快～
1312,1,很好吃～真真高大上啊～虽然送晚了20分钟，可是下楼看见送餐小哥手里就拿着我一个人的餐在那等着，心里有些歉意。就一个人的餐还大老远跑来给送了，非常感谢。
1313,1,这南瓜粥真是让人无语
1314,1,"送餐师傅帅爆了,赛晓明超霆锋"
1315,1,一般，说实话没有我自己做的好吃好评吧
1316,1,太方便了，味道不错
1317,1,都上班了才送来
1318,1,量大很足很不错
1319,1,比想象的高大上好多啊…很好吃。
1320,1,非常好，不错，还会光顾
1321,1,还可以就是送餐速度有点慢
1322,1,周末值班的首选
1323,1,还不错。值得推荐
1324,1,鸡肉非常多，棒棒达。
1325,1,好吃，送餐时间较快，服务态度好，赞。
1326,1,整体口味偏淡
1327,1,土豆丝可以做的咸点儿吗？
1328,1,"很好,包装也很好"
1329,1,还不错，鱼香肉丝很好
1330,1,"味道不错,就是有点油"
1331,1,卷饼很实惠，粥里没糖
1332,1,麦香！味道棒棒滴！速度很给力！给老板个赞，给快递小哥个赞！
1333,1,京酱肉丝有味道啊。坏了吧。
1334,1,很用心的店！支持！
1335,1,很快。这次饭量挺足的！
1336,1,非常好量足都没吃完
1337,1,袋子简直是传递正能量的天使啊～要是能送得再快一点就好了～饿的下巴要掉了～
1338,1,速度太快啦，很好吃
1339,1,东西好吃，送餐人员服务很好
1340,1,不错！很好！不错！
1341,1,不是很好吃！肉发硬！
1342,1,味道不错，我天天都会吃一个
1343,1,卷饼不油腻很健康
1344,1,一看就是年轻人搞得，有青春的味道，不过你那尖椒不要都集中在底部
1345,1,速度快，服务好，菜品更佳
1346,1,吃的很好，味道不错。但是第一个配送员实在太差了，比我预定的时间早到了一个小时，我不在家没法领取，对方居然态度恶劣，还挂了电话
1347,1,比想象中快多了～赞一个
1348,1,确实不错，肘子比鸡肉好吃，中号就够了，量足！
1349,1,挺好的，大卷饼！
1350,1,送的有点晚，挺好吃
1351,1,好吃，准时
1352,1,纯素蔬菜卷，好多香菇，对不吃香菇的人来说，要疯了....
1353,1,量大，第一次吃到这么充足的卷饼。满意
1354,1,速度快，好！
1355,1,一开始以为就是普通手抓饼，拿到后觉得好高大上，牛皮纸袋，锡纸包裹，重要的是肉肉好足，100个赞啊，如果要是再快一些就完美了
1356,1,"很好,就是不喜欢可乐"
1357,1,好吃，评晚了。
1358,1,好吃，就是味道有点偏淡。
1359,1,量足，味道不错，就是速度慢点
1360,1,挺好的，送的很快，包装很好，肉太多了，吃不了也是醉了
1361,1,不错，味道挺好的
1362,1,好吃，送餐时间太早了
1363,1,好吃！就是小贵
1364,1,很好吃，送餐的工作人员也很nice
1365,1,宇宙速度，下单5分钟就到。味道好，明天继续。
1366,1,好评！外卖袋子很不错哦~
1367,1,饼巨好吃，就是有点吃不太饱。。。。
1368,1,很不错，送餐很准时
1369,1,不错挺好吃
1370,1,"吃着有一点臭臭的味道,难道是就这个味道么……吃着挺好吃的"
1371,1,不错，非常好
1372,1,味道有点儿淡
1373,1,送餐那哥们特好
1374,1,感觉肉已经坏了，有股怪味道
1375,1,还不错⊙▽⊙
1376,1,准时送达，味道非常鲜美
1377,1,不错，量足！！
1378,1,分量足，好吃！
1379,1,"难吃,难吃,难吃。凉了,凉了"
1380,1,很快，很好吃，就是优惠力度再大点就好了，或者价格在便宜点
1381,1,一如既往，好！非常满意！谢谢商家哦！
1382,1,提醒之后确实没放我不爱吃的东西....良心推荐
1383,1,好快啊。不过里面的肥肉让我头都晕。
1384,1,吃完第二天拉肚子～
1385,1,速度很快，时间刚刚好
1386,1,饼有点硬，不过味道还行
1387,1,送餐比之前快了不少呀，是只有我这么想么。味道很赞。
1388,1,很好吃啊！！！
1389,1,几乎没怎么等，就到了！包装严实，服务完美！亟待二次消费，哈哈！
1390,1,送餐速度快，好吃
1391,1,"好好吃的宇宙卷饼,棒棒哒～送餐速度出乎意料～"
1392,1,送有很快，东西一般吧
1393,1,"肘子卷饼辣的挺爽,鸡肉卷真不错,快递员态度超好,赞"
1394,1,额，卷饼好吃⊙▽⊙，但是送餐速度←_←的确有像向宇宙来的
1395,1,服务超级好，赞
1396,1,味道，服务很不错
1397,1,收到，很快，包装好精致，还没有吃，闻起来很香
1398,1,"难吃不说,外包装的锡纸把嘴喇破了流血了,都不敢笑了,发誓以后跟这个正能量饼说拜拜…["
1399,1,特别快就送到了…而且特别好吃，包装很漂亮
1400,1,多等一个小时，但是看到外卖大哥穿着雨衣还淋湿了，心里一下就没了怨言
1401,1,对于北方的女汉子中份的卷饼稍稍有点不够吃，喝了粥就好多了
1402,1,味道还不错，比较实惠
1403,1,图片供参考
1404,1,鸡肉卷肉很多呀，味道不错
1405,1,非常美味可口，还会再来！
1406,1,总买，嘎嘎好
1407,1,好吃，撑！
1408,1,还不错的啊
1409,1,这次很快，不错，赞了！
1410,1,"神速,惊呆啦"
1411,1,蘑菇鸡肉的超好吃，希望粥能甜点，配送师傅麻烦下次别在电梯间打电话了…根本没信号，建议可以发送短信通知！
1412,1,"超喜欢吃你们家的土豆牛肉，希望每天都有西红柿炒鸡蛋,哈哈那就太好了。。赞一个"
1413,1,很不错，味道好，送餐服务好～～～
1414,1,味道一般。没有想象的好吃。
1415,1,送的太快了！简直惊喜！作为加班饭，受到好评一片
1416,1,卷饼不太好吃哦
1417,1,"送得太快了,快哭了"
1418,1,味道很好，用料很实在
1419,1,味道不错，还会再来！
1420,1,习惯好评，但今天的卷饼菜太少了，皮感觉有点厚了
1421,1,给力，就是速度慢点，需要早定
1422,1,骑着毛驴来送餐的，神一样的速度！！！！
1423,1,不如肉的好吃
1424,1,包装很好，味道也不错，如果再有点菜叶就更好了，都是肉吃到最后有点腻
1425,1,配送时间真让人无语了，不过大热天的送餐的老人家也很不容易，相互理解吧，下次别让我等三个小时就好
1426,1,希望很快送到就好了
1427,1,很好吃，下回还会买的
1428,1,快递很给力
1429,1,"很好吃,棒,就是有点肥肉"
1430,1,好吃又便宜
1431,1,味道不错，就是瘦肉再多点就更完美了
1432,1,味道不错！店家态度也好！支持！！！
1433,1,速度，好吃。再接再厉！大赞
1434,1,非常快非常好
1435,1,饼很大，但是速度很慢
1436,1,吃多了有点腻，粥还不错
1437,1,好吃！给力！
1438,1,太贵了，不是想象的那么好吃，还可以吧，一般。
1439,1,这次好快！
1440,1,食物干净，包装不错，有点品牌，可以
1441,1,卷饼很不错，就是粥太淡了，应该咸一点。。。可能是我个人的口味。。。
1442,1,超级无敌好吃
1443,1,价格优惠有内容
1444,1,很好吃，包装很可爱，么么达
1445,1,好吃不错，有点辣
1446,1,我要的是肘子的结果送来的是鸡肉的。。不过都挺好吃的，希望店家下次注意。
1447,1,味道不错，出去吹风的时候正好碰上外卖小哥。
1448,1,忘记说甜酱和辣酱多加了，呵呵，新款很不错，配菜丰富很好吃！！
1449,1,低价，速度快，味道好、服务好。
1450,1,速度快、味道好、服务好。
1451,1,服务态度特别好
1452,1,速度很快，服务态度好。
1453,1,东西很不错，就是没有开发票，说是改天再给开。
1454,1,就是送的太慢，但服务不错
1455,1,味道有点甜，总体来说还可以。
1456,1,外卖大哥态度很好，
1457,1,味道很好，鸡肉很多，包装用心
1458,1,依旧那么好吃。
1459,1,不怎么好吃
1460,1,太他妈好吃了
1461,1,"送的太慢,由于太饿也不知味道如何,全五分。向同样等待的人们,致敬"
1462,1,"很好吃,外卖包装赞"
1463,1,特别棒，煎饼很好吃。
1464,1,高度评价！
1465,1,不错，搭个粥就完美了
1466,1,提前送到不错。
1467,1,准时，菜做的不错！
1468,1,要是菜再多些就更好了
1469,1,送的挺快的
1470,1,总体不错，不过备注有让加辣，结果没有加…
1471,1,味道还可以，送餐速度，唉，慢了点
1472,1,很好吃，就是粥有点不满意。送外卖的小哥也不错
1473,1,还不错，就是等的时间有点长了
1474,1,手机停机了！我还以为是送餐太迟。。。。都是我的错。。最后托同学带上来了。抱歉抱歉
1475,1,东西还可以但是送餐速度太慢了
1476,1,送餐的叔叔特别温馨！每次都急急忙忙的跑来。谢谢送餐大叔！宇宙家的卷饼味道都很赞！
1477,1,"非常非常快,服务好,大赞"
1478,1,评价晚了，袋子好高大上，东西也好吃，快递员态度也好，五星好评
1479,1,挺不错的，很快
1480,1,"OK,包装很好"
1481,1,"帅,够快,对我胃口"
1482,1,腻了点，推荐鸡肉
1483,1,今天来的也太晚了。
1484,1,是有点辣。味道还不错
1485,1,味道棒棒嗒
1486,1,很好吃，就有点小
1487,1,肉卷料很足，粥量有点少，送餐较快。
1488,1,包装挺棒的！送货有点点慢！卷饼的皮稍有点厚有点硬，要是再薄点在软点就好了，还有就是不够辣，我明明写了加辣
1489,1,饼感觉是豆子做的，有股豆香味。很贴心有手套，就是肘子的肥肉块稍微有点大，瘦肉和肥肉分开了吃起来稍微有点腻。建议下次把肘子切成片吧
1490,1,送餐速度还可以，饼很好吃
1491,1,味道很好，值得推荐
1492,1,"还不错就是皮蛋粥,不好喝"
1493,1,表示售后客服很不错，虽然送错口味让我多等了一个小时，但是味道真心很赞
1494,1,味道棒棒哒
1495,1,微波炉加热后，超好吃
1496,1,非常好吃，包装很严密
1497,1,很好，送餐也及时。
1498,1,太吊，秒送...
1499,1,味道不错很棒!
1500,1,帮朋友订的，听说不错
1501,1,"很好吃,包装很高大上"
1502,1,土豆不错，肉丝太少
1503,1,非常美味，下次还会再来！
1504,1,感觉还不错！配送很及时！刚刚好下班点送到！
1505,1,送餐员态度好，好评
1506,1,"包装很棒,可惜味道偏甜不合口味"
1507,1,"包装很漂亮,可惜味道偏甜不合口味"
1508,1,等了150分钟。哎。
1509,1,味道很好，还会光顾
1510,1,二十分钟送到！神速！
1511,1,蔬菜不好吃
1512,1,好吃，量足
1513,1,不太好吃…
1514,1,就是量有点少，吃不饱啊
1515,1,包装的是不错的，但是这个肘子卷味道是真的不敢恭维。下次不会来了。
1516,1,好吃，希望商家保持
1517,1,味道不错，但送了一小时。今天是周日啊～
1518,1,很好吃，就是量少了一点，男生可能吃不饱
1519,1,很好吃，分量足
1520,1,太惊喜了，刚订上就送来了，而且感觉比以前好吃了，包装盒也从圆的变成了方的，非常棒
1521,1,有点慢，其他的还好
1522,1,v吃着还不错
1523,1,实在是太大份了…我点的东西够五个人吃的…味道挺好的…尖椒也很辣…就是拌饭有点咯牙…希望以后更好，谢谢！
1524,1,量多味美，送餐大叔还给送上楼了，以后还来，好评
1525,1,不错滴，锡纸包住的创意很好，还配了手套，妈妈再也不用担心我吃个卷饼吃的哪哪都是了，送餐小哥的态度也很好，赞一个～
1526,1,辛苦了，真的很不错，一直支持，在单位在家都点他家卷饼
1527,1,"特别实惠,一个都吃不了,在线支付优惠大大的"
1528,1,有肥肉，很香
1529,1,看到来送外卖的大叔疲倦的样子，真是各行各业都不容易，国家何时能让大家共同富裕起来，至少别等级差距这么悬殊。有的人好吃懒做贪污受贿穷凶恶极却位居高位。人民代表代表不了人民。底层社会的真相他们毫不知情。
1530,1,好吃，棒棒的
1531,1,"不错,送饭的哥们很给力"
1532,1,"很快，包装也很干净,就是太多汤了，吃的时候好麻烦"
1533,1,好吃哦，皮蛋粥也不错
1534,1,说实话，中份吃不饱，得2个
1535,1,"还不错,就是饼皮有点厚"
1536,1,大份的超级大，一个人吃不了。。
1537,1,味道还不错！
1538,1,估计是太远，不过味道倒是令人惊喜啊
1539,1,很好吃，还会订
1540,1,"好吃,就是有点贵"
1541,1,这个好吃，大赞
1542,1,专门打去电话改送餐时间，店家也说纪录好了，可是还是11点给我送来了，汗！谁中午饭这么早吃啊！更何况还没下班呢！真郁闷！
1543,1,慢点儿不过打电话说了
1544,1,味道一般为什么没有酱……
1545,1,卷饼里的菜还不错，但是饼有点干
1546,1,提前送达，味道不错，再接再厉！
1547,1,"错峰订的，送的比之前快多了，包装虽然从简了味道还是不错的~,推荐~"
1548,1,速度快，又好吃。
1549,1,还行，肘子吃完有点儿恶心，送餐太慢
1550,1,"服务态度挺不错,菜品质量也好"
1551,1,"很好,就是送货太慢"
1552,1,很大！吃的好饱
1553,1,非常好吃的饼
1554,1,口味不错，速度挺快，还有手套送，想得很周到！
1555,1,"东西好吃,送餐超级慢,送来都快死了,昨天挺快的今天慢的要死。。。"
1556,1,有点辣，送来时有点凉了，其他还好
1557,1,3个小时……
1558,1,"太慢了,每次一个小时以上"
1559,1,不说别的这次速度满分，希望加大量吧。
1560,1,"第一次点的时候,送餐慢，服务态度不好，隔了好久，在看评论都说送餐慢，我也很犹豫，不过抱着侥幸赌运气的成分在里面，试着又点了一次，没想到送餐速度跟我预定的时间刚好，菜也好吃。完美。满分。"
1561,1,虽然是慢了点，可是态度很好的。。
1562,1,"粥跟卷饼都很好,配送也超快,我就想说一点不许就是,真尼玛辣"
1563,1,又快又好又便宜！真心给力！！！
1564,1,宇宙还是一如既往的给力！继续！
1565,1,经济实惠还好吃
1566,1,挺好吃的，京酱肉丝里面全是汁水很不错，肘子也还行，吃了2个和一碗粥，勉强吃饱，感觉有点少，这个中号的有大约5*5*25那么大，大胃的可能2个不太够。
1567,1,太慢了。。。
1568,1,米饭是硬的。。不如上一次好吃
1569,1,各方面都挺满意，老订不多说。
1570,1,肉好少，不过只花了四块钱，也不能期待什么
1571,1,不错，就是吃不惯那个饼
1572,1,送的慢了点
1573,1,这个价格肯定值
1574,1,南瓜粥一般，没有南瓜的香甜味道！
1575,1,棒棒哒，美味
1576,1,饼硬，不太好吃
1577,1,真的很好吃啊
1578,1,"非常满意的餐品,玩了几分钟还是情有可原的。快递小哥辛苦了下雨天不容易"
1579,1,便宜好吃特来推荐
1580,1,"好吃,送的很快"
1581,1,"第一次吃到这么精致的卷饼,锡纸卷!"
1582,1,越来越慢了呢
1583,1,感觉太清淡，而且最好叫店家帮你拌好饭
1584,1,"不错,包装也很好"
1585,1,感谢外卖哥~不错
1586,1,饼还是挺袖珍的，味道不错
1587,1,送餐超级慢啊，味道很好
1588,1,感觉没有外婆家卷饼好吃
1589,1,大家都说送的慢，弄得我不敢选他家的，但是我点了一次，超级快就送到了啊
1590,1,非常划算又好吃
1591,1,发货速度较慢
1592,1,总体来说，不错，最起码价格便宜，花了四块钱，吃了一个肘子肉卷饼
1593,1,"便宜实惠,好吃不贵"
1594,1,肉太多肥的了，选鸡肉或者牛肉的好了
1595,1,感觉这是最赞的一次外卖
1596,1,也就是几块钱的东西吧，感觉标价明显是提高了的
1597,1,肯能距离有些远，配送的比较慢
1598,1,粥特别实惠，还有卷饼
1599,1,好吃！包装好高大上的感觉~~~
1600,1,这个比那个肘子味道好多了
1601,1,配送的真快，及时。很好好强大
1602,1,吃了牛肉，鸡肉和肘子，最后结论还是肘子好吃～
1603,1,卷饼味道不错，粥口感好，分量足
1604,1,微甜，本人不太爱吃
1605,1,整体不辣，粥的味道也可以，料很足
1606,1,评论晚了，不好意思哒，32个赞
1607,1,不错，挺快的
1608,1,第一次吃宇宙卷饼，好吃~
1609,1,纯肉得，有种肉夹馍的味道
1610,1,饭提前到了，而且还弄漏了真是的
1611,1,1块钱吃个卷还有肉哼哼哈哈
1612,1,这次挺好的
1613,1,好吃，不过粥不好喝
1614,1,很好吃，但是外卖小哥就停在学校门外了，而且态度差一直催
1615,1,"好吃,满意"
1616,1,送的太早了
1617,1,肉好多，实在，送餐没法进北医校门
1618,1,"好吃,大号也太大了,能不能别用铝箔包装,成本高加热也不方便,纸包装就挺好"
1619,1,送餐有够慢，说是一个小时，结果快两个小时才到，我总觉得是商家一个小时才出餐，送餐时间也长
1620,1,"卷饼,有有点油,味道还好,皮蛋瘦肉粥,很好吃"
1621,1,很好～不错
1622,1,超快。希望比饼皮能再软一些！
1623,1,挺好吃的，粥也很稠
1624,1,还行，就是吃不饱，下次订大份
1625,1,不错，很好！！！
1626,1,送餐员态度很好，虽然晚了，但还是好评
1627,1,女生吃刚好，男生可能量有点少
1628,1,配送的太太太慢了，催单根本没用，餐厅电话打不通！
1629,1,味道一级棒，就是配送太慢了
1630,1,好吃的卷饼
1631,1,好吃不贵还可以送到楼上，绝对好评
1632,1,挺好吃的，以后有机会还会点，非常实惠！
1633,1,粥一般，卷饼不错
1634,1,量不大，不过挺好的，这么便宜哪找去。
1635,1,"味道一如既往的好,就是粥碗变小了,米也少了说好11:15送达,结果12:30左右才收到"
1636,1,挺好的，优惠力度大，送餐准时
1637,1,味道还不错啦。
1638,1,包装太精致了，很高大上。肉也很多，但是饼有点生，不太熟。
1639,1,味道还好，可惜凉了。
1640,1,确实挺好吃！就是送的有点儿慢！
1641,1,稍微慢了一点，不过老板态度很好。支持
1642,1,速度很慢，盖饭分量小，两份估计都不够吃，习惯好评
1643,1,嗯，纸袋比较高大上
1644,1,很好吃，就是提前送啦
1645,1,还行，就是速度好慢，一个多小时
1646,1,好吃就是太少
1647,1,排骨不错！
1648,1,量太大，吃不完
1649,1,好吃！肉多！实在！牛肉豆芽蘑菇洋葱
1650,1,肉好多！好吃！
1651,1,送餐大叔文质彬彬的：）拯救了快饿死的我。中午赌气没吃饭忍不住点了卷饼，吃一口，整个人都活了过来呀！
1652,1,很快，也好，包装也好，赞赞赞
1653,1,除了速度有待加强，其他都不错
1654,1,就是送餐好慢
1655,1,比上次慢了点，不过东西还是很好
1656,1,好快。这次肘子卷饼青椒和肥肉好多，好辣
1657,1,送的有点慢，其他都挺好
1658,1,包装很好，饼很好吃
1659,1,味道不错，就是感觉菜量有点小有点干，多少带点菜汤就好了。
1660,1,香菇鸡肉盖饭很好吃
1661,1,味道好，价格也实惠，推荐南瓜粥！
1662,1,非常快，味道好
1663,1,嗯，包装的纸袋不错，嗯，就这些了
1664,1,个大量足，吃了很撑，太给力了，还会再来！
1665,1,每天都在吃，就是外卖小哥有点慢，老板能不能让你们外卖小哥把速度提升一点呢？
1666,1,味道有点淡
1667,1,说得再好也是虚的，只有自己吃了才知道。
1668,1,还好吧。饼的口味差点儿
1669,1,优惠活动很超值
1670,1,不错啊好吃
1671,1,卷饼应该比拌饭好吃，拌饭里的菜放的酱太多
1672,1,味道还好，量大肉多，缺点是饭下面都是油，写了不吃辣酱还是辣的
1673,1,还可以哦，下次会再来的
1674,1,离我们远点55分钟送到的，可以理解，饼和粥都不错
1675,1,不错，就是送餐有些慢
1676,1,好好好！！！
1677,1,就是时间晚每次都晚
1678,1,"很喜欢,家常饭"
1679,1,盖饭的味道一般
1680,1,分量有点少，鸡腿肉不好吃，八宝菜原来是咸菜。。。
1681,1,"优惠了很多,很实惠,感觉整体棒棒哒,好吃,包装也好好"
1682,1,超快送餐！
1683,1,"NextDay推：“浮生若梦，恋恋风尘.人生总是一日难，一日佳.”,-,端午快乐！"
1684,1,"用了这么长时间百度外卖，很少认真写评论，这家店真的让我有惊喜，所以认真写一个。一开始选择这家店有点纠结，20,30多一个卷饼感觉有点贵，看评论说30多的吃不了，所以就觉得20的会不会太小吃不饱。但算上满减的话，20的也就5块钱，试试吧。下单后20分钟就送到了，超级快，包着一个纸袋，卷饼被锡纸包着，应该是早就做好放着的，里面还送了一个塑料手套。卷饼相当不错，肉很多，当晚饭吃绝对够了。,很满意，下回还会买"
1685,1,送的挺快，就是加多宝变成可口可乐了→_→
1686,1,米饭太硬了，有的还没熟
1687,1,皮蛋瘦肉粥没味道
1688,1,有点偏甜。。
1689,1,"东西真的非常好吃,鸡肉的那个,下次还吃"
1690,1,东西很好吃
1691,1,挺好的。包装很好
1692,1,包装非常高大上，还专门配备了一次性手套，太贴心了
1693,1,很好吃………………送餐很快……推荐
1694,1,酱少放了点，有点淡
1695,1,锡纸包装很好，但是今天的卷饼里面有不锈钢丝。
1696,1,非常美味！！！！
1697,1,不错就是太慢了
1698,1,"挺好的,不错"
1699,1,味道不错，就是凉的
1700,1,"味道很赞，鸡肉很嫩很很有嚼劲，重点是送餐太快了，哈哈哈哈哈哈，喜欢。,手动10000000000000个赞。"
1701,1,速度还可以，味道好
1702,1,半个小时就到了~而且很值喔~
1703,1,非常划算，很好
1704,1,好吃就是太慢了
1705,1,好吃，清淡不油腻
1706,1,送的挺快的，然而并没有想象中的那么好吃
1707,1,在外面晚赶回来十分钟，送餐小哥还在等我态度也很好，以后肯定多来，点赞
1708,1,不错～很好！！点了两份，中午下午都有了～
1709,1,速度很好，下次也要这个时候订餐～11.30
1710,1,"好吃！！分量足,居然给了这么多肉"
1711,1,非常棒，也很快
1712,1,很快就送来了，棒棒哒，满意。
1713,1,好吃好吃，有好吃又便宜，爱你家的卷饼，而且纸袋很高大上哦！
1714,1,非常好，还发了朋友圈推荐给朋友们
1715,1,很快。。卷饼味道一般但是很值。。。
1716,1,"超级好,喜欢,送的还很快,喜欢上百度外卖了,啊啊,不要胖啊"
1717,1,味道不错，送来的比较慢
1718,1,很不错，不过综合起来还是肘子卷更好吃
1719,1,微辣，还不错
1720,1,味道不错，肉还挺多的
1721,1,味道不错，还实惠
1722,1,如果加酱汁就好了
1723,1,"挺好。,就是备注不吃辣，还是放了辣椒。"
1724,1,肉有点腻了
1725,1,点少了，没吃饱，哈哈！不错！
1726,1,"味道不错,肉少点儿"
1727,1,很好吃哦！
1728,1,送餐很快，肉很好吃，量还可以
1729,1,非常赞，速度特别快！口感非常好！！！
1730,1,吃起来还不错
1731,1,挺好的，不过辣椒酱希望能改成油少一点的
1732,1,粥还不错，饼还没尝，包装挺好，看着不错
1733,1,速度快好多！
1734,1,看之前的评价都说特别慢，想尝试一下10点15就下单了，结果11点就送到了，惊喜啊～卷饼味道不错，很多肉，好评～同事都说下次也要订一个试试。希望一直这么给力
1735,1,我靠简直神速！！！
1736,1,好吃，很赞
1737,1,挺好，挺好吃
1738,1,我记得我是选择下午4点半送的，结果不知道为什么变成了1点多就送到了。鱼香肉丝盖饭好吃，皮蛋粥也好吃，赞赞
1739,1,"服务不错,但是太难吃了啊啊啊"
1740,1,我这人很少打5星
1741,1,速度非常快，味道也挺好，一直喜欢他家的皮蛋粥
1742,1,很好吃，刚开始想着大份会很大，结果想多了
1743,1,挺好，我个人喜欢更瘦一点的，不过肘子确实就这样
1744,1,很好吃！包装也很用心！
1745,1,订了个京酱肉丝，送来个鱼香肉丝
1746,1,有點慢呀…
1747,1,每种口味都喜欢
1748,1,好吃，希望速度加快
1749,1,用来加餐是极好的
1750,1,好吃，送餐慢
1751,1,好吃，荤素比例很好
1752,1,今天的土豆是烂的，而且没有一滴油！！！
1753,1,还不错！卷饼之外其他东西的味道原来也这么好啊～
1754,1,汇源果汁怎搞是苦汁？其他还不错，肘子卷是小块肥肉与瘦肉吧！总体不错，推荐购买！！
1755,1,很好吃，送餐也快，赞！！以后会多订这家的！！#^_^#
1756,1,送餐很准时，饭菜也很好，值得购买。。。。
1757,1,好吃，肉很多。就是尖椒有点辣
1758,1,已经点过很多次了，每次都还挺好的，速度快，菜量足，能吃饱，全满分好评！！！
1759,1,已经点过很多次了，每次都还挺好的，速度快，点两份能吃饱，好评！！！
1760,1,"不错，常客了，肘子的好吃,送货也快"
1761,1,量小，建议饭量大的吃3份卷饼，味道还是很赞的
1762,1,味道好，只不过比预约的时间早了四十多分钟，还好我在
1763,1,就是粥少了点
1764,1,等了两个半小时
1765,1,总的来说没有第一次吃的香了
1766,1,好大一个饼
1767,1,宇宙的味道，很好吃！
1768,1,不错~就是鸡腿肉有点少
1769,1,好吃，就是慢，也怪我点餐晚
1770,1,首次尝试，挺好的。味道不错，包装新颖；不过量有点少，一个卷好像吃不饱啊……
1771,1,还好吧就是肉切的有点大饼不是太好如果是厚面烙饼会好很多，
1772,1,速度有点慢
1773,1,不错，肉多
1774,1,还可以再来
1775,1,面皮好吃。
1776,1,还不错，就是太慢
1777,1,皮蛋瘦肉粥好像胡椒放多了，有点辣。鱼香肉丝的卷饼味道不错，但是甜味偏重吃多了有点腻，分量很足
1778,1,还不错还不错还不错
1779,1,今天晚上送的速度快，而且送餐小哥人非常好。比上次那个好多了，下午才送来
1780,1,很划算，就是送的慢了点，送餐师傅可能新来的，对地形特别不熟
1781,1,速度很快，很喜欢吃适合女生口味的
1782,1,"漏发了一个泡菜,店家很快联系补发了,服务很好"
1783,1,没想到这么实在！肘子量非常足！只是味道略有点儿淡，感觉没有把肘子的香味发挥出来，我琢磨着是不是加点什么酱或者弄点儿蒜泥什么的更好？
1784,1,"鱼香肉丝卷味道不错,南瓜粥还行"
1785,1,木耳的味道真的不错
1786,1,"妈妈很喜欢他家的泡菜,当宝贝一样"
1787,1,第四天了！
1788,1,百度外卖不错，
1789,1,很快，并有点厚，其他都还好。
1790,1,味道还行，但是送得好慢
1791,1,味道蛮不错的，包装也很喜欢
1792,1,味道超级棒
1793,1,过程很复杂，东西很好吃，商家还送了一次性手套。
1794,1,不如卷饼好吃
1795,1,味道不错，口味偏甜
1796,1,粥里有钢丝球的小茬π_π不是第一次了
1797,1,今天太快了，满意！
1798,1,速度慢，都是食物真的很棒
1799,1,包装很好，纸袋洋气
1800,1,"下雨天,还是很快就送到了,赞一下！"
1801,1,好吃而且包装的特别仔细，还送了手套，很贴心，超级满意
1802,1,太好吃了，量又大
1803,1,卷饼很好吃！
1804,1,肥肉略多啊
1805,1,里面有蘑菇。总体不错啦
1806,1,大份的超级大，里面好多大肉块
1807,1,味道真不错
1808,1,鸡肉的加了酱汁，味道更好。送餐小哥态度也超级棒。全五分！
1809,1,太慢啦！80多分钟才送到！
1810,1,饼的味道还不错，但是南瓜粥如果真是六块买的话我觉得不太值，活动满减还不错
1811,1,量挺大的！
1812,1,肉的好吃。
1813,1,送的超级快！
1814,1,嘿嘿，第一家按照我选的时间送餐。好吃不贵，赞
1815,1,非常非常非常好
1816,1,哈哈，名字都够霸气～
1817,1,量足味儿美！
1818,1,真快阿。好吃实惠
1819,1,肉还挺多的，就是送的慢了有点凉，热乎的就更好吃了
1820,1,好吃有点贵
1821,1,送餐大叔太帅了，速度也挺快，小腿肌肉很发达啊
1822,1,"肉多,不错"
1823,1,非常好，一元吃上高端卷饼，太霸气
1824,1,价格合适，味道鲜美。我们公司每天订他们家饭
1825,1,纸袋包装，好高大上的感觉。分量一个女生吃正合适。味道也不错。第一次点没经验，下次会搭配汤品一起
1826,1,下了两单，第二单慢了点，味道还是不错的
1827,1,送餐好慢好慢好慢
1828,1,很快。就是粥有些凉。。外送服务很好哦
1829,1,好吃，就是价格有点高量小点
1830,1,味道还行，量不大够。
1831,1,超级好吃，特别喜欢肘子卷饼～量的话一个够女生吃，男人不够～
1832,1,给力给力！
1833,1,肘子卷饼肉很足。就是我口味重不够咸
1834,1,很好吃的，刚刚好！
1835,1,撑死我了。就是土豆肉丝没见到肉啊。
1836,1,很好吃，就是泡菜太咸
1837,1,全五星好评，好吃啊
1838,1,不是很慢，下雨天还很快
1839,1,吃了很多次
1840,1,不好吃，没有其他地方店面做的好吃，鸡腿肉的酱太少了，特别干，一点都不好吃！
1841,1,包装很牛逼啊，挺好吃的，份量也可以，但是想吃饱的话最好配一个其他的东西。
1842,1,做的比较精致，就是卷的外包装名称写清楚了，不然不知是什么口味
1843,1,"味道可以,加上优惠比较划算,原价买的话就有点贵"
1844,1,送餐很快，卷饼里面感觉再多点酱汁比较好
1845,1,很好吃~~！！
1846,1,很好吃，推荐他家的土豆丝卷饼！
1847,1,非常棒。就是有点少，不够吃。
1848,1,等了两个小时。
1849,1,送餐超级快，当然也是我定的早~可惜拌菜的没有炒菜的好吃…
1850,1,"活动很给力,实惠,好吃"
1851,1,"有点慢了,希望下次加快"
1852,1,4块钱超值的！！！
1853,1,很好，超值
1854,1,"送餐很快，分量够大，服务态度好，就是蔬菜牛肉卷的蔬菜里没有叶子菜只有豆芽和土豆条，牛肉的肉筋多了点,总体很满意,性价比高"
1855,1,味道不错。速度很快。包装也不错。有创意。
1856,1,非常好，很喜欢，包装很精致
1857,1,不错，味道很好
1858,1,"找不着地儿啊,那个大哥"
1859,1,味道还可以，量也挺足的。不过现在是用代金券和支付优惠，如果单论单品价格就比较高了
1860,1,好吃，不过送餐师傅的方向感要加强
1861,1,额，还行吧，下雨天送餐员不容易
1862,1,挺快的，味儿也不错
1863,1,今天晚了50分钟送到，大下雨天的送餐不容易，饭不错，凉拌木耳不好吃
1864,1,包装好棒啊
1865,1,送餐人员很给力，直接送到门口
1866,1,送餐挺快的，送餐员也不错，不过感觉饭没有卷饼好吃。
1867,1,有点慢～～～送餐时间不稳定
1868,1,很快，包装很好
1869,1,还是很准时的
1870,1,味道非常不错！只是送餐时间比较久。
1871,1,"东西好好吃,就是速度好慢,说是十一点多送到,结果十二点多才送到"
1872,1,我天。。。速度太慢了。。。十点半下的单，十二点半才送到，艾玛
1873,1,肘子卷饼很好吃，推荐
1874,1,整体不错，只是速度慢了一些，土豆卷略清淡
1875,1,今天来的很快，赞一个。
1876,1,到很好吃，就是送的比较晚
1877,1,"赞！超级好吃！,配送,保温,全部高大上！"
1878,1,"不错,略干"
1879,1,送的有点慢…酱香卷还是很好吃的
1880,1,好吃！送的也快～
1881,1,第一次点，挺好吃的。
1882,1,太赞了～宇宙速度～10分钟就送到～
1883,1,"超级超级快,好高大上的包装,还会再来哦"
1884,1,虽然送了3个多小时，但是态度很好，反正我也不急着吃
1885,1,"肘子的挺好吃的,就是略干,要是卷的菜里略有汤汁就更美味了,南瓜粥也挺不错"
1886,1,还可以，就是等得太久太久了，两个小时
1887,1,还蛮快的，味道也还不错，我喜欢~
1888,1,太慢了，给送了瓶饮料，服务还算好，希望能准时送达
1889,1,"很喜欢吃,卷瓶很实惠"
1890,1,还行，挺好吃！
1891,1,"还没有吃,感觉不错"
1892,1,送餐很快，4:30分提前送到，分量很足
1893,1,很好吃而且超值
1894,1,还好，就是送的有点慢，饼都没有嚼劲了。
1895,1,潜力股，你值得拥有
1896,1,潜力股，你懂的
1897,1,非常好，夏天正合适
1898,1,很好吃，量很足
1899,1,晚上果然送的更快，要是能把我定的两个一起送来就更好了，支持支持！赞！
1900,1,超级推荐香菇肉丝～～～～～凉拌木耳味道不错～～～
1901,1,两个能吃饱，但锡纸包得不合理，很容易咽下去！
1902,1,大哥赶紧给我送饭吧，我都等了一个多小时了。
1903,1,"又好吃,又准时"
1904,1,"很快,菜分量足,超赞"
1905,1,好极了，超值！！
1906,1,"粥的味道还不错,饭也不错,拿纸袋装感觉好有B格,下次还会来的"
1907,1,包装好，送的快，价格合理，希望种类再多点，做的更好吃些
1908,1,挺好吃的~
1909,1,还可以，包装干净卫生
1910,1,快，从下单到吃饭，15分钟。
1911,1,非常贴心，送餐四十分钟，小哥沟通四秒钟，飞一样的小哥。说还有好多没送。下次再定。
1912,1,精致，给了手套和餐巾纸，味道还好！！
1913,1,粥少肉多，哈哈
1914,1,非常好吃~送餐小哥好早就到了~
1915,1,挺好的，粥碗破了，粥全洒了，和客服说后立马补送了
1916,1,送餐师傅人不错
1917,1,包装很好，味道也还可以，就是名字太俗
1918,1,"味道不错,有点微微辣,可以说不要辣!"
1919,1,"卷饼不错,就是有肘子有点肥"
1920,1,"土豆肉丝卷有妈妈的味道,而且今天送餐还很快,大赞"
1921,1,不错，外卖小哥挺好玩的，东西不错，我觉得肘子的好吃！就是粥吧，有一根很短的头发。
1922,1,饭菜不错，速度太慢了
1923,1,味道还可以，对我来说，咸了点~
1924,1,很好吃，不错
1925,1,味道和包装都不错
1926,1,包装高大上，味道不错
1927,1,包装好，味道好，很满意。
1928,1,鸡腿肉卷饼肉很足，但有点干
1929,1,超级大一个土豆丝卷饼！吃完晚上都不用吃饭啦！
1930,1,"1、尖椒土豆丝，说好的尖椒呢。。。全是土豆丝。,2、大号的卷饼，有点太大了。。。。。。,3、粥不错"
1931,1,饭很好吃，不过送餐速度真的很慢，我等了三个小时，疯了
1932,1,很不错哦包装很好
1933,1,"可以,就是太慢"
1934,1,觉得酱香更好吃
1935,1,"挺好吃,就是小贵,如果没立减的话"
1936,1,味道好，干净，包装精致
1937,1,"送餐速度快到令人吃惊,10分钟！！！"
1938,1,不错，送餐小哥对不起了，打电话不知道怎么了没响～
1939,1,老板态度非常好
1940,1,"好吃,不错"
1941,1,量少，味道不错，微贵
1942,1,晚了一个半小时才送到，但看到送餐大叔辛苦的样子，还是好评吧，大热天的也不容易
1943,1,很好吃，但是送餐有点儿慢
1944,1,服务很好，昨天吃的，今天补单的。
1945,1,"不错,送货快,包装好"
1946,1,分量挺大，女生吃不了，稍微有点辣。
1947,1,很好很不错，很干净，很满意
1948,1,这个味道一般，不喜欢
1949,1,挺不错的~
1950,1,包装很高大上～味道一般
1951,1,餐到的挺快的，服务态度也好，卷饼应该也会很好吃~还送了手套，挺值的，卷饼中型的巨大~卷饼好吃……
1952,1,味道还好。服务态度真的很好～！
1953,1,好吃，很清淡
1954,1,还没吃，送了一个小时，速度有点慢
1955,1,送餐有点慢
1956,1,好大一份啊，很好吃
1957,1,好吃！送餐时间准！赞！
1958,1,大哥送快点好么～～～～～
1959,1,非常好，包装很仔细！卷饼用锡纸包着，过了半小时再吃依然热着
1960,1,大份太大了
1961,1,包装好好，还用铝纸包装的，
1962,1,粥有些腥，饼有点腻
1963,1,非常好！包装！和味道！快递也很赞，EMS能这么快，哈哈
1964,1,上次少的粥我在备注里写了，果真送到了。
1965,1,包装好用心呀，点赞！
1966,1,说得再好也是假的，尝了就知道了
1967,1,好大一份！
1968,1,送餐太慢。。。，我觉得是太饿了，才感觉好吃。
1969,1,还不错哦~推荐！
1970,1,"挺好,有优惠合适"
1971,1,卷饼到处流油，从锡纸里剥出来也很麻烦
1972,1,"又一次来,不错的说"
1973,1,挺好得。买完了皮蛋瘦肉粥还给我打电话问问要不要南瓜粥。赞
1974,1,好就一个字
1975,1,经常订餐非常好吃，还很干净。
1976,1,还挺好吃的，还好给我放了平时一半的酱~
1977,1,好咸的酱香鸡腿啊！
1978,1,味道还可以，就是送错了，京酱肉丝变成了香菇鸡肉
1979,1,好吃，速度也快
1980,1,赞一个。很快的
1981,1,"八宝茶太太太...咸了,木耳和南瓜粥不错"
1982,1,用料十足，很好吃！
1983,1,非常快，没有肉，估计是不在正餐时间的原因
1984,1,很好吃，谢谢
1985,1,粥好喝，卷饼也还可以，非常满意
1986,1,还不错的，肥肉和肉皮有点多。其它的土豆丝卷饼很不错哦！
1987,1,送晚了，饿得吃得很香
1988,1,东西还不错，但是送餐速度太慢了，不能按时送达，第二单两个多小时了，还没有到，这速度真是醉了
1989,1,很好，很快就送来了，谢谢
1990,1,"很好吃,包装也很高大上,惊喜"
1991,1,包装服务都很好～也很正规的一家外卖～就是本人不太喜欢甜面酱的口味～下次不会选这个了
1992,1,速度很快，饭菜都不错，就是不够辣
1993,1,送得太慢了～味道很好
1994,1,好，味道不错，准时送达。
1995,1,餐送到门门口，态度很好，包装很棒卷饼用锡纸包着，味道很棒，之后还会买
1996,1,挺好的，包装环保又有品。
1997,1,"这次送餐时间有些长,打电话去催,客服服务很好,送餐员服务也很好,菜也是热的,所以还是五星啦！不过土豆肉丝卷基本没有肉"
1998,1,送餐有点慢，但是味道不错。
1999,1,送餐太慢，饼也不好吃，里边都是肥肉
2000,1,很快就送到了，20分钟，很不错的，南瓜粥很好喝，谢谢~
2001,1,送餐可能没有看我标记的送餐时间，提前送来了，飘香肘子的很好吃
2002,1,味道还行，用百度外卖比到店里划算多了
2003,1,简直太好吃，不过我弄了一裤子油TAT皮蛋瘦肉粥棒棒哒！
2004,1,"挺好的,挺快的"
2005,1,送餐很快，人也跟nice，好评！
2006,1,"很准时,服务好,就是这份南瓜粥,有点奇怪的味道"
2007,1,非常棒！好吃
2008,1,超级好吃~明天还定~
2009,1,就是太慢了，对方送错地方了，无语
2010,1,很好吃很超值
2011,1,很好很不错，就是有一点儿淡～
2012,1,送餐真的不快，鱼香肉丝的不错～
2013,1,分量很足，不错，都是肉丁，还有青辣椒，不腻，下次尝尝别的口味的。
2014,1,面皮感觉是生的？？怎么理解这个软趴趴的口感？里面挺辣的，味道给个个人不喜欢，牛肉咬不动直接咽下去，蔬菜是一些豆芽
2015,1,还是很好吃的，就是有时候菜品卖光了！
2016,1,"送餐哥们很好,谢谢"
2017,1,味道还是可以哒，肘子好香，青椒的量也恰到好处。就是送餐太慢了，两个多小时才到。第一次来时我正在上课没有取到，送餐的叔叔下课后又来了，还给我换了热的肘子卷，态度好评。
2018,1,菜味道一般，南瓜粥好喝
2019,1,好吃好吃好吃，重要的事说三遍
2020,1,"好实在的卷饼,够值"
2021,1,好好吃～～
2022,1,"好吃,干净,肘子的肥肉也不腻。百度活动给力,一百分"
2023,1,还不错、不过还是喜欢可口可乐
2024,1,九点多订的餐、等了两个多小时。速度太慢了。
2025,1,外卖小哥态度很好
2026,1,不错呢。。
2027,1,送餐大哥送到门口态度很好～
2028,1,非常好吃！！！！推荐推荐！！包装也特别好！
2029,1,味道不错，饼里面肉可以少点，菜多点！
2030,1,很好吃很实惠～但有点不够吃，要是加送点当主食的饼就好了～
2031,1,饼如果弄得再薄一点是不是更好吃呢？刚咬头两口我以为我是在吃馒头
2032,1,价格实惠，值得购买了
2033,1,肥肉有点多
2034,1,这次晚了一个小时……我也是醉了
2035,1,太慢了。挺好啊
2036,1,菜品选择再多一点就好了
2037,1,宇宙卷饼非常棒
2038,1,超级实惠，就是有点肥
2039,1,喜欢他家的土豆肉丝卷，口感偏硬，适合我的好牙口！尖椒土豆丝太油了
2040,1,很早以前就听说过宇宙卷饼，但是一直没时间吃到。不得不说宇宙卷饼包装让人眼前一亮，顿时觉得逼格提高了一个档次。土豆肉丝卷饼的吃起来比一般的摊卖的好吃一些，用了满减优惠之后很划算，总的来说挺不错的。
2041,1,被骗了感觉，就一个卷饼，特别小，但还好送了可乐啥的，。
2042,1,"很客气的大叔，卷饼very,good"
2043,1,送餐有慢，但品质不错
2044,1,味道不错，肉量很足，不过感觉有些油。很贴心的附送一次性手套。
2045,1,包装好，味道也不错，就是粥有点凉，但卷饼太好吃了！
2046,1,下次记得给我带肘子里的醋
2047,1,"送餐很准时，包装太高大上了点。。。锡箔纸卷饼，牛皮纸袋打包,。来说说这个肘子卷饼，肥肉太多,我全挑出来了。。。味道还可以的,但感觉不像是肘子上的肉诶,皮蛋瘦肉粥很好喝,就是相比较其他家分量有点少"
2048,1,第1，美好的态度让我沉醉！餐哥迈着小碎步态度像一阵风，我这距离本来就远他就迟送了3分钟，送来时一脸抱歉一个劲的问我没迟吧？没迟吧？我心已融化……第二，干净不油腻的包装让我太high！牛皮纸带包装，锡箔纸卷饼，这尼玛干净良心的包装，宇宙卷饼！你们赶紧上市好吗！第三，提一个小小建议，宇宙，你们可以把饼做的辣点嘛！！！我写着辣辣辣！可是还是没有辣嘛！其他一切太美好！明天继续宇宙外卖点起！
2049,1,送来的时候粥撒了…不过小哥很帅跟客气…
2050,1,送来都凉了
2051,1,很好吃！肉很多，很实惠
2052,1,速度很难，味道还不错
2053,1,口味有些甜，不是我喜欢的口味，可以换其它口味试试
2054,1,爱吃，就是这次送餐稍微慢了点，不过态度挺好的，一直道歉，好评吧
2055,1,"从订餐到送餐,20分钟,送餐小哥风一样的进来,在我桌子上放下餐,又风一样的离开……"
2056,1,好吃，没有想象中的大，建议点两个
2057,1,物有所值，很给力
2058,1,几乎每天都吃了，爱吃，送餐也快
2059,1,用心做的饭菜就是好
2060,1,送餐及时，包装看起来高大上
2061,1,送餐越来越快啦！
2062,1,价格实惠，值得购买。
2063,1,希望以后把肉切碎一点，块有点大不好咬
2064,1,不错，推荐
2065,1,味道不错～优惠力度好大
2066,1,不错！肉好多，能再夹点菜就好了
2067,1,非常好吃，送餐很快，绝对好评
2068,1,味道很好就是送餐太慢
2069,1,好吃，希望素的品种多点啊
2070,1,就是有点少
2071,1,不错，配送人员很负责，时间准时一点就更好了
2072,1,味道不错，送餐人员也很负责，必须赞，
2073,1,还不错！这次点的是饭，没有立减的话，那就不值二十元这个价！
2074,1,挺好吃的！！
2075,1,大份适合男人和极其饿的女汉子吃哈，我没吃完，很干净卫生！
2076,1,今天居然吃到了很热乎的！送餐也很快！
2077,1,一接电话就下楼。说我下楼慢
2078,1,很好，很满意，但是这次为什么没有送王老吉呢？昨天还送的
2079,1,好吃速度快
2080,1,价格实惠，味道也不错。
2081,1,价格实惠，味道不错。
2082,1,这次推荐鸡肉的。但备注了酱汁貌似没给哎、依旧干、幸好赠送了王老吉。
2083,1,京酱肉丝太咸了
2084,1,南瓜粥一般般，卷饼不错
2085,1,味道不错，送餐时间一个多小时
2086,1,天天吃，会不会长胖
2087,1,很好，也很快不错
2088,1,"虽然送餐时间稍晚,但是味道好吃,没得说,态度也很好"
2089,1,速度好快！
2090,1,很准时，而且这次包装很认真，用券太划算了！
2091,1,味道不错，就是量不大
2092,1,肘子挺好吃～
2093,1,经济实惠，又好吃，打包的还好
2094,1,粥挺好吃的，卷饼味道不错，可惜有点凉
2095,1,不错，很满意
2096,1,有点凉，吃到几口有淡淡糊味的，其他的都很好。
2097,1,很好吃，在线支付很值
2098,1,没送王老吉
2099,1,送餐很及时，卷饼好吃，量大～
2100,1,还是一样的好吃，今天还送个王老吉，很不错哦！
2101,1,等了一个半小时……就算下雨，我的地址距离餐馆可是直线啊！！！！中间无障碍物！！！到的时候，装餐的纸袋子都破了湿了……百度送餐员也太不靠谱了
2102,1,下雨天，感谢辛勤的送餐者！
2103,1,"没有想象中好吃,没味道,可能,鱼香好吃点"
2104,1,唯一的缺点是每次都有些凉了
2105,1,味道不错，送餐快
2106,1,牛肉蔬菜拌饭是辣的。不吃辣哎。这家还是宇宙饼最好吃。
2107,1,一个女生吃够够的了
2108,1,菜挺多饭挺多就是牛肉丝质量一般
2109,1,味道很不错。一般饭量一个中份卷饼就够吃了。
2110,1,好吃，干净
2111,1,超好吃，包装也很精致
2112,1,粥没有给勺子，，点的大份但是送成中份了，已和卖家协商好。
2113,1,味道有待加强
2114,1,离着近自取的，百度外卖合适。好吃。
2115,1,"相对而言,很好了"
2116,1,好吃，送餐快！
2117,1,"很好,很快,好吃"
2118,1,价格实惠，很好，值得购买。
2119,1,油都漏出来了…而且跟之前吃的不一样，，豆芽太多了…
2120,1,挺好滴，外卖师傅很可爱：）
2121,1,不是说好送王老吉吗？为什么没有？这样不好吧……
2122,1,口味不错。
2123,1,"不错,很好吃。。。"
2124,1,好吃，喜欢
2125,1,好吃，点了好几次了
2126,1,好，肉多！但价位稍高
2127,1,不错，味道很好，提点小小建议，要是能配上点腌菜或者拌菜就很好了
2128,1,"好吃又快,要是辣的能标出来就好了"
2129,1,"很好吃,送餐速度也还不错,还送了一个王老吉饮料"
2130,1,就是酱香鸡腿味，我说要吃辣一点也没给我加，关键送来是凉的，凉凉的，是一点点热都没有的，买了38的大份才吃饱，我是妹子。
2131,1,好好吃!!!
2132,1,"还行吧,，味道个人不是很喜欢，一般般吧"
2133,1,卷饼很不错，肉很多，还是用锡箔纸包起来的，还有一个一次性手套，赞一个。缺点是送餐慢了一点。
2134,1,非常不错，挺好吃的，物美价廉！！
2135,1,味道还可以，量也挺足，又便宜，好评！！
2136,1,好多肉啊，又便宜，很不错哦
2137,1,速度也太快了吧…挺好吃的，就是肉不多
2138,1,量大卷，很粗壮虽然送了手套一只很贴心，但吃上还不是很方便留汤儿啊！口感一般没有特别记忆的味道，送餐快态度好外包装牛皮纸袋好！
2139,1,好吃，就是送餐慢
2140,1,送餐太快！也是一种错
2141,1,"好吃,就是贵"
2142,1,不错。继续努力。
2143,1,超级好吃。会经常光临的。哈哈
2144,1,卷饼不错，量足！就是肉太柴了。
2145,1,女友很喜欢
2146,1,"包装不错,味道也不错"
2147,1,"送得慢。。下午一兩點定的也等了一個多小時,不過味道真的不錯,包裝的看起來很貼心！正能量卷餅~"
2148,1,皮蛋瘦肉粥很糊弄啊
2149,1,肘子拌饭竟然是辣的
2150,1,老公说太好吃了
2151,1,包装袋好精致，卷饼的味道也很香，就是南瓜粥没味道，可能是不合我口味吧
2152,1,希望大卷的饼能厚一点～因为饼皮太薄内容太多了的话会包不住啊、而且感觉只在吃菜没有饼《
2153,1,味道还不错，稍微淡一点，下次还是选京酱肉丝吧
2154,1,送餐挺速度的。味道自己吃有点淡。
2155,1,谢谢！嘻嘻
2156,1,好实在，还会来
2157,1,超赞。10点多就到了，味道不错的
2158,1,卖家超赞！一开始出了些差错，但卖家又送了一次，速度超快～卷儿里的肉好多～还有贴心的手套！推荐！
2159,1,就是有点咸，，，，其他都是完美的，爱宇宙卷饼
2160,1,太慢了，味道还不错
2161,1,做得很不错，味道，也很好，要的鸡腿卷饼，要是鸡腿能把鸡皮去掉就更好了。
2162,1,卷饼很好吃，送餐也很快！
2163,1,没有卷饼好吃，不过很大份~
2164,1,"还是很好吃~包装特别精致,哈哈哈,都舍不得拆开"
2165,1,"外送员，幸苦了,！顶着沙尘暴"
2166,1,辛苦送餐的师傅。好评。
2167,1,"好吃，就是吃多了,有点腻,感觉有点淡"
2168,1,一切都好好，味道也不错，只是点了肘子的送过来两个鸡腿肉的，因为太晚了也不折腾了，只是没吃到肘子的卷饼好遗憾呢，另外南瓜粥也没有改的王老吉…太晚点餐就是不好啊
2169,1,吃了几回了，味道很好，实惠，商家考虑很周到，包装好，服务也好，满意，还会再来的哦！谢谢了！
2170,1,不错，速度也必将快！
2171,1,非常棒，量小点，胃口大的不够。
2172,1,"活动挺实惠的...,今天好饿,,赶紧吃饭啦"
2173,1,不错。锡纸包装
2174,1,"味道不错，,就是慢了点儿"
2175,1,肉很多，感觉有点干
2176,1,口味很不错
2177,1,说实话，味道没图片看起来好吃
2178,1,包装精美，味道可以，赞
2179,1,口味还不错，猪肉的稍稍有些甜了，快递速度超快
2180,1,就是有点小
2181,1,n南瓜粥不够甜，卷饼很好吃，饮料有点小，包装很干净，卫生不错，送餐准时
2182,1,下单之后接到商家电话，说因为饼没有了，要晚点才能送过来。虽然送到的时候已经比较晚了，但是服务态度还是很好的。另外鸡腿肉卷真的很不错。
2183,1,"本单由,百度,配送并提供售后服务"
2184,1,味道不错，价格便宜，量又足
2185,1,卷饼味道很一般，饼皮有些硬，甜面酱太多了
2186,1,肉很足，很香。中份的量也很大，足够吃了。不爱吃肉的慎点，肉多的吃得有点恶心了
2187,1,"送达时间非常准时,味道不错"
2188,1,味道不错，很好，包装也很好，就是有点小贵
2189,1,送餐包装很不错，而且送餐很快很及时。要了肘子卷饼和南瓜粥。卷饼味道不错就是尖椒偏多，如果是黄瓜之类的觉得更好。粥有一点凉了，总体很赞！
2190,1,菜不错，但送的实在太慢了……
2191,1,好吃好吃赞赞！
2192,1,送达时间是下午一点
2193,1,"口味很不错,分量也很足"
2194,1,送餐速度不错，菜品口味很好。
2195,1,味道还不错，但是量太小了，正餐的话根本吃不饱
2196,1,外卖小哥人非常好！当然味道也很不错，推推推！
2197,1,好呲，但是锡纸不怎么保温的说。。。
2198,1,很用心！纯素蔬菜卷都是洋葱味。南瓜粥不错。下次我要选个别的卷
2199,1,肉再多一点儿就更好了~
2200,1,土豆丝卷饼好好吃
2201,1,神速啊！挺好吃的！
2202,1,有史以来最好吃的卷饼！我决定明天再点一份！不然对不起这卷饼啦！耶！
2203,1,高大上，餐包装很精致，味道也不错
2204,1,很快，好吃
2205,1,很快，很好
2206,1,已经在手机上评价过了，谢谢商家！
2207,1,皮蛋粥不错
2208,1,肉比较多，不过比较油腻，一个感觉不是太饱
2209,1,准时，味道也好
2210,1,送饭大叔一级棒！
2211,1,"不错，第一次订外卖，怕送迟了，特意订11点的，结果十点多就到了，这下放心了，以后订12点的时间！,强烈要求老板给送外卖的大哥加薪，外卖大哥真不错，真心好！下次还来"
2212,1,"还不错~,包装非常新颖,非常干净。,看得出来挺用心的,味道也不错~,推荐"
2213,1,土豆丝卷饼太好吃了…
2214,1,就是一点凉了
2215,1,灰常满意，就是包装漏油了
2216,1,非常快，很不错，力荐！
2217,1,送来的很快
2218,1,"有点凉,很好吃"
2219,1,很好吃，就是叫多了
2220,1,速度够快，包装也还可以，还没开吃，好评
2221,1,肘子的很香～有手套送餐快～～可以我家附近没有
2222,1,包装很精致
2223,1,"味道不错,速度也很快"
2224,1,味道还可以，就是稍微淡点，要在咸点就好了。
2225,1,太特么牛逼了，全是肉，卧槽！
2226,1,价格偏高，不过倒是蛮好吃的。
2227,1,很准时，满意。
2228,1,"味道不错,送的挺快"
2229,1,赞宇宙卷饼的送餐速度，感谢~
2230,1,非常好吃哈哈哈
2231,1,第一次少送了，让配送员跑了两次，不好意思！
2232,1,"口味不错哦,还优惠很多"
2233,1,"口味适合比较清淡的人,南瓜粥还好,就是没放糖,喜欢甜的需要和卖家说"
2234,1,很好吃，也很快，非常不错，要是酱香鸡腿卷中的蔬菜可以多点就更好了！
2235,1,不错啊，饼很实在，吃得饱~哈哈
2236,1,"赞赞赞,好好好,以后还来"
2237,1,卷饼很好吃，粥还热。
2238,1,强烈建议添加凉菜，肘子肉很多，京酱肉丝稍微有点水
2239,1,很不错的卷饼
2240,1,送餐速度快。。。卷饼分量足。。。味道不错。。。还会再次光临。。。哈哈
2241,1,吃第一口不错，越吃越咸，分量还是很足的，肉很多！
2242,1,京酱肉丝卷饼挺好吃的~就是口味偏甜了~不过总体来说还不错的说呦！
2243,1,"很好吃,送餐的很冷"
2244,1,全是肉啊。
2245,1,味道不错，刚好适合我的饭量，包装也很贴心。
2246,1,说好不要蒜的，结果两次都有蒜，简直太过分了！！！~~~以后不准备买了，有也不通知一下。
2247,1,喜欢京酱肉丝卷，飘香肘子卷肉再烂些就好了，土豆肉丝卷是辣味的
2248,1,还不错呢~~提前送到~~~热乎乎的，比想象中好
2249,1,这次点了一个中份和一个大份，大份是第一次点的中份大小，应该是第一次点的中份送成大份了。中份量不大，大份还行。
2250,1,非常神速，就是有点咸了
2251,1,口味不错，送餐特别快
2252,1,菜有点少，饼有点干
2253,1,好吃！量很足！送餐准时！
2254,1,速度很快。味道也很不错。
2255,1,感觉非常棒，虽然有一点凉了，不过味道很棒！
2256,1,"味道很好吃,送餐速度快,下次还会再买的"
2257,1,大份确实挺大的，吃不完
2258,1,感觉太油了
2259,1,"飞速,南瓜粥没了换了皮蛋瘦肉也ok吧"
2260,1,很不错的，很喜欢这样大小的饭盒，味道也不错，就是送来的时候已经比较凉了。
2261,1,"很快哦,继续保持～"
2262,1,非常好吃实惠
2263,1,送餐好快啊
2264,1,"挺好的,主要是送餐快！"
2265,1,特别快!味道也好
2266,1,吃过好几次了，又便宜又好吃送货又快，真心不错
2267,1,卷饼好吃，送货也很快，非常好，非常喜欢的一家店
2268,1,包装用心，肘子卷饼肉超多，就是有点干，下次点个菜的。
2269,1,很好喜欢极力推荐噢
2270,1,很好很喜欢送餐的小美女态度很好
2271,1,色香味俱全，不错不错好吃好吃！！！
2272,1,很好很速度
2273,1,味道不错……
2274,1,中份太少了!大份又贵的太多了!不过味道不错!
2275,1,蔬菜卷里全是土豆丝。。。相当于粮食，放很多绿叶蔬菜不是更符合蔬菜卷的名号吗？京酱肉丝一如既往的好吃。如果能吃肉之外摄入真正的蔬菜就好了
2276,1,口味不错，送货速度快，下次还会预定！
2277,1,量有点小，肉也不怎么好吃，主要是酱好
2278,1,蛮好蛮好！
2279,1,把上次少送的给补上了，还给了小惊喜，很上心。
2280,1,我订的是套餐，怎么只给我送单点的？
2281,1,很快味道很好
2282,1,很实惠，都是肉，还赠送泡菜和皮蛋瘦肉粥
2283,1,送的早到了半个小时，味道很棒
2284,1,真的很好吃，送餐很准时
2285,1,味道好！减去13元超值！感谢送货员，辛苦了，态度好，敬业！
2286,1,非常好！！我家住六层，送餐人员直接就爬上来了送到家门口，态度特别好，辛苦！感谢！
2287,1,味道好，送餐较快，包装扎实，服务好
2288,1,非常不错，很好吃
2289,1,味道很好而且很实惠送得也很快
2290,1,经常吃他家的饭，很不错，超值
2291,1,特别好吃，超赞
2292,1,好吃实惠速度！
2293,1,"饼比较厚,味道习惯啦"
2294,1,准时，好吃，超级好。
2295,1,送餐快，包装安全放心，味道好。
2296,1,"土豆肉丝比土豆丝卷好吃,因为辣一些"
2297,1,啊我点了这么多次吗
2298,1,"忘了备注不要皮蛋瘦肉粥,还是喜欢南瓜粥一些"
2299,1,"粥一般,饼不错"
2300,1,超实惠，好吃
2301,1,这个卷饼的套餐配的很好，没有粥来冲淡一下的话，就又甜又咸又腻
2302,1,味道相当的不错呀，锡纸包装也很大气，下次还来买~~
2303,1,很好吃，就是第一次吃，不知道吃法，好尴尬
2304,1,口味特别好
2305,1,一般吧，没有期待中的感觉
2306,1,送餐超快，赞一个
2307,1,今天太慢了
2308,1,菜品很不错，没有油腻感
2309,1,卷饼一般，粥和小菜不错，包装很精致
2310,1,卷饼太地道了，好吃！粥很清淡，不错
2311,1,很好，一直吃这家
2312,1,真的挺好吃的。。。
2313,1,很不错，口味很好，但是送过来的时候只有一个袋子在外面，没有保温措施，粥已经有些凉了。
2314,1,"鱼香肉丝的最好吃了,四川口味的"
2315,1,"味道还行，送餐神速，就是有点贵,如果不减钱是不会吃的"
2316,1,京酱肉丝味道不错，要是能再便宜点就好了！毕竟量不是很大
2317,1,"神速好么！！,包装很萌啊~,等会就尝尝"
2318,1,来的倒是相当快，但是。。卷饼里没有酱吗？我是第一次吃。。感觉这样的饼怪怪的。。加点甜面酱会更好吃吧？两边的饼很硬，很干。。。肉太少了。。辣椒味道有点生。。。
2319,1,"好吃,就是每次粥送来都有点凉"
2320,1,还好吧。肉倒是挺足的，就是皮儿有点干。皮蛋瘦肉粥好喝，但是碗送来的时候裂开了，很多都漏了，可惜。
2321,1,快，就是有点淡
2322,1,鱼香肉丝好吃
2323,1,"很好吃,就是粥撒了点,等了一个多小时"
2324,1,送餐很及时，态度也很好
2325,1,帮同事订的，不错
2326,1,肉肉很多，很好吃
2327,1,"分量足,味道好,就是有点凉了……不过很不错的呀"
2328,1,"饼不错,粥有点凉了,送餐最快的一次~"
2329,1,超级好吃！！喜欢！
2330,1,"口味不错，女生一个人吃完还很饱,包装很不错"
2331,1,"下单,你们弄重了害得我买了2份"
2332,1,非常非常好~~~
2333,1,不是自己吃的。。不过应该很好吃吧。。不然朋友也不会经常订这个啦~~
2334,1,便宜，实惠
2335,1,送餐很及时，口味很好，用料很实在，已经买过多次了，以后还会买！
2336,1,卷饼真心好吃啊！！粥和小菜也很好，送餐及时～包装严实整洁～～百度外卖免运费再减8元很给力啊！
2337,1,好吃好吃。
2338,1,很实在，包装也不错
2339,1,"味道很好~送餐员神速（低于预期时间）挽救了饿坏的我~,只是饮料没有吸管.."
2340,1,货真价值的肘子卷饼，味道很赞，就是饭点送餐慢了点，可接受
2341,1,"哎，过了12点订送的就很慢了。。。差点把我饿死。。。不过看在送饭的是个妹子的份上还是好评吧-,-。。。"
2342,1,送餐很快，而且百度的减8元很给力
2343,1,味道确实不错，粥有点淡。下次还会点
2344,1,味道挺不错
2345,1,这一单不错，完全满足需求
2346,1,味道不错，送餐及时，态度很好
2347,1,找到了吃驴肉火烧的感觉
2348,1,很好吃哦，推荐大家尝一尝
2349,1,还可以吧，和平时差不多
2350,1,味道比以前有改善！
2351,1,不错，肉很多，包装也挺干净
2352,1,非常不错，值得推荐
2353,1,味道不错，就是有小菜没有筷子不是很方便
2354,1,包装赞，送的也算快了。味道也很不错。
2355,1,"送的有点早,但是真的很不错,招牌的果然不一般~\(≧▽≦)/~"
2356,1,好评，味道不错
2357,1,"服务很好,好吃,送餐快"
2358,1,"very,good~!,只是忘记点套餐了,,哈哈"
2359,1,真不错，送货速度超快的哥们
2360,1,好吃，馅料超级足！
2361,1,速度挺快，感谢送货大姐！
2362,1,还不错挺好吃，定了好几次了
2363,1,"都很好吃,可是沙拉里面有一颗肉虫,差点就吃进去了…,希望店家洗菜注意"
2364,1,还不错，就是打包影响美观。
2365,1,香脆鸡肉披萨很好吃，这次的料更足，满意
2366,1,一直买他家的香脆鸡肉披萨，喜欢
2367,1,非常好吃，而且速度特别快
2368,1,快递员送达很快！饭还是热的，谢谢啦~味道也不错
2369,1,还好吧，披萨不会再要这个了，可以试试其它的
2370,1,味道还不错！就是有时候速度慢些！
2371,1,送的时间快，披萨也好吃，
2372,1,很好吃，奶茶还好，天很冷，还没有凉
2373,1,挺好哈的，大冷天的，挺快的，还热乎着。
2374,1,时间1个半小时了才送到，果然去店里吃和外卖东西不太一样啊…还有新奥尔良烤翅就跟没熟似的…但是榴莲披萨味道还是不错的！
2375,1,不错，常定，味道还可以吧
2376,1,"很不错,还放了芝士,棒"
2377,1,速度挺快的东西也挺好的给赞~
2378,1,披萨和菠萝派不错。还可以吧
2379,1,薯格很好吃。pizza还可以把
2380,1,一级棒，味道和送餐速度都很好。
2381,1,很好吃，送餐速度非常快
2382,1,芝士薯蓉烤过火了
2383,1,味道还行，送过来还是温温的，正好
2384,1,"杏鲍菇肠坑啊！,就是门口2块一根的烤肠"
2385,1,最爱挚爱马铃薯披萨，超好吃
2386,1,支付宝最好用了，支持支付宝
2387,1,还可以，经常订，省事
2388,1,整体不错，密酱烤味道不错
2389,1,"土豆泥量够大,吃了半份快饱了,披萨芝士够足"
2390,1,"大冷天还按时送到,非常感谢，味道不错，多加了一份芝士味道很赞，就是里面的香肠如果再换换就好了"
2391,1,"天气不好,非常感谢,还是热的,好评！"
2392,1,批萨口感好，扎实的料。鸡翅原味最好，奥尔良第二，蒜香炸的老。很好的一次经历，外卖小哥很给力，好评一万
2393,1,"一直都吃这家,非常好,土豆泥是特色,鱿鱼有点腻,送餐速度一如既往的快"
2394,1,"第二次吃了,很好,送餐也很快态度非常好"
2395,1,金枪鱼没有那么多～味道还成吧
2396,1,不错，下次还会再买的
2397,1,很棒，一个人饭量不大可以吃到撑。
2398,1,味道挺好的，在这要着重表扬送餐大叔，不但速度快，态度还特好好。
2399,1,小度骑士，速度很快，服务态度很好。很喜欢点百度外卖。
2400,1,芝士非常多
2401,1,红红火火恍恍惚惚何厚铧
2402,1,"非常好,服务棒极了下次还来"
2403,1,味道不错，送货快
2404,1,好快的速度，赞
2405,1,奶茶送到有点凉了，披萨好吃
2406,1,挺好的，速度也不错，以后还来
2407,1,"很好吃的。评价晚了。,嘿嘿"
2408,1,第二次下单，很不错。
2409,1,味道很好~
2410,1,还不错，也很快～
2411,1,送餐员很快。饭很好吃，特别是鸡翅和土豆泥。下次继续点！
2412,1,写了要发票，没给发票
2413,1,"虽然时间长了些但是很准时。下次记得给些番茄酱就更好了。,一个人吃足够了。好好吃"
2414,1,上次说错了，培根味道一般、美式密肉的好吃，真的鲜榨果汁！
2415,1,味道超级棒！鲜香培根的好吃、料也足！炸鸡也都是鸡翅而且个头很大！大赞！
2416,1,超級好吃啊！下次還要吃這家的外賣，啦啦啦啦啦啦啦啦
2417,1,披萨非常好吃
2418,1,味道还不错，性价比较高
2419,1,好！虽然很小，但是很好吃。送的也快
2420,1,配送大哥很热情，东西很好吃
2421,1,味道很像必胜客的味道，外送也很专业
2422,1,连续几天点这家外卖，味道很良心
2423,1,金枪鱼焗饭深得我心
2424,1,不错，就是披萨有些小
2425,1,大中午点的，送餐大哥很给力！速度很快，大中午的真是不容易！pizza馅料很多哦！满满的都是芝士哦，会再来
2426,1,"很好吃,比想象中的分量要大"
2427,1,"鸡翅太坑了,那是小腿肉,好少的,菜量好少"
2428,1,送餐不是一般的快，简直神速
2429,1,酱爆鸡丁的量太少了！
2430,1,谢谢百度骑士辛苦的送餐
2431,1,送餐很快，送餐人员很热情！～
2432,1,这家店的菜吃不腻啊！
2433,1,送来的时候，热气腾腾，第一次吃到这么可口的外卖
2434,1,非常好吃！冰花很脆！
2435,1,经常买这家的饺子，味道棒棒哒！
2436,1,已是他家老客户，味道正宗，饺子料包齐全，以后最好能出台一个单份饺子套餐更好
2437,1,排骨不错，丸子不好吃。很不好吃
2438,1,菜量挺大的！快递的速度太给力了！
2439,1,天这么冷还能准时送到，非常感谢，一百个赞
2440,1,送餐员非常快，联系了好几次非常好
2441,1,"我只能说这么冷的天,送的很快，店里人直接送的,太温暖了,很好吃,老板人不错"
2442,1,大冷天的百度骑士真是辛苦了～
2443,1,每次点餐就是图快～店家每次都很快～味道还可以，但豆豉鲮鱼油麦菜居然是辣的，吃的有点辛苦！
2444,1,快递员，好给力啊，太棒啦
2445,1,挺不错的，每个饺子一个格子放的很方便不会黏在一起
2446,1,菜品一直都很美味。百度外卖的送餐师傅们真辛苦，每次送餐还都不忘说一句:祝您用餐愉快。必须给个大大的赞啊！百度外卖会越来越好的(^_^)
2447,1,味道还可以，快递服务很到位。
2448,1,大冷天，送餐员辛苦了
2449,1,百度骑士很给力！菜品还可以！
2450,1,都好吃，经常点他家的外卖(^_^)
2451,1,味道不错，饺子馅大皮薄，一份饺子足够一人午餐量了，特别赞他家的饺子送餐盒，超棒，避免饺子粘一块，强烈赞一个！送碗饺汤更美！
2452,1,经常订他家饭很好吃，
2453,1,好快，味道真的很棒，还不贵
2454,1,好吃，量也大，值得推荐
2455,1,经常买这家的饺子，好吃又实惠。百度外卖的师傅服务非常好，每次都不忘说一句，祝您用餐愉快(^_^)
2456,1,"饺子太好吃,妈妈的味道"
2457,1,第二次买了，味道很好!
2458,1,"服务超级好,不错,很耐心很客气"
2459,1,天气恶劣而且服务态度很好，谢谢
2460,1,等了很久，派送员非常有耐心也很有礼貌
2461,1,"很好吃,很香,包装也不错的"
2462,1,挺好吃！就是炸土豆丝写的是10元，不知道为什么结账时就变20元了，后来就没点～
2463,1,太好吃了，不是第一次点他家的饺子了。皮薄馅大，真不错。送餐师傅很及时。
2464,1,谢谢骑士谢谢店家谢谢骑士
2465,1,感谢骑士师傅，辛苦了！回家路上定了餐，到家没多久就收到了！赞
2466,1,果真是大馅饺子，味道很棒啊！
2467,1,菜品味道好，师傅送货快
2468,1,"还冒着热气呢,肉末茄子超级棒,尖椒豆皮就不咋好吃啦,不过整体还是不错的"
2469,1,辛苦骑士了，距离那么远送过来餐还是热的，做的很好吃
2470,1,"饺子不错,服务到位,因为急要,所以店家还帮忙送了过来,点个赞"
2471,1,虾仁口感不好，但是整体味道不错，只是口感，但这个价位，也理解了。
2472,1,送货很快。
2473,1,味道真心不错啊，像家里做的感觉～
2474,1,饺子很好吃，送餐很快
2475,1,"骑士辛苦了,不是我吃的不知道"
2476,1,大赞蒜苗肉丝和干炸丸子，确实好吃。
2477,1,饺子馅挺大，皮稍微有点厚，好吃，素三鲜馅非常新鲜
2478,1,"饭菜可口,感谢百度配送小哥这么冷的天送过来"
2479,1,包装不错，干净卫生，
2480,1,送餐师傅服务超好！满意！
2481,1,味道很好，菜量挺大，两人没吃完。
2482,1,"配送师傅十分给力，外面下着大雪依然很快送到，谢谢！,菜也挺好吃，性价比高，还会再来！"
2483,1,"天气不好,速度还是非常快"
2484,1,送餐员的表现比餐本身要赞
2485,1,送餐员超快～一直吃这家
2486,1,还是那么的满意，骑士哥也非常棒，下雨天没有一丝一毫埋怨的态度
2487,1,"东西好吃又实惠,送餐又快,好评"
2488,1,味道不错，送餐很快，谢谢送餐员
2489,1,漏了这次的评价，真心赞，非常非常棒
2490,1,一如既往地好，赞赞赞赞赞赞
2491,1,这饺子皮薄陷大，味道很棒，送过来还热腾腾的，百度骑士风一样速度，感谢店家，感谢骑士！
2492,1,多次购买了，商家很快～快递也很好！
2493,1,"锅包肉,还好,那个酸菜白肉竟然是大白菜,放了点醋,太难吃了,吃完就拉肚子了"
2494,1,饺子和盖饭都挺好的。就是酸辣粉不正宗感觉。不知道四不四因为时间长了。
2495,1,饭馆离家一站地，俩小时才送来，虽然冬至吃饺子的多，也太慢了。不过百度赔付逾时费了，确实没想到。
2496,1,点的饺子非常好吃，送餐也很快。
2497,1,服务很到位，及时联系客户
2498,1,快递小哥儿很快就送到了，人不错，很有礼貌!
2499,1,我连着吃了几天，每次都评语，今天你家已经排列百度热榜第二名了，恭喜恭喜，本来今天本来还会订餐的，我家人过生日，以后还会来品尝你家美食的，赞
2500,1,连着几天吃不腻，赞店家的诚信经营理念，分量还是足足的，味道还是那个味儿，这次的骑士哥赞一下，还是住附近的，很高兴选择了这家美食，订餐那么多天，从没有超过三次的，吃得满意，吃得放心
2501,1,"第二天接着你家菜单，一如既往的好，量足，实惠，店家诚实守信，要求什么做什么，虽然今天的锅仔鸡蛋豆腐好像给我送错了，还是做错了，送来的是西红柿豆腐吧，这,可以接受，骑士哥是真的扫了今天的胃口，订餐那么多天头一次遇到这样什么都不懂的骑士哥，居然打电话问我详细地址，几环，标志性建筑，最后还要我发地址信息，实在忍无可忍回应他，我在百度订餐留的哪里就是哪里，真的是倒胃口"
2502,1,天气寒冷，送餐小哥辛苦了
2503,1,昨天太忙没时间来评语，分量足，味道是我全家喜欢的，价格实惠，赞赞赞赞赞，骑士哥也非常给力。
2504,1,小黄鱼贴饼子根本不是贴饼子，，炸窝头！都黑了！什么玩意！糊弄人呢！！！
2505,1,好吃，就是饺子坨了，帖在一起
2506,1,量大，吃了三分之二就饱了！
2507,1,到家进门在百度外卖订餐，一会儿功夫，送货员就送到了热腾腾的饺子，大风下雨的天气，饺子就酒，太美啦
2508,1,量大味道不错，配送相当快
2509,1,经济实惠，家常风味的大饺子
2510,1,晚上到家，累得不想动，能吃上热乎乎的饺子，赞，配送员热情的服务，必须赞
2511,1,羊肉稍微有点干，其它还好
2512,1,配送超快，态度很好！饭菜可口！
2513,1,还不错！！送餐员很棒
2514,1,味道不错很好水煮肉很香，送餐也很快
2515,1,能清楚的标明饺子馅就更好了！
2516,1,"真不错，肉馅很鲜，调味也不错,像家里包的一样，陷大，好吃，吃的挺舒"
2517,1,米饭好丰满，吃不了，超实惠
2518,1,菜品好，速度快，真是太好了！
2519,1,师傅非常好，谢谢
2520,1,师傅非常好～谢谢
2521,1,送餐挺快的。以前没吃过这家的菜，今天是第一次吃。鱼香肉丝跟图片不太一样，放了好多青椒和胡萝卜，不是我想要的味道。宫爆鸡丁味道有点淡。干煸豆角味道还不错！
2522,1,送餐挺快的，送餐员态度很好，谢谢这么凉的下雨天给送餐，菜也都挺好吃的，热呼呼的，下次再定
2523,1,芹菜鸡蛋，挺好吃～
2524,1,又快又好吃！送餐小哥超棒！！肯定会再来
2525,1,菜品还不错
2526,1,稻香村的点心自然不必多说了，就是好吃！外卖小哥服务也非常好～赞\(≧▽≦)/！
2527,1,一如既往的好吃！派送员很负责，小点心一点没碎！
2528,1,早饭没的吃选了百度外卖，谢谢张骑士
2529,1,非常满意，感谢送货员和商家！
2530,1,守时守信！非常好的骑士
2531,1,"快递员服务非常好,食品也不错"
2532,1,快递小哥服务好，速度快
2533,1,比我想象的快啊，才一个多小时，这两天都是两三个小时的。
2534,1,"挺快的,为啥没有南瓜饼卖啊"
2535,1,超好吃，最爱，棒棒哒，都不用自己出门
2536,1,"配送很快,就是要了发票但商家没给"
2537,1,配送非常快，10分钟就送到啦～
2538,1,送餐小哥神速～味道也好～
2539,1,最爱吃的两样，而且送餐超快！
2540,1,送货速度真的太快了！！
2541,1,虽然送达晚了一点，但是快递员提前打电话告知了缘由，态度非常好，我们也非常理解，雾霾天快递员小哥们不容易哦！表示感谢！好评！
2542,1,送餐小哥速度很快，态度很好
2543,1,速度非常快，很好很好
2544,1,送的非常快超级给力下次继续买不用去店里了
2545,1,我的最爱枣花酥，包装非常好，一点都没有碎。。味道一如既往的好
2546,1,"配送速度很快,每个品种分开装纸袋而且包的很好,喜欢吃"
2547,1,忘记评价了，师傅很好！
2548,1,快递态度好，速度快
2549,1,送的出乎意料的快！！
2550,1,配送速度非常快！好评！
2551,1,配送员送货及时，糕点质量好
2552,1,"小哥超快,东西包装很好,好吃,好评"
2553,1,速度超级快！百度外卖超好用！
2554,1,特别准时服务态度超级好
2555,1,百度小哥速度超快提前半小时到，非常感谢，这么冷的天真是不容易，再次感谢
2556,1,快递师傅特别好～等了我10分钟
2557,1,百度骑士是又懒又馋人士的天使
2558,1,谢谢啦，辛苦，很赞赞赞赞
2559,1,大雪天，辛苦了百度骑士，赞
2560,1,很满意，送餐时间很快！
2561,1,外卖小哥超好，送的准时，糕点包装的很好。超级棒
2562,1,配送员有礼貌，配送速度快！
2563,1,骑手速度很快！人很好！感谢
2564,1,送货神速，多谢吕师傅
2565,1,"快递小哥很赞,这么冷的天辛苦了"
2566,1,百度外卖服务赞，送餐员很好～
2567,1,"超级快,准时。希望以后都这位小哥配送"
2568,1,配送服务非常好，稻香村很好吃
2569,1,配送员神速！点心也很新鲜！好！
2570,1,很好的，外卖小哥很好很快的，一会儿就送到了，赞
2571,1,挺快的，真的挺不错。
2572,1,神速，继续支持。！！！
2573,1,特别好！很快送达…
2574,1,包装很精细，送货很快，送货员态度超好的
2575,1,"非常快,服务好,送餐员超温馨,点个赞"
2576,1,送货小哥儿超级赞，萌萌哒，送货巨快！
2577,1,超级快，超级快！！！
2578,1,速度超快，下次还会订购的
2579,1,工作人员很速度，服务好，赞一个！
2580,1,快递非常给力！！
2581,1,稻香村不愧是经典，赞一下百度快递小哥，哈哈哈哈，好有喜感
2582,1,秒送！太快了！
2583,1,速度好快，送餐小哥态度超级好
2584,1,送的特别快
2585,1,神速呀。。订完20分钟就到了。。。果断好评，快递小哥态度很好，赞个
2586,1,感觉是秒到啊
2587,1,送的特别快，稻香村的点心真的挺不错的
2588,1,"送餐员很有礼貌,很好！"
2589,1,蛋糕质量和味道不错，送货很准时
2590,1,真的很不错，不枉费我等了那么久
2591,1,送餐很快，服务态度很好，还会再来
2592,1,好吃！很新鲜！送餐小哥也很好
2593,1,"真心不错,还挺快喔,嘻嘻"
2594,1,唯一美中不足的，就是一点儿甜味儿都没有。
2595,1,"好吃,物美价廉,很快,服务态度好,好评"
2596,1,感谢卖家做出这么好吃的千层蛋糕，感谢送餐人员快速到达！辛苦了！
2597,1,迫不及待的打开，没有让我失望哦！真的太好吃了！送餐人员服务态度特别好，赞一个！满意！
2598,1,送货真的很快。。。。。
2599,1,配送还算快，两个多小时送到，挺好吃的朋友们都喜欢
2600,1,送蛋糕很快到家，蛋糕很好吃，赞
2601,1,挺好吃的，好吃不能怕贵，值得
2602,1,好喝。喝到底能吃到紫薯块，甜度适中。
2603,1,小哥很帅！人很好！！！！！
2604,1,"阿佛很好喝～,下次还会来，百度骑士棒棒"
2605,1,果汁非常好喝，新鲜！瓶身上贴的书籍护封很有趣，“博大的意思包含：大家都很美丽啊”
2606,1,骑士小哥送的很快，态度也超好，点赞！
2607,1,安娜喝完很舒服，不腻。果汁很新鲜！
2608,1,果汁不错，还会再来滴
2609,1,果汁很细腻，搭配起来口感超级赞
2610,1,汁儿家的果汁是我喝过最好的，坚持下去哟，外卖小哥很给力，超快的，谢谢啦！
2611,1,不错，送的速度也很快，点赞
2612,1,"外卖包装需要改进。。。。,。"
2613,1,不错很好赞
2614,1,很喜欢酸辣汤～好喝～其他菜有机会尝试
2615,1,送餐快又准时，非常好吃，两个人竟然没吃完。晚上再煮点面放进去，晚饭都解决了。鸡块很多，味道很好。口味重！值得推荐！
2616,1,感谢骑士冒着严寒送餐，辛苦了
2617,1,快递很快，量很大，就是有点太咸了
2618,1,谢谢百度骑士，速度很快
2619,1,扬州炒饭几乎没有盐味…………
2620,1,一直信赖百度外卖，挺好
2621,1,"味道不错,就是花卷有点小,下回多要几个"
2622,1,超级棒！超级棒！超级棒！
2623,1,送餐师傅很负责任，大冷天的不容易！
2624,1,比时间还提前了，态度很好
2625,1,菜味道不错哦！快递小哥也超赞，送货速度超快，态度超好，菜送过来时热腾腾的！
2626,1,非常的正宗，就是羊杂汤太咸啦
2627,1,配送速度很快！幸亏要的中盘鸡，两个人吃绰绰有余，鸡肉很嫩，整个菜也不太辣，很好吃啦
2628,1,速度很快，很准时！赞
2629,1,"送货时间很快,骑士很棒,菜也好吃,五星级服务"
2630,1,不错，很好吃，送货快
2631,1,花卷不错，汤也挺好的，送货快
2632,1,服务好速度快100分
2633,1,不错，配送速度快
2634,1,"手工花卷真的是不错,有小时候的味道"
2635,1,速度很快，菜品不错，米饭我吃着稍稍硬点可能个人习惯不同。
2636,1,饭菜好吃，环境干净，服务人员态度友好
2637,1,"快递小哥太棒了！哈哈,菜也好吃"
2638,1,孜然羊肉超赞！花卷超赞！
2639,1,骑士菜品一样的棒，感谢
2640,1,一次买了40个哈哈。好吃
2641,1,花卷每次斗一定要买特别好吃
2642,1,花卷太好吃，每次都买很多。如果再增加一些粗粮就更好了。
2643,1,"快递很快的,还要凑十个字"
2644,1,很喜欢吃酸菜。汤也很鲜。。。
2645,1,羊杂味道超级正宗！最主要的是快递小哥特别好，特别贴心，还给拿了辣椒油，而且态度特别好，特别好，特别好！重要的事情要说三遍！
2646,1,很快很好很方便赞赞赞
2647,1,很不错，速度挺快，就是油有点大
2648,1,骑士笑容好温暖。。。各种风驰电掣的送到了。。。
2649,1,送餐速度超快，人长得也帅，很棒的服务！感谢让我这么晚还能吃上热的饭菜。
2650,1,非常好，外卖大哥谢谢啦！
2651,1,送货很快!老饭馆了，吃着放心，鸡丁好吃。
2652,1,送餐员态度特别好，嗯嗯
2653,1,送餐很快。很方便。谢谢
2654,1,还可以！非得写十个字吗？操蛋
2655,1,鱼香肉丝盖饭很好吃～～～～
2656,1,非常好非常好非常好～
2657,1,迅速及时！好吃！百度骑士辛苦
2658,1,炸酱面有点坨了。。干煸豆角一如既往的好
2659,1,味道棒！配餐快！大冷天喝一碗热腾腾的羊杂超棒！
2660,1,送餐速度快，菜量很充足。
2661,1,送得很快，态度很好，菜量十足，实惠
2662,1,青城饭菜很好，配送服务也快！
2663,1,送餐很快，菜很好，羊杂味道不错
2664,1,点很多次了，都很好～～～
2665,1,配送员师傅很快态度很好
2666,1,送菜及时！好吃！百度骑士辛苦！
2667,1,速度快，态度好，不错不错。
2668,1,菜不错！百度骑士辛苦！
2669,1,"对来送外卖的先生很不好意思,没有零钱，送的非常快，还很热。菜的味道也不错,量不小。"
2670,1,定很多次啦！菜很好吃！也很及时！
2671,1,中盘鸡好大份两个人吃了两顿才吃完。味道非常好
2672,1,很好吃！干煸豆角非常推荐！牛肉烧卖也是棒棒哒
2673,1,百度骑士辛苦！送菜及时！菜很好吃！
2674,1,准时！百度骑士辛苦！菜不错！美味！
2675,1,服务到位非常好，很满意
2676,1,不错，菜里油少，口味清淡，希望商家坚持下去！
2677,1,味道相当不错！一直认准这家店，也经常堂食。今天天气不好，可送餐小哥依然那么快，送来饭非常热，感谢有你们！
2678,1,最爱青城家的饭菜～如今终于可以外卖啦～带娃来不及做饭时首选青城～主要是吃的放心，很干净，菜的味道有家的感觉，老板人特别好，这也是老店如此火的原因，希望能出些新的菜品哈哈！
2679,1,味道好，包装好，送餐及时，不错
2680,1,鸡肉有点老，味道不错
2681,1,羊肉的好吃，牛肉的一般，如果肉里有点酱油就好了
2682,1,大叔特别面善！饭食用料很好！
2683,1,百度骑士态度很好，一句祝福的话心里很暖！饭菜味道也不错哟！
2684,1,牛肉烧卖非常好吃，酱油炒饭还有酸辣汤也很好。份量非常足。青城也送外卖太开心了！
2685,1,第二次点了，量大，很不错
2686,1,非常快，品质好，服务态度好
2687,1,百度小哥太有礼貌了！约17:30送餐，敲家门的时候一分不差！绝对32个赞
2688,1,四个人吃得很饱，要是能选择尺寸就更好了
2689,1,好吃，送货迅速，大冷天送货，送货员辛苦了。
2690,1,披萨好吃，原味鸡翅非常好吃
2691,1,骑手师傅真心快，服务态度好
2692,1,"鸡翅很好吃,速度一般,但是送过来还是热的,好评一发"
2693,1,速度很快，外送员辛苦了
2694,1,非常好吃……披萨味道正
2695,1,还是特色的好吃！拿到还是烫的，很好，鸡翅也好吃
2696,1,送餐速度真是太快了！！
2697,1,"不错的,味道可以,就是凉了"
2698,1,服务好，速度快，赞
2699,1,虽然因为牛肉太多有点儿咸……
2700,1,第一次定披萨，送过来很快，辛苦快递小哥了，还是热的，披萨最好吃，那两份小吃估计还是在店里会好吃点
2701,1,周到贴心～细致热情
2702,1,"站点不错，推荐。,小pizza我一人吃一张正好"
2703,1,"方便快捷,服务好,谢谢"
2704,1,送货的骑士比照片瘦多了！大冷天，太辛苦了！最重要的是跟在店里吃品质一样！披萨的馅趴在饼皮上妥妥的！
2705,1,送餐员速度快，态度好
2706,1,出乎意料的好，病人吃着也挺好的！速度还快～下次还点
2707,1,儿子最喜欢吃站点，昨天因为脚崴了不方便出门，只能外卖，其他都很赞，但披萨我觉得像提前做好翻热的，因为已经很硬，我们一直在亚运村店吃，一个披萨的烤制时间不短，昨天从下单到送来，时间不太对。
2708,1,很好，一如既往地快，好吃
2709,1,快递人员很尽职，辛苦了！
2710,1,这次的麻辣教父一点也的不辣诶。。。不知道为啥。。。
2711,1,"番茄醬撒了QAQ,其他nice"
2712,1,这个披萨好肉啊
2713,1,快递员太给力了！赞一个
2714,1,很热乎，送货超级快，好评
2715,1,神速啊！餐还是热的呢
2716,1,送花好快，没有凉，薯条有些过火，其他的好吃
2717,1,东西非常好，还是热的，辛苦了！
2718,1,很快，跟在店里吃基本无差
2719,1,小哥还顺便帮忙取了快递！好评好评！
2720,1,感谢百度骑士，天冷了注意保暖，辛苦了
2721,1,送餐员服务态度好，速度快。菜品味道好。
2722,1,送餐员态度很好，速度也快。菜品味道好。
2723,1,骑士速度特别快赞
2724,1,很快就送到了。为快递员点赞
2725,1,外卖哥最棒最棒最棒。。。。
2726,1,非常负责的快递员，很快很快…
2727,1,味道就不用说了，关键送的超快，从下单到吃到只用了30分钟，热乎乎的，骑士给力！
2728,1,"定位出了点问题超出了配送范围,但是快递人员还是耐心问路给送了,好评"
2729,1,披萨很好，值得推荐，性价比很高，跟店里一样
2730,1,人好速度快，好评好评好评！！
2731,1,快递小哥很给力，取到餐就立马送来了，但是餐厅晚了好久才做出来，导致晚了好久才吃到饭
2732,1,谢谢快递哥哥，非常准时，辛苦啦
2733,1,送餐还是很快的，师傅特别客气，非常好
2734,1,送餐员给力，披萨好吃！
2735,1,站点特色比萨，辣味特色薯条，口感都很棒！
2736,1,"外卖大哥超级好,披萨也不错"
2737,1,"卖家很贴心让给点辣油竟然把瓶子都拿来了！,芝士再多些就完美啦"
2738,1,速度快，服务态度很好
2739,1,今天很冷，送来的pizza还是热的！谢谢送餐的大哥
2740,1,配送很快！点赞，凑够十个字
2741,1,"非常好,赞一个,下次还订"
2742,1,味道很好，送餐员态度赞
2743,1,又快又好棒呆了哈哈哈哈哈哈哈
2744,1,百度骑士夏豪杰特别好，我把地址写错了，他也没有抱怨，态度特别好地帮我送过来，非常赞！
2745,1,特别快。人也特别好。以后还会定的
2746,1,大冷天，快递小哥微笑服务，手动赞一个
2747,1,非常好非常好非常好送的快，态度好！
2748,1,鸡肉披萨不错，手指牛排特别赞！
2749,1,不错很好吃.就是边有点硬，饼也薄了点，味道不错馅料也好
2750,1,味道不错，就是稍微有点硬！
2751,1,孩子非常喜欢，尤其是草莓甜饼还会再来
2752,1,薯条皮了，奶酪棒没味道
2753,1,"披萨好吃！,送餐小弟很给力！"
2754,1,特别特别好，谢谢，很好吃
2755,1,"披萨很好吃,但还是最爱熔化金枪鱼的,送餐师傅辛苦啦"
2756,1,商家因为某个东西售完直接取消了订单，就不能提前打个电话么，白等了半小时。
2757,1,送过来披萨还是热的，一如既往的好吃，赞一个
2758,1,好好好好好！快递辛苦啦！
2759,1,雾霾爆表。快递辛苦啦
2760,1,点过很多次，味道很好。现在能外卖了超值。就是能不能把披萨的尺寸改大一点啊？
2761,1,小哥很棒，态度很好，才还热着，很好!
2762,1,太快送到啦！意外啊！赞一个
2763,1,不错，料很足…………
2764,1,送餐快，pizza味道也不错！
2765,1,终于吃到闻名已久的站点披萨～味道很好～
2766,1,披萨很不错，薯条放久了没在店里的好吃
2767,1,饼边走点硬，味道还不错，希望下次改进。
2768,1,送餐员非常负责，及时确认订单中特别叮嘱事项！很专业，很用心
2769,1,很不错，用餐高峰送的很快，披萨很好吃
2770,1,快速的送到了顾客的手里。
2771,1,棒棒哒，快递员很贴心，不错
2772,1,味道不错呀，鸡翅好吃！
2773,1,很好，还很热！！！！？？
2774,1,非常快，服务很好，好
2775,1,"饼好吃,送餐师傅也特好,送餐师傅辛苦啦"
2776,1,好吃，相同尺寸比别家个儿大，时间略长，有些凉了。
2777,1,很好，送来的时候披萨还是烫的，送餐员很用心。
2778,1,速度很快，比萨底很脆
2779,1,"为何没有发票,为何不开发票"
2780,1,在店里吃过多次，第一次在百度配送订购，食物非常好吃，配送小哥也很辛苦！谢谢！
2781,1,"味道不错,会继续支持"
2782,1,超快超靠谱，辛苦小哥了
2783,1,薯条很大很好吃！送餐快！
2784,1,小牛肉比萨味道很浓！沙拉量很大！送餐快！
2785,1,由于外出没及时赶回家，快递小哥在寒风等了快十分钟，为了把披萨放在他随身的保温箱里，满满都是感动啊♥️
2786,1,发货太速度了，热乎乎的，都很好吃！百度骑士辛苦啦！
2787,1,热乎乎的，谢谢，送餐员辛苦了，速度很快，谢谢
2788,1,送餐这个百度骑士人真好，我生病躺在床上，七岁儿子开门拿，他还提醒孩子別烫着，关好门。赞一个
2789,1,汤面类还是不要点吧，送来味道大打折扣。其他都不错。
2790,1,速度真快！饭菜好！我喜欢！
2791,1,买了两份馅饼只给了一份，也没解释为啥也没退钱
2792,1,外卖哥太棒了，给三十二个赞。
2793,1,味道很好，辛苦外送员了。
2794,1,第二次吃，味道非常好。开始想买20张馅饼带回家，但是系统默认两个馅饼一个餐盒，想想要来10个餐盒有点恐惧只能作罢。请系统升级一下使包装可选。谢谢！
2795,1,炒饭很好吃，羊肉有点肥
2796,1,外卖师傅辛苦了！这么大风，送的很快！
2797,1,特别幸苦，特别感谢！
2798,1,送餐员非常到位，速度也很快，到时餐还是热的。馅饼超好吃，炒饭也不错，就是有点淡，也许是我口味重吧。
2799,1,还行吧，素炒饼咸了，什锦炒饭淡了，醋溜木须油大了
2800,1,"好吃。速度快,哈哈哈哈哈哈"
2801,1,外面下雨还比预计时间早到，速度好评，点的菜也成功，味道不错！
2802,1,快递员态度好，送餐快，总之都很好。
2803,1,天气不好，师傅辛苦了
2804,1,外卖小哥送的超快！点赞！
2805,1,"百度骑士很快,餐送过来时还冒着热气,赞一个"
2806,1,菜品一般。快递不错！
2807,1,味道不错，下次再订。
2808,1,"好吃,而且很快,送外卖的师傅辛苦了"
2809,1,送餐骑士太赞啦～送来的太及时啦～赞
2810,1,送餐非常快
2811,1,要的鱼豆腐烤焦了。。。而且筷子只有一只
2812,1,吃不了羊肉要了十个烤尖椒很好吃
2813,1,味道非常好，原材料很好！
2814,1,好吃！！好吃！！！招牌菜醋溜木须！！！
2815,1,羊肉串尤其好吃！！
2816,1,串这次不好吃
2817,1,脆皮日本豆腐还是去店里吃好吃。大爱醋溜木须！！！！牛肉馅饼太赞啦！！！！
2818,1,"牛肉咬不动,其他味道很好喔"
2819,1,服务态度很好。
2820,1,菜量很大，满满当当的，味道也还不错。
2821,1,送餐快，阿田大虾一如既往的好吃
2822,1,百度骑士送餐快！米饭有点硬。麻辣香锅味道很好！
2823,1,太好吃了，每周一次！送餐速度很快！
2824,1,谢谢师傅，非常准时，态度超级好，绝对好评！
2825,1,"送来的时候还超级热,馒头片还脆脆的,味道也还不错,包装时候汤汁和食材是分开的,一点都没撒,不错不错"
2826,1,谢谢师傅，辛苦了！非常准时！
2827,1,送的超级快，我收到还是滚烫的
2828,1,记得点了萝卜片，可是吃的时候没有吃到！
2829,1,真的很好吃！感谢百度骑士，大冷天，快过节了，还这么辛苦送餐！
2830,1,最爱阿田，很好吃！送的也很快！
2831,1,"非常好吃,以后都准备来这家了"
2832,1,送货很快，经常吃他家的，很棒
2833,1,"第一次点,很好吃,米饭给的很多,菜也特别多,还有可乐,超级值好好好"
2834,1,蔬菜一起煮汤里就不太好了，味道还是没的说，在这家买过好几次了，很喜欢。
2835,1,速度超快，赞
2836,1,依然是那么好吃
2837,1,很好。这回给的大虾好像要多。谢谢卖家。
2838,1,商家真的很在意备注留言，米饭给的很多，不要辣椒一点辣椒都没放。小黄鱼也没给炸干。就是觉得这次油不太好
2839,1,送餐师傅人挺好，特别客气，菜也很多，量比较大。不错
2840,1,味道很不错，快递也给力
2841,1,"配送人员特别准时就到了,然后还顺手帮我带了几个垃圾,其实我很不好意思,祝福这位师傅2016年身体健康工作顺利,谢谢"
2842,1,毛血旺好吃，以后还会来
2843,1,就是有点咸了，其他还好吧
2844,1,"大虾很好吃好评,..."
2845,1,"骑士配送很快,下次继续"
2846,1,人很好，菜也不错。很满意
2847,1,味道真不错，送餐师傅辛苦了，这大雾霾天气还很快的送来了美味，谢谢
2848,1,"味道很好,骑士辛苦了,谢谢"
2849,1,速度，味道不错，配菜没有以前的好
2850,1,原汁原味好吃好吃好吃
2851,1,骑士蛮好，温馨提示我汤菜是分离的。吃过不止一次了，但是下次能给我拿双筷子么………
2852,1,送货很快，最好吃的是牛蛙，鱼香肉丝的红萝卜太多了，能多点木耳就好了，其他都不错，谢谢～
2853,1,真的是太好吃了太帅了吃的我美美的送餐也很快以后外卖就百度这家餐厅了
2854,1,速度够快。服务很好，
2855,1,很快送到，态度也很好。全五星。
2856,1,骑士师傅辛苦了，大冷天的。
2857,1,第一次订，提前送到，吃了下才来评价，味道不错，好评
2858,1,麻辣香锅很地道，送餐及时，好评
2859,1,骑士精神~非常好！又快！！！
2860,1,味道不错，速度快，大雪天的，超级棒
2861,1,送的还是很快的，店家也熟悉，就是不知道怎么选辣不辣
2862,1,"快,香,赞,好,牛,棒"
2863,1,"不错,份量很足味道,也不错"
2864,1,服务真是没话说！小伙子继续加油！
2865,1,手撕包菜肉太少了…没有不辣的肉菜
2866,1,送餐非常快，给快递小哥一个
2867,1,"家常土豆丝是我喜欢的口味,榄菜四季豆好次,感谢百度小骑士喔,辛苦辛苦"
2868,1,味道不错，只是点了青笋没送过来
2869,1,真的不错！快递小哥也更不错！
2870,1,配送师傅好和善！辛苦啦！
2871,1,配送很棒！很速度，服务也很好
2872,1,第三次购买了，配送师傅很客气还送我小礼物，好评。
2873,1,这么晚了辛苦大姐了，谢谢
2874,1,送的很快，也很好吃，但是说了多给一些汤底，还是跟上次去店里买的一样
2875,1,配送超级快。水煮肉满满地，肉片多配菜多。干锅土豆片焦香辣味十足
2876,1,太度很好送货及时！^_^
2877,1,送餐速度超级快，第N次定了
2878,1,"味道还不错,喜欢虾和四季豆,快递小哥儿很给力～"
2879,1,家里人都吃的跟满意，十分
2880,1,不错口味清单，老人孩子吃都可以
2881,1,味道不错，家里来人吃了两回了，但怎么感觉第二次量没头回多了？
2882,1,京酱肉丝不错，炒合菜粉丝太细，菜太少了
2883,1,饭菜一般，快递不错，赞一个
2884,1,送餐员服务很到位送餐速度很快，香锅也很好吃
2885,1,"很好,配送快！"
2886,1,送单快，就是路不熟。应该多跑跑
2887,1,太棒了，很新鲜，量也足，我和孩子吃得很过瘾，好吃，送货很快
2888,1,百度送餐太快了，店家准备菜品也是速度。小炒藕片每次必点，还有干锅花菜。炸馒头片很香。宫保鸡丁太甜了，总体感觉非常好
2889,1,送餐很快啦
2890,1,没有放辣椒，吃着不是很爽
2891,1,菜品质量很好，吃货几次了，都还不错
2892,1,米饭一般，4块有点贵，小炒肉不错
2893,1,快递小哥很速度，辛苦啦！
2894,1,真好啊，量很足，味道正宗，配送也快
2895,1,送餐很快，菜也好吃，值得推荐，就是量在大点就好了(づ｡◕‿‿◕｡)づ
2896,1,"好快啊,第二次吃了依然很棒"
2897,1,送餐小哥服务很好，大虾也很好吃
2898,1,"百度小哥太好了～速度极快～刚到楼下,我有货到,还帮我搬了两箱货,太赞了！太赞了！"
2899,1,"比想象中好吃,分量很大"
2900,1,不错，很香，很好吃完美无瑕
2901,1,送餐速度超级快！这次订餐好成功，点的菜都好好吃。服务态度也好，牛蛙不够了给打电话确认加了大虾。
2902,1,配送员和菜品都非常好
2903,1,都很好，还有优惠的
2904,1,味道不错，值得品尝！！！如果配送再快一些，那就完美了！
2905,1,"菜品美味,服务一流！"
2906,1,便捷，送餐速度也很快，非常满意，从此外卖不是问题了
2907,1,"骑士超辛苦,非常好"
2908,1,菜还行就是油有点大。送餐小哥不错萌萌哒.
2909,1,"下着雨,送餐很及时,孙师傅很认真,敬业,非常好,！"
2910,1,送达好快，很偏的地址准确提前送到了。小龙虾特别入味，阿田大虾和在店里吃的一样。量都很足，配菜也多。
2911,1,"一般一般,面不是手工削的。不筋道"
2912,1,挺好的，百度小哥很好，菜品也不错。
2913,1,"昨晚十点半送到的，简直感动,多谢卖家"
2914,1,"第一次吃速度很快而且也很不错,以后会继续支持"
2915,1,还不错，就是买回来面有一点陀
2916,1,饭菜好不好另说，就冲这么冷的天这么晚，快递辛苦送来也好评
2917,1,感谢送餐小兄弟，几年前天天在他家吃炒面现在还是这个味，量足很好吃很满意，祝店生意兴隆
2918,1,很好，很好吃量很足～～～
2919,1,"就是洒了,其他还行。。。。。。"
2920,1,很好吃，就是米饭量少了些
2921,1,送来时有些凉了，感觉缺少了一些香味。餐盒路上坏了，吃时面里的汤没有了。
2922,1,菜很好吃，吃的很舒服
2923,1,很好吃，送的及时，下回还点
2924,1,排骨豆角粘卷子排骨特入味，豆角也软烂，土豆牛腩土豆好多，小河虾盐没撒匀。总体来说还都挺香的，口味不错。
2925,1,有了百度外卖以后更好了，要不然这么晚了都吃不到，老顾客了，味道不错，推荐！
2926,1,排骨豆角沾卷子超乎想象的好吃！大晚上吃了一份根本停不下来！排骨很新鲜，量很大。
2927,1,"这么快就到了,太棒啦"
2928,1,排骨面很香，小白菜油偏大味道偏淡，灌肠不太好吃。
2929,1,等收到的时候，卤煮是温的，饼是凉的。速度慢。
2930,1,"送餐小哥细心,迅速,辛苦了"
2931,1,很棒哦，冷天吃到好吃的热饭菜，感谢～
2932,1,快递师傅态度超好，速度一流。
2933,1,买了一份拉面都没有餐具呀怎么吃
2934,1,味道不错，送餐员态度很亲切，非常快
2935,1,味道很好，本人味口小，剩了一些第二天吃了，还那么劲道。
2936,1,红红火火恍恍惚惚哈哈哈哈
2937,1,不错，经常订哈哈哈哈
2938,1,"土豆粉的汤都没了⋯⋯⋯⋯都在袋子里哈哈哈,请下次注意哦～"
2939,1,送的很快，谢谢很准啊
2940,1,"一盒撒了,小哥又去排队拿了一盒,棒棒哒"
2941,1,手抓饼很好吃，要免配送费就完美了
2942,1,"说好不放香菜,全是香菜,对香菜过敏的,吃了会死掉的！请注意一下客户的需求"
2943,1,骑士很辛苦，很负责任，送的很及时
2944,1,看着就特别有食欲，送餐员也很敬业，这么冷的天，辛苦。
2945,1,"真的很棒,没啥说的了,嗯嗯,棒棒的"
2946,1,送餐师傅超级快，态度也特别好，餐也很好吃
2947,1,宿舍信号不好，耽误了你的时间
2948,1,满意，满意，好吃，好吃，味道超级棒棒棒棒！速度快快快。
2949,1,今天的牛肉烧烤饭，感觉牛肉有些不新鲜，送餐员的速度还是很快的。
2950,1,"超级棒哦,吃不腻哦～～～暖暖哒"
2951,1,"配送员非常很热情,送餐速度快"
2952,1,"快递小哥很辛苦,下着大雪,还辛苦的工作,必须赞,好评"
2953,1,没有满减哼呵呵哈哈哈
2954,1,"没有满减,不定了哼哼哼"
2955,1,"为什么不能用代金券,为什么没有满减,下次不定了"
2956,1,"为啥牛腩变成了牛肉∠(,ᐛ,」∠)＿"
2957,1,好快，谢谢百度骑士
2958,1,"是羊杂粉，一碗就饱了∠(,ᐛ,」∠)＿"
2959,1,送餐姐姐又神速态度又好，给她32个赞
2960,1,特别快！很满意的一次购物
2961,1,两个都很好吃，配送大哥人很好
2962,1,逢年过节不用排队了，好
2963,1,骑士送货非常快！很满意
2964,1,味道不错，送货按时，很好。
2965,1,骑士太棒了，服务态度极好，地址好像写错了，非常抱歉，辛苦啦
2966,1,辛苦了，速度快~~~
2967,1,快、好、方便
2968,1,准时送达，骑士辛苦。稻香村的点心有几个一直是最爱
2969,1,都很满意！服务产品都没问题，稻香村外卖就是产品再丰富点吧。
2970,1,非常方便。希望日后选择会越来越多。
2971,1,够快的，送餐小伙子态度很好
2972,1,样样都喜欢，快递人员速度超快，及时吃到了。
2973,1,老炮套餐少送个江米条，店家亲自送来了，打电话给快递的时候他说他车没电手机也没电了。
2974,1,这么多。。。还以为很少呢。。。估计得吃好几天了～～～外卖小哥辛苦了！感谢！
2975,1,百度骑士很好很快速送到了，这大雪天的百度骑士非常好，必须大赞
2976,1,快递小哥很给力，送的非常快！
2977,1,快递小哥非得常快！
2978,1,这三样都是儿子的最爱，太好吃了呀！骑士送货速度非常快，赞一个！
2979,1,老字号！味道好！一如既往的习惯！
2980,1,配送速度真的很快，怏送小弟很好
2981,1,"很好吃,配送员师傅特别特别好,配送特别快,态度超级棒,一定要表扬这个配送员师傅！！~~~~五分五分~~~"
2982,1,不错，不错，用了券比自己去店里买便宜。
2983,1,骑士送货速度太快了！非常感谢！儿子最爱吃稻香村的点心了，怎么也吃不够！真心不错！
2984,1,好吃的点心就属稻香村了！骑士送货很快，服务热情！赞一个！
2985,1,很好，百度骑士师傅很好，很快速的送到，大赞
2986,1,大雾霾，外卖小哥记得带口罩哦！给爸妈带回天津尝尝稻香村的的小肚～～～
2987,1,"百度外卖的师傅人太好了,必须给五星好评"
2988,1,不愧是老字号，点心味道就是好吃啊！骑士送货速度很快，为人和善，必须赞一个！
2989,1,好吃，送货快，配送员很好
2990,1,百度骑士态度非常好，速度也非常快的送来，大赞
2991,1,骑士非常快，东西也非常好吃
2992,1,很好！百度骑士送货很快
2993,1,很赞哟，小哥辛苦啦这么冷的天
2994,1,没想到稻香村也能送！非常好
2995,1,非常好，快递小哥很辛苦，赞一个！
2996,1,一如既往的好点心好味道！还送了小礼物，很开心呀！
2997,1,这么恶劣的天气真是辛苦外卖小哥了！！！
2998,1,很快，包装可以，好吃
2999,1,好评，送餐的小哥送的很快
3000,1,这大下雪天的百度骑士非常好非常快的送来了，必须好评大赞
3001,1,速度很快，下雪天辛苦了。
3002,1,速度很快，下雨天师傅辛苦，味道很不错
3003,1,特别好的师傅，冒雨还送得非常快，感谢百度外卖的送货师傅们。
3004,1,送餐超快，半个小时不到就送到了
3005,1,哈哈...送货神速.....赞赞赞
3006,1,快递到家非常快，快递小哥服务也不错，今后会继续关注百度外卖
3007,1,非常好，非常快！门牌号码没写都能送到，谢谢。
3008,1,速度很快，服务好，稻香村食品也特别好吃。
3009,1,出门不便，一个订单，非常快就送到了。也就十几分钟。
3010,1,送餐人员很热情，下着小雨很辛苦的大老远给送来
3011,1,很热情速度快…哎哟不错哦
3012,1,好方便，用了代金券比去店里买还划算
3013,1,配送员辛苦了，十分感谢，速度很快！
3014,1,非常快，稻香村老字号东西味道都不错
3015,1,因为个人原因未及时付款，快递大哥很和善，帮我想办法，多谢！
3016,1,送餐很速度！糕点很好吃
3017,1,味道不错，百度骑士的速度很赞～
3018,1,非常好，很满意。好好好好哈。
3019,1,很好，很快，稻香村的东西就是好，百度骑士也很快很棒……
3020,1,送餐帅哥服务超好。。
3021,1,非常不错，喜欢在百度外卖买吃的，速度快，服务好
3022,1,送的非常快，包的也严实，好吃
3023,1,很快的速度就过来了
3024,1,挺好的，配送速度非常好
3025,1,还没吃，包的挺好的，就是木有礼盒了
3026,1,没想到呀，真的好快呀，支持支持！
3027,1,非常快，半个小时送到。依旧是8月16号的生产日期。。。看来屯了好久了吧。不过也还好啦
3028,1,非常快，方便。没有碎的。都很好。1个月前生产的。。。还能接受。
3029,1,稻香村的糕点一直都很好吃
3030,1,点心好.送货人员服务态度也非常好.赞一个。
3031,1,送餐员很礼貌，很快！好评
3032,1,不到半个小时就送到了，超快
3033,1,送餐员服务很好，但商家把餐弄错了
3034,1,送餐员人很好，服务不错。速度也挺快
3035,1,送餐小哥很给力，大赞。
3036,1,师傅辛苦了，认真负责，找了半天
3037,1,配送速度很快，买来作为早点还挺好。
3038,1,很满意，送的挺快，味道又好
3039,1,百度快递师傅非常好，这么热的天这么快必须赞一个
3040,1,非常不错，味道也非常好！
3041,1,第二次购买了，作为早餐来吃还不错。
3042,1,还送了两本书！包装也很完好.比在店里买还好！
3043,1,送货速度很快
3044,1,"特别快。比美团快多了。以后就百度啦,虽然少了份牛舌饼但是很快送过来了。挺好的"
3045,1,二十分钟到了，太给力，大赞
3046,1,百度外卖的袋子挺可爱的，送餐员服务也好。关键稻香村好吃！哈哈哈
3047,1,这百度外卖师傅很好，到了以后没有零钱，还特意跑去换零钱，很诚恳，下次还要订百度外卖，给一万个好评给我这个师傅，棒棒达。
3048,1,挺速度的，有效率。
3049,1,快递很快，态度好，赞
3050,1,"送得很快,东西也很好次"
3051,1,"感觉香蕉布丁蛋糕不是很新鲜了。很硬。,其他还好"
3052,1,很快，还送了礼物
3053,1,蛋糕美味，送来的速度超快。
3054,1,送餐很快，大熱天，辛苦配送師傅了
3055,1,我的午餐首选品牌…
3056,1,没来得及，品尝！但是快递员少找我一块钱！59.9的点心，我给他100他又要了一块，找了我40.05元！郁闷
3057,1,速度很快，服务态度也好。
3058,1,"特别快,而且好吃"
3059,1,服务态度非常好，谢谢！
3060,1,比在店里买方便，东西特别好！包的很规整，百度骑士态度也特别好。赞
3061,1,很好，快递员服务态度很好，速度也快
3062,1,又快又好！！！
3063,1,非常好，送货也快
3064,1,送货快，老字号值得信赖。
3065,1,送餐小哥十分热情，服务超赞，一定要表扬这个送餐小哥
3066,1,汤多些面少些更好。
3067,1,餐到的有点早，不知道味道咋样，还没次
3068,1,菜很好吃，不过最好别吃带汤的，因为送过来时会变软好多，味道还是不错的
3069,1,"最喜欢麻辣烫了,好吃~~~~~"
3070,1,很好吃哦~~~
3071,1,喜欢吃裹油条的煎饼，豆浆不觉得特别好。送餐特别快。
3072,1,好吃，天气冷叫外卖很方便
3073,1,外卖人员服务态度特别好！大风天气那么冷，外卖准时送达而且也保证了餐的温度！
3074,1,很好吃，也很快，不错！
3075,1,煎饼很好吃，但焖面太难吃
3076,1,服务很好！少了豆浆，又特地送来
3077,1,快递员很辛苦，赞一个
3078,1,"送餐速度特别快,果断好评"
3079,1,焖面很好吃，速度也很快
3080,1,味道不错，骑士速度也超快！
3081,1,好吃，送货员很好，就是太大了，切开就好了
3082,1,快递小哥送餐快，煎饼味道也不错，好。
3083,1,味道不错，配送非常及时，好评！
3084,1,非常赞。棒棒的。赞赞赞
3085,1,外卖小哥人超级好。。。。。。
3086,1,非常热情的大哥，速度快服务好
3087,1,百度骑士人好速度快！
3088,1,"不知道黄家是没有薄脆的。。不爱吃，,肉松的不错"
3089,1,"非常不错,喜欢:):)"
3090,1,非常方便早餐到家。快递小哥很好。
3091,1,快递员很辛苦！给个
3092,1,好吃，豆腐脑也很好，就是送过来的时候有点凉了，得加热一下
3093,1,一直久闻大名，味道还可以吧。
3094,1,"感谢寒冬送餐,您辛苦了,服务很好温柔"
3095,1,一如既往好吃又快捷！！！
3096,1,外卖给力煎饼非常给力
3097,1,味道不错，快递师傅赞赞哒
3098,1,超喜欢吃豆腐脑和煎饼
3099,1,非常满意，送餐员态度很好
3100,1,小哥人很好，辛苦了～～
3101,1,味道还可以，就是太少，没有什么特色，不会再买了
3102,1,味道美极了，百度骑士的工作态度认真，商家电话不通，骑士亲自去店里说我的需求，真是棒棒嗒！
3103,1,"棒棒哒棒棒哒棒棒哒,师傅辛苦"
3104,1,小哥态度特别好，送的很快
3105,1,送餐小哥速度很快～煎饼不错
3106,1,经典组合，一直比较喜欢。
3107,1,吃习惯了，我们一直都点他家。就是用心做得好。
3108,1,路边摊买的我吃不完，皇太极买的吃完一个还觉得不饱！第一次也是最后一次……
3109,1,速度很快，态度很好，赞一个
3110,1,每一款都喜欢！太久没吃过油条了！赞赞赞！
3111,1,煎饼越来越小越来越小
3112,1,早餐首选，快递小哥准时
3113,1,还行吧，偶尔吃一下还可以
3114,1,第一次点餐，太惊艳了，在这种雾霾天，下单之后20分钟就送到了，还没品尝，直接全给五星好评，外卖小哥辛苦了，你们要注意身体哦，么么哒
3115,1,师傅辛苦，很准时，点赞！
3116,1,下雪天送餐小哥摔了，结果很快又重新送过来一份！
3117,1,瞬间就送到了，冬天吃外卖好温馨
3118,1,味道和送餐没得说，不过本来29减价现在边30了。唉
3119,1,"味道不错,味道不错。。"
3120,1,一直点他家的煎饼，第一次点卷类，卧槽，辣成狗了，希望商家少放点辣椒，实在受不了
3121,1,那个麻辣拌素居然放糖…
3122,1,"赞赞赞,很好吃,小哥送餐也很快"
3123,1,没有想到鸡柳沙拉里面有那么多沙拉酱，我本来就感冒了不想吃太腻的，没想到还是吃了。。。
3124,1,"还可以,但是饼还是烙出来的好,这种摊出来的,面饼,黏黏糊糊,不如那个好吃"
3125,1,"挺好的,挺方便,非常好,不错"
3126,1,"好吃,非常好吃"
3127,1,非常好吃下次再买不错不错
3128,1,不给筷子，咸菜难道要用手抓着吃……
3129,1,"有点凉了,煎饼不热乎就好吃了,不过能在这雨夹雪的夜晚在屋里等待晚餐也是很爽的一件事儿"
3130,1,我点的一个扁豆焖面套餐，还单点了一个奶茶，还有一个煎饼，结果只给我了一杯奶茶，套餐的可乐没给我，客服电话还老打不通，送餐师傅也不容易，算了，习惯好评。希望店家能在网页上留下送餐师傅的电话好即时联系。
3131,1,超级快！还是热的，谢谢～
3132,1,喜欢吃包菜粉丝卷！豆浆也很好！
3133,1,很好吃，以后快餐就它了
3134,1,"煎饼不错,麻辣拌素简直黑暗料理"
3135,1,又快又好！一如既往！！❤❤❤
3136,1,南瓜羹撒了满口袋，煎饼已经惨不忍睹
3137,1,都挺好的我很满意。。。
3138,1,味道还可以，快递很快。
3139,1,"非常好,素拌分量刚好一人吃，奶茶略甜了些，但有普洱味道，挺好喝的。,送餐小哥很有礼貌"
3140,1,好吃但是太咸了，其他都还好
3141,1,豆腐脑再多点香菜就好了
3142,1,地址写错了，快递小哥人特别好，没怪我，虽然食品有点冷了，但是快递小哥的服务不错，赞一个
3143,1,好吃，就是稍微有点凉了
3144,1,"很快很快,但是南瓜羹很难喝"
3145,1,还行，豆腐脑味道不行
3146,1,超!好!吃!没吃过这么好吃的煎饼!
3147,1,挺好的，豆浆很好喝～～～
3148,1,"今天这个貌似不是很新鲜,而且送的有点慢,从订到送用了1个小时,昨天用40分钟,橙汁洒出来不少"
3149,1,"鸡柳这个挺实在的,就是炸的,略腻"
3150,1,凉面很赞！值得回购哦！！！
3151,1,拉面吃到后面，感觉怪怪的
3152,1,感觉有点辣，味道一般
3153,1,"挺不错,老想吃,贵也吃,第一次吃就吃好了"
3154,1,速度快，服务好，非常赞
3155,1,味道还可以，主要是省事，送餐小哥不错，非常速度
3156,1,还是黄家好吃，及第不喜欢。不过还是不错
3157,1,还不错，挺好吃的，下次再尝试下煎饼
3158,1,黄太极里的巨无霸。。
3159,1,带脆饼的煎饼好吃
3160,1,"好吃,快递很快,健康放心"
3161,1,我说辣一点是在凉面里。卷饼里的全部都是辣椒超级啦只有两片都是肥肉。啦的我喷火其他还好啦。吃了你家很多次了怎么能这样伤人心啊
3162,1,买少了。没吃够。下次多要点。送过来薄脆还是脆的
3163,1,味道不错。酱香。蘑菇也很鲜
3164,1,品质不错，希望一如既往地坚持！
3165,1,"我要求十一点五十到十二点之间到，送达时间非常准～,本来还怕不够吃，其实量足够～而且很好吃～"
3166,1,煎饼味道不错，豆腐脑也很赞
3167,1,"略咸，建议添加选项,少刷酱嘻嘻，别的不错"
3168,1,准时到达，非常满意
3169,1,猪蹄太好吃了！煎饼也不错。可惜蘑菇是油炸的。
3170,1,"快递给力,煎饼给力,会一直点餐"
3171,1,"快递速度给力,煎饼一如既往的好,给赞"
3172,1,煎饼味道一般，没觉得有多好，也许是期望值高了。
3173,1,送餐及时，煎饼还是在店里做完当时吃香。
3174,1,等了有点久
3175,1,味道不错，就是送的慢
3176,1,味道一般，速度还挺快的
3177,1,豆浆不错到手一点没撒而且还是热的！赞快递
3178,1,团购超值，很方便，味道也不错，女生吃有点多
3179,1,土豆丝素材卷期待改良……真心不如薄脆煎饼
3180,1,凉面味道确实不错，豆浆好喝。速度快。
3181,1,拉面煎饼真的吃不习惯……还不如改成辣椒酱……反正不如薄脆煎饼味道好。豆浆一致都不错，挺浓郁的。
3182,1,味道不错，份量够足，速度也快，态度好。
3183,1,味道其实是大众水平，但是干净，送餐快，真的好服务
3184,1,不错，口味很好！
3185,1,煎饼不适合外卖，时间稍长就软塌了，
3186,1,比别家鸡排小
3187,1,多次买了，很好
3188,1,整体都很不错
3189,1,小炒肉太辣，其它还行
3190,1,唔，为什么要滴皇家煎饼，却给滴薄脆煎饼哇。。。不应该是夹油条嘛，伤心
3191,1,很好吃，很快
3192,1,小炒肉卷饼好辣~
3193,1,太好吃了！…送到也超快！！
3194,1,非常准时！！！鸡肉的很好吃
3195,1,很不错的~
3196,1,感觉口味偏甜
3197,1,点了个鸡柳蔬菜煎饼套餐，包括一个煎饼，一碗豆腐脑，一杯豆浆
3198,1,"速度快,性价比超高"
3199,1,挺好的哟。
3200,1,还不错的，很快。
3201,1,不错，就是豆浆橙汁都不好喝
3202,1,不错，就是橙汁都不好喝
3203,1,速度略慢了
3204,1,北京大雨，还能提前15分钟送到，煎饼豆浆豆腐脑还是温热的，很好，很感动，会继续回购
3205,1,不错方便好吃
3206,1,真不错，还有活动，超值的
3207,1,"价格太划算了,买了三个水果盒,一杯豆浆,两个煎饼,才¥28。食物好吃干净,水果新鲜,葡萄粒粒饱满结实,桂圆大粒,煎饼飘香。,这么大雨,大暴雨啊,真的很感动,谢谢送餐大哥,您辛苦了！！！"
3208,1,煎饼是我吃过的最好吃的煎饼，大个，重要的是没有一点没糊，油条非常低油，感觉很健康，味道也很好。抄手很够味，但调料稍微偏咸。豆腐脑很赞！很实，卤汁很解渴。椒盐双菇也不错。
3209,1,小哥很不容易呀，其实时间还好，还一个劲说不好意思来晚了。大热天不容易，包装菜品也好，一如既往，真的干净。
3210,1,豆浆没有送，希望下次检查好再派送
3211,1,还不错，送的很及时，煎饼不错，豆腐脑能加个醋包，辣椒神马的就完美了
3212,1,好吃量大吃不完
3213,1,超级好吃！又快！！
3214,1,中国版肉卷，赞
3215,1,味道不错，很实惠
3216,1,太实惠了，吃到撑啊！
3217,1,好吃又实惠，感谢快递员哥哥，
3218,1,煎饼还是得现做现吃，豆腐脑非常好吃！
3219,1,鸡柳蔬菜煎饼味道真心不错！就是配送时间太久啦！
3220,1,"很不错,很好吃"
3221,1,挺好吃的额，继续加油↖(^ω^)↗
3222,1,还是不错的
3223,1,送餐很给力！上次点餐留言说可乐换豆浆，谁料这次竟记住了这事！不得不再赞一次！同时看到有人抱怨送餐速度的问题，作为一个旁观者而言，我只想说，送餐员不是宇航员，电动车不是火箭，你住在火星非要享受住地球人的用餐待遇，怎么可能？我之所以选这家，首要原因是近，万万没想到，从此停不下来了！竟爱上了这个味！
3224,1,好吃好吃好吃送餐还快！
3225,1,味道不错，要是没有优惠，就太不值当了
3226,1,"划算,优惠过的价格才对得起煎饼果子,味道也还行"
3227,1,第一次用这种玩意，感觉羊都已经被薅秃了
3228,1,好吃快捷！
3229,1,味道挺好的，南瓜羹量太少
3230,1,凉面有些油
3231,1,比较好，非常准时
3232,1,豆腐脑不够嫩但是煎饼和炸蘑菇很好吃…没吃够…
3233,1,好吃，干净，包装绝对一流，好，，还便宜，。
3234,1,挺好吃的，满意，速度真快
3235,1,速度快，优惠大，味道佳
3236,1,口味质量俱佳，送餐小伙很不错
3237,1,我订的鸡丝面没给送筷子
3238,1,好吃，豆腐脑的盒子改良后比原来好多了！
3239,1,习惯好评，味道对我来说，很一般，豆腐脑太淡了，煎饼明明要的是薄脆的，结果送来的还是油条的，哎
3240,1,给同事订的，还行吧
3241,1,酱有点儿多了
3242,1,"送餐很快,煎饼还热气腾腾"
3243,1,送达晚了些，但是送了一瓶饮料，心情舒缓了些，好评
3244,1,送货小伙服务很好，送到公司里，小伙很帅！
3245,1,价格给力！
3246,1,非常好，越来越好
3247,1,不错，菜品选择再多一些就好了
3248,1,很好吃，百度外卖很实惠
3249,1,很好很好很好
3250,1,师傅很耐心！等了我好久！~\(≧▽≦)/~
3251,1,这次送餐很快
3252,1,味道不错啊！
3253,1,比起煎饼，红油抄手味道棒棒的，就是18一份，抄手能多一点就好啦
3254,1,煎饼很给力
3255,1,我以为付款那个留言备注就是摆摆样子呢，即使不摆样子，餐厅备菜人员也不会在意！于是在备注栏里颤颤巍巍地提了自己不喝可乐，已经存了好几杯黄太吉的软软了，不知道软软能否换成豆浆？确认，发送！结果，果真见证奇迹的时刻发生了！是豆浆，没错的！送来的是豆浆！以至于我激动得忍着饿冒着随时饿昏的危险非要在吃前来评论！
3256,1,评得我都词穷了！买买买！
3257,1,挺好的，很方便。
3258,1,很给力！便宜又好吃
3259,1,很给力！便宜好吃
3260,1,很给力！价格便宜，好吃！
3261,1,味道不错，薄脆很脆～
3262,1,跟在店里吃的一样，而且面、料、菜、汤，都是分开装的，很专业，不错哦~~~当然，要是没有运费就更好啦
3263,1,非常满意！量足味儿好！
3264,1,不脆了可惜
3265,1,多次购买！赞
3266,1,"不错,好吃"
3267,1,非常好，送得及时
3268,1,干净卫生送货快
3269,1,套餐就够一个人吃了，点多了
3270,1,味道还行~豆腐脑的卤淀粉可能多了
3271,1,吃了好几次，很好吃
3272,1,这次送餐时间超快！
3273,1,很值啊！用来订，味道好吃不腻。
3274,1,好吃还有优惠
3275,1,真好吃!!
3276,1,非常好，特别快，感谢送餐小哥
3277,1,猪蹄再烂些就完美了，手套很贴心
3278,1,送餐员的态度真的特别特别好！而且这次速度特别快，煎饼的味道就更不用说了
3279,1,速度快，味道还
3280,1,很好吃，量又大！
3281,1,鸡柳里面的酱吃到后面有点腻
3282,1,优惠很大，味道不错。
3283,1,两份一起下的单，结果第一份10分钟就到了，第二份多等了半个多小时，还是打黄太极客服催了之后才配送的…饿shi了
3284,1,"其它都挺好,就是鸡柳煎饼太难吃了,太重口味了,吃完直恶心"
3285,1,煎饼很好吃！送餐很快！
3286,1,一如既往地好吃
3287,1,好好，不错
3288,1,送餐很快，菜品不错。
3289,1,一个煎饼和一小碗南瓜粥30多真有点贵
3290,1,真是傻缺的一个卖家
3291,1,好吃，小哥每次都给爬楼梯，很赞
3292,1,"稍微慢了一点,总体还是不错"
3293,1,好吃极了，这次送的还比较快。
3294,1,希望速度能快些
3295,1,送餐早一点就好了。
3296,1,肉松送成鸡柳了，赚到了
3297,1,挺好的，就是煎饼吃到尾端都成糊状了。
3298,1,"很好,只不过吃完拉肚子了"
3299,1,很好吃，经常订
3300,1,煎饼果子，吉不可耐！吃吃吃！太像广告了吗？
3301,1,每次都棒哒哒的！超赞！
3302,1,送餐太慢了！！！！！
3303,1,不错，经常吃
3304,1,催了一次单，商家送了一个可乐和水果盒东西非常好，快递员态度也好
3305,1,送餐非常快，味道也很好吃，薏米水有味道不甜不淡，夏天多喝除湿，正好～
3306,1,豆腐脑淡了
3307,1,第一次吃！很不错！
3308,1,第一次尝试，味道还不错
3309,1,就是煎饼已经软了
3310,1,挺好的，不错
3311,1,薏米水太甜
3312,1,好吃又不贵，就是送的慢
3313,1,喜欢这个味
3314,1,喜欢吃皇太吉的煎饼
3315,1,特别快，服务菜品都不错
3316,1,很好吃，定了好几次了
3317,1,没有及第好吃，话说也太慢了，等了快俩小时。
3318,1,煎饼不脆了，凉面和煎饼放一起了变热的了
3319,1,好吃又便宜，真的真的很好吃。
3320,1,送餐很快，满意！
3321,1,好吃，这个评价够了吗
3322,1,还好吧，在家能吃到爱吃的早点，比较卫生，就是时间长了些，味道不那么好了，不过店家多送了一杯豆浆
3323,1,"我感觉还不错哦,干净,卫生,就是那个双蘑菇量也有点太少了吧,就一小碗,不过好吃是真的,下次还会继续订,嘎嘎~"
3324,1,"早有耳闻,,结果配送太晚了真是黄太急了，味道还是不错的"
3325,1,鸡丝凉面太油了，豆腐脑超级好！一小时二十分钟送来
3326,1,挺好吃的，就是慢了点，煎饼不脆了
3327,1,"很好,配送员也很好"
3328,1,再加点菜啥的就更好了
3329,1,外卖的饼有点软了，不过送餐还是比较准时的，一般都在30到50分钟之间就能送到，今天的豆浆没有糊味，赞一个！
3330,1,红油抄手不错
3331,1,豆浆撒的有点儿严重……
3332,1,"可乐撒了快一半了,谢谢"
3333,1,好吃，就是送的太快了，没有按照预订的时间送达
3334,1,送的非常快，量足，吃的很饱，灰常不错！
3335,1,"菜品味道好,配送员态度好"
3336,1,和传说中的一样，就是分店少了点，多开些分店，好在北京大部分地方都能吃到。
3337,1,今天第一次吃黄太吉的煎饼，不得不说，黄太吉的煎饼确实很好吃，让人回味无穷，你吃过一次就知道知道我说的了，而且店家很用心，服务很好的，下次还想吃！
3338,1,特别好，没有之一
3339,1,不错，挺准时
3340,1,除了南瓜羹有点酸，其它都挺好的，还会再点的，除了南瓜羹。
3341,1,薏米水也很赞
3342,1,用大众点评直接订餐50多块，说无法送餐，退款，用百度外卖优惠完29块就送到家了，我啥也不说了，开心啊！
3343,1,没有在店里好吃
3344,1,送的太快了
3345,1,味道不错，服务挺好
3346,1,感觉酱味不太适合老北京人
3347,1,"等两个小时多,差点没饿死"
3348,1,酸梅汤是小时候的味道
3349,1,很好吃的煎饼
3350,1,"系统bug，我把地址修改了，配送员收到的地址还是原来的，幸亏黄太吉送餐小哥辛苦又给送过来，赞一个！,餐很不错，豆腐脑很好吃！"
3351,1,一般，煎饼更适合现做现吃吧
3352,1,太好了！！！
3353,1,虽然等了一个多小时，但确实因为天气热，外卖小哥送不过来，辛苦辛苦，好评
3354,1,外卖员不送上来，店员亲子送上来，十分感谢
3355,1,食物很干净，吃着放心
3356,1,小菜很好吃。
3357,1,味道还是很好，会继续使用
3358,1,没有第一次吃的好吃
3359,1,恩还不错，就是订餐的时候系统匹配错误。打电话调节了一下，从新下单才订上
3360,1,味道依旧很好！这次速度
3361,1,味道不错，好吃
3362,1,这订餐我也是醉了，这回来的太早了，还没午休呢就到了，
3363,1,好吃、好吃。
3364,1,味道很好，送餐快
3365,1,一直喜欢一直很满意
3366,1,豆腐脑很好喝，煎饼果子也不错，网上订餐超级便宜
3367,1,今天的土豆丝卷太酸了，以后不敢再点了
3368,1,煎饼非常好吃，个头大，点了两，一个就吃饱了，麻辣鸡丝凉面一般，也许是个人口味问题吧。
3369,1,"不错,很值"
3370,1,肉松的相对好吃一点
3371,1,特别合适，好吃
3372,1,煎饼里沙拉酱太多了，齁咸齁咸的……
3373,1,好，便宜，快
3374,1,豆瓣酱太多了吧，好咸
3375,1,煎饼挺好的，就是龙抄手真心太少了，而且一碗要大十几块钱，有点不值。
3376,1,送餐很快，小菜很好吃
3377,1,不错不错不错
3378,1,比上次强太多了，一直在进步
3379,1,口味不错，值得推荐。
3380,1,煎饼送到不脆了，鸡丝凉面味道还成，就是面太少
3381,1,过节果然不一样，忒快了！建议豆腐脑换成小的沙拉更好了
3382,1,送餐少送了一份，打了电话又送一次，还赠送了果醋和粽子，没多少钱的东西让人家跑了两趟也挺不好意思！
3383,1,端午节还送粽子。业界良心啊！很棒
3384,1,很贴心的包装，食物也很美味，谢谢
3385,1,送的有点慢，不过师傅很辛苦给5分吧
3386,1,东西还是很好吃的，要是速度快点就无敌了
3387,1,好吃，送餐还快
3388,1,南瓜羹不错
3389,1,非常好吃，量足，价格也比较合适.服务也很好!
3390,1,"小清新的饮料太甜了,很不正常那种甜"
3391,1,"挺不错的,味道好,也干净"
3392,1,在SOHO500米外的融科望京苦等三小时之后终于等到了！！！
3393,1,超级好吃，由于上一单送餐员走错路还送了个小果盘，喜欢
3394,1,所有菜品偏甜，但口感还不错，值得推荐
3395,1,"除了慢,其他ok"
3396,1,少送了一份南瓜羹，不过后来很快补送了，超爱
3397,1,很有创意的煎饼
3398,1,好大一个煎饼
3399,1,还可以吧。不过最好可以有个标签标明是哪种煎饼，不然不容易分别出来！
3400,1,味道不错，肉松的稍微油点，土豆丝卷还可以，加强送餐
3401,1,除了抄手的汤和饮料撒的一塌糊涂吧
3402,1,"哈哈哈,好吃"
3403,1,"收到煎饼余温都没有,都塌了,真是不能再慢了"
3404,1,要是快点就好了
3405,1,靠谱的一家
3406,1,味道都很好，就是终于饭点送餐慢
3407,1,好吃，送餐员很尽职。
3408,1,豆浆挺好的
3409,1,好吃！终于让我吃上了！
3410,1,"送餐小哥特别可爱,小跑着就把煎饼送来了,还一直说抱歉,送晚了,上次送错的这次也补上了,豆腐脑好吃,煎饼还是脆的好吃,其他的都不是北京的口味"
3411,1,煎饼好吃！！！
3412,1,冒雨送餐，感谢！
3413,1,"有点慢,别的没什么"
3414,1,"味道不错,难得的煎饼果子"
3415,1,整体来说不错
3416,1,不错，还会购买。
3417,1,希望下次尽量按时送，不要太早了
3418,1,总体来说还不错，就是煎饼时间长了有点软，没那么好吃了
3419,1,好吃得不行！
3420,1,味道很好啊
3421,1,不错，吃一个就很饱
3422,1,今天比平时慢了
3423,1,时间准。不错。儿子很喜欢。
3424,1,"哎呀,超喜欢,都好吃,期待能有更多新品,更多选择"
3425,1,嗯，口味可以，实惠
3426,1,挺实惠的，吃撑了
3427,1,好，爱吃夹油条的煎饼果子
3428,1,"蘑菇和南瓜太少了,薄脆煎饼一个不够吃"
3429,1,稍微有点晚
3430,1,煎饼很好吃~
3431,1,煎饼口味偏淡，有点干，可以改进一下
3432,1,可能中午点单人多，等的有点久
3433,1,酱再多点薄脆蓬点就好了
3434,1,点了三种煎饼觉得都好吃，鸡柳的里面有菜有沙拉酱。送餐时间45分钟。
3435,1,"非常好,下次还来订"
3436,1,拌面真心好吃，煎饼口味有点吃不惯
3437,1,煎饼真唑实，一个就撑。吃的拉面煎饼
3438,1,又快又hao
3439,1,忘记给勺子了，豆腐脑没吃成
3440,1,久仰大名，到望京了，我觉得打折过后非常不错
3441,1,藕盒不错，就是有点凉了；卷饼一般
3442,1,很不錯，吃過的最好的煎餅
3443,1,红油抄手贵，但味道确实不错
3444,1,味道不错，价格合理，很好吃
3445,1,"推荐,真的很好吃哦"
3446,1,超级好吃哦
3447,1,很不错，豆腐脑好喝，油条煎饼好吃，豆浆还备了糖，周到
3448,1,好吃好吃.顶顶
3449,1,"量太大了,还算准时,喜欢黄太吉"
3450,1,美味，及时送达，好评！
3451,1,太好吃了！正宗煎饼！
3452,1,很好吃的煎饼！薄脆很脆～油条也不是很油！推荐～肉松的也很好吃！
3453,1,不错…还挺快…还吃
3454,1,豆腐脑很淡，不太喜欢，猪蹄不错！
3455,1,"送货的小哥服务态度特别好,煎饼真的很好吃,豆腐脑一般,赞赞赞"
3456,1,"送错了,很积极的更换了好评"
3457,1,特别好特别好特别好
3458,1,还是有点吃不惯肉松煎饼，不过还是很好的
3459,1,黄太吉一如既往的好吃，还得点近的地方
3460,1,送货快～一直听说黄太吉～终于品尝了～很好吃
3461,1,味道好，就是忘给我餐具和纸巾了，豆腐脑没法用筷子吃呀
3462,1,棒，是不是考虑办个会员卡呢
3463,1,每次送餐过来都能少点什么，不是少纸巾就是没吸管。
3464,1,这次不错，赞一个
3465,1,"味道很不错,传统风味"
3466,1,"煎饼好吃,外卖速度快"
3467,1,好快！！！味道不错
3468,1,还是可圈可点的
3469,1,"好实惠,都吃不完了"
3470,1,味道不错，煎饼很好吃，比早点摊卖的好吃多了，豆腐脑也很好，量很很大，其实一个煎饼一碗豆腐脑就够吃了，可乐和炸藕盒可以当下午加餐
3471,1,凉面送来的时候有些软～但还是很好吃
3472,1,便宜实惠量足好吃！
3473,1,煎饼还行，红油抄手好多油啊…
3474,1,挺好，掌握订餐的时间点还是很快的。
3475,1,"特别棒,好吃"
3476,1,要的微辣，但是涼麵超辣
3477,1,"及地很好吃,很特别,微辣"
3478,1,看评论还担心特别晚才能送到，还特意打了客服电话询问，结果半小时就送来了，薄脆还是脆的。味道也不错，就是酱略咸。
3479,1,真心好吃！！
3480,1,各种好^_^
3481,1,早了，我不方便。然后让我等
3482,1,味道不错，配送时间有点长
3483,1,送餐的大叔非常好
3484,1,东西好吃，包装也仔细，送餐很快！
3485,1,"之前不知道为什么取消我订单两次,这次打电话说80分钟能送到,问我能接受么,想吃煎饼就同意了,最后60分钟送到的,味道还行,送来的时候,薄脆还比较脆,就是煎饼里放了辣酱,稍微有点儿辣"
3486,1,略慢，不过很好吃，五星好评，点个赞。
3487,1,服务很到位，土豆丝卷很好吃，中午订不了粥可惜
3488,1,时间有点久，不过总体都还好
3489,1,虽然小贵了些，但东东不错
3490,1,送来的时间还是能接受的，菜品也都保存的很好
3491,1,挺满意的，可乐特意用胶带封口，没有洒出来很多，豆腐脑和煎饼我觉得味道都不错
3492,1,味道很不错，还送湿纸巾，很细致。点赞。
3493,1,价格略贵，豆浆太少
3494,1,味道不错，送餐稍慢
3495,1,煎饼里面的油条很好吃，但是薄脆送到家肯定没有现场吃好吃，捂一会儿不太脆了。外卖还是里面放油条的更好
3496,1,味道不错呦
3497,1,口感不错，很好
3498,1,非常棒，就是这送餐费略贵。这么近
3499,1,味道很好，分量足，好好吃
3500,1,味道不错，耦盒很好吃！
3501,1,夹油条的才是煎饼果子，口味不错，可惜没放香菜，藕盒也还不错
3502,1,味道真的很好，送货员人也特别好，总之一切都特别满意！！！
3503,1,味道不错(o^^o)♪粥很香甜
3504,1,"外卖人员很给力。除了蔬菜粥都好吃。,那个蔬菜粥盛的时候能不能注意点。吃到四根头发。果断给扔了"
3505,1,送单小哥的电动车没电了，送餐时间差一分钟就超时了，希望后续不要出现类似的问题哈
3506,1,送餐速度极快，师傅态度非常好，辛苦啦！菜的味道也非常棒，红豆薏米粥非常好喝
3507,1,送餐师傅好棒！特别快就送过来了！吃的也不错
3508,1,都很好吃而且送的特别快！非常感谢！
3509,1,酸菜味道超棒，送餐速度也很快，辛苦快递师傅了！
3510,1,生病在家点的餐，份量很大，味道也不错
3511,1,感谢送餐小哥，态度非常好
3512,1,真心不错哦，特别好。
3513,1,好棒！一直支持！如果有盖饭就更完美了
3514,1,凉拌土豆丝没有放醋哦
3515,1,快递大哥态度很好，送餐也快。味道不错
3516,1,好评~挺快的，粥也足量
3517,1,送饭很快，态度很好，赞，
3518,1,这个送饭的大哥好客气啊，我都不好意思了
3519,1,又快又好，态度友好，下次还会用
3520,1,还是挺快的，四十分钟吧
3521,1,菜品好吃，味道正，量足，用料好。快递小哥效率高，服务周到，跑了两趟特意送发票，认真负责，赞一个!
3522,1,天这么冷，送餐师傅很不容易，赞！
3523,1,整体不错，不错，不错
3524,1,送餐姐姐服务特别好，耐心友善，赞赞
3525,1,配送员配送很快，粥好吃。
3526,1,服务很好，送的很快，很有礼貌。
3527,1,送餐速度快，师傅态度真好
3528,1,回锅肉分量很足！很不错！
3529,1,葱花饼好吃，一份不够吃有点。建议出大小份
3530,1,味道好，送餐快！
3531,1,非常好，送货的师傅特别好，谢谢
3532,1,分量比较足，但是稍微咸了一点
3533,1,非常不错，送餐快菜量足味道好
3534,1,骑士太给力了，送餐快，直接到门口
3535,1,谢谢送餐师傅，饭菜也比较可口。。。
3536,1,不错，就是地三鲜油太大了
3537,1,"快递师傅送的很快,给个赞"
3538,1,很不错，加班餐定点，很好吃
3539,1,很快，师傅很好，很快就送到了
3540,1,非常好，送的也非常非常快
3541,1,包子一般，肉汁少点，粥不错
3542,1,送餐小哥神速！粥挺好，肉饼超好吃
3543,1,速度超快。服务好，超预期。
3544,1,大雪天，很快送到了，态度很好。百度骑士很专业！
3545,1,很好吃，。送餐准时！！！
3546,1,送餐很快，很热情，很好
3547,1,"回家路上下单,到家一会儿就送到了,大晚上的,谢谢百度骑士,饭味道好,就是感觉好像放味精多了,饭店的饭都放,没办法"
3548,1,菜量很大，味道也不错，师傅速度很快，好评～
3549,1,口味不错，送餐小哥服务也很周到
3550,1,送餐员太好了，跑了两个地方，辛苦了
3551,1,"真快,味很好,也很方便"
3552,1,"送餐奇快啊,就是手撕包菜花椒多了点"
3553,1,"送餐速度快,味道也不错"
3554,1,送餐速度快，送餐速度快
3555,1,太新鲜了～热乎乎的粥把盒子烫软了、可是很美味哟！分量足
3556,1,送餐师傅非常好！
3557,1,百度骑士冒雨前来，送餐及时，非常感谢
3558,1,焖面量比较小
3559,1,疙瘩汤非常适合小朋友吃，疙瘩又多又小
3560,1,葱花饼不好吃
3561,1,味道不错，送餐也快
3562,1,酱肉酱包蛮小的，不过给了五个，味道很不错，第二次订了~
3563,1,以后再来就只点粥喝口……
3564,1,就在家附近，以前总去吃，可是近两三个月以来菜品没有以前好吃了，大拌菜拌苦菊一类的菜总是很甜，估计是商家为了省事就放在糖水里泡着，炒菜用的油也没以前好了，我老公胃敏感，能吃出来，油不好他会胃疼的，估计价格亲民后成本太高商家就开始糊弄事儿了，现在基本不爱来这里了，宁愿绕道去上品粥面，店员服务也没以前那么好了…好的东西贵在坚持，希望商家有心能懂这些，哪怕提升价格也别降低质量，否则日久天长损失的还是自己
3565,1,这次的粥一碗太咸啦，另一碗没放盐。。明明买的都是皮蛋粥的说
3566,1,准时，味道也好，餐盒包装好，五星好评
3567,1,这家的粥是我吃过最好吃的了，用料足味道也一级棒
3568,1,"很好,速度快"
3569,1,很好…送餐很快，菜也很好吃
3570,1,不错不错，胃不舒服才点的粥，清爽，料足。外卖小哥服务态度也是很棒
3571,1,粥的味道很好
3572,1,点饺子不给拿醋
3573,1,木有办法，喜欢吃的手撕包菜还是在店里好吃一些，放餐盒吾的一般。
3574,1,水煮鱼不错，吃两次了
3575,1,很好吃，粥是精品，凉菜也很好吃。
3576,1,速度很快，不错啊
3577,1,眉州东坡的宮爆鸡丁很好吃，送餐也很快
3578,1,速度快快快，饭菜热乎
3579,1,很感谢赵小哥，不到半小时就送到了，这么大风的天气，很辛苦。
3580,1,一直在梅州东坡下单，好吃呦！^_^
3581,1,很好吃！很快！非常感谢！
3582,1,非常好吃！送货又快！推荐
3583,1,第一次使用百度外卖，感觉真方便，送餐速度很快，味道也很好！
3584,1,吃过好几次了，味道挺不错的，外卖送的很快，喜欢
3585,1,菜挺好的，就是太慢，一个多小时才到
3586,1,骑士很好！非常负责任，所有的骑士都可以像这个骑士一样就太好了
3587,1,送货超级迅速，服务到位，好评
3588,1,米饭实在是硬的离谱……
3589,1,炒饭油，咸，鸡丁也炒咸了，放在饭盒里，应该淡一些
3590,1,很准时，还热着呢，满意
3591,1,眉州炒饭超级咸啊京酱肉丝也超级咸，没有堂食的好
3592,1,"很满意！送餐速度挺快的（毕竟近,马路正对面），菜量没有堂食多。"
3593,1,大风天，骑士辛苦！好评！
3594,1,师傅服务好送货快，性价比超高
3595,1,服务好，速度快，专业
3596,1,快递很棒！水煮牛肉不好
3597,1,味道好！名店质量有保障！送餐速度也很快！
3598,1,特别感谢快递小哥，让你久等了
3599,1,非常快，非常好，没啥说的
3600,1,还不错，味道有点家的感觉
3601,1,送餐很快，味道好，两个菜一盒蛋炒饭足够俩人吃了
3602,1,好极了好极了好极了……
3603,1,凉拌山竹笋特别好吃。
3604,1,服务态度很好，服务态度很好
3605,1,"外卖速度快,饭菜依然好吃,点赞"
3606,1,土豆丝太淡了，没有滋味
3607,1,"坛坛东坡肘子,好辣"
3608,1,四季豆不干，外卖很快
3609,1,味道不错，品质依旧，不错
3610,1,好吃！并且包装的特别好！梅州东坡棒棒嗒
3611,1,挺好的，速度也快。凑满十个字
3612,1,不错，不错，用百度外卖太方便啦！
3613,1,不错，不错，家里有人住院，用百度外卖太方便啦！
3614,1,笋确实不错，宫保鸡丁没原来好吃，不知道是换厨子了么，还是做的着急了，下回不用太着急，发挥正常水平就好
3615,1,姜太多了，有些吃不适应。
3616,1,饭菜质量很好，服务好。送饭速度快。
3617,1,饭菜香质量好，服务好，送饭快。
3618,1,"饭菜质量很好，送货速,度快，。服务好。"
3619,1,必须给快递小哥点个赞
3620,1,这么大的风，快递还很快，而且菜味道不错！
3621,1,鸡丁有点儿咸没有在店面吃的好吃有甜味
3622,1,配送快很满意就是炒饭将有太多啦
3623,1,送餐员太辛苦了！在这么冷的天气还能准时送到，点赞
3624,1,好极了好极了好极了。
3625,1,今天天气很冷，送餐师傅辛苦啦
3626,1,味道好吃，就是这配送真慢，还是给五颗星，配送人员也不容易，请下回注意
3627,1,很快很好。谢谢。辛苦了。
3628,1,骑士很辛苦，大冷天，服务态度很好，值得好评，菜品也不错，
3629,1,不错，送餐及时，还会再光顾的
3630,1,好吃，就是速度慢了点。不过没关系。送餐小哥非常有礼貌。
3631,1,我把地址弄错了，骑士二话没说就马上给我送了过来，服务棒棒哒！给一个大大的赞
3632,1,师傅送货很快，宫保鸡丁和川式腊味拼味道不错
3633,1,眉州东坡的菜名不虚传！好吃！
3634,1,准时，效率，有责任心！赞
3635,1,泡菜有点辣，其他都不错，个人喜欢吃白菜豆腐粉丝丸子汤。
3636,1,干煸四季豆特别好吃，豆腐太嫩！
3637,1,速度快，菜品和堂食的质量一样。外卖的包装很用心。
3638,1,姜蓉鸡，新菜，味道也不错。
3639,1,"太不好意思了,让师傅大风天等我半小时，手机静音了,太抱歉了。第一次用百度外卖，很好"
3640,1,味道不错，可惜量偏少
3641,1,"多搞活动哦,尖椒土豆丝没有味道。"
3642,1,送餐很及时
3643,1,服务很好，准时送到，菜品也很好
3644,1,非常好吃，经典，必吃！
3645,1,感觉真不错，看包装就给人干净放心样子，量也很足，不错
3646,1,虽然晚了点，但是天气这么冷可以理解，师傅很不容易，谢谢啦
3647,1,速度快，质量高，很好
3648,1,速度很快，味道也不错
3649,1,眉洲的除了有些辣以外还是很好吃的
3650,1,味道不错，送餐速度挺快
3651,1,"农家小炒肉,有一点辣了。"
3652,1,鸽子鲜嫩，味道不错，送货及时。
3653,1,外卖小哥特别热情特别好！～
3654,1,没有餐具哦，还要自己点餐具么
3655,1,"配送的又准时又快速。,肘子味道好就是量太少，鸡丁一般。"
3656,1,方便快捷，态度相当好，继续支持百度外卖！！
3657,1,还不错，包子味道好，炒饭稍微油了点，不过能接受
3658,1,地址写错了，6楼，爬了两次给回来的，小哥人很好
3659,1,"第一次点你家的菜,太好吃了,尤其是鱼香肉丝。特别好吃,以后就是你家的常客了"
3660,1,百度师傅人特别好，送餐也很快。菜品味道也不错。满意满意。
3661,1,全部超五星！！菜品和送餐速度全都棒棒哒！！！
3662,1,湄洲的饭菜还是比较好的
3663,1,非常可口，油量刚刚好，美味佳肴
3664,1,送餐小哥又帅态度又好
3665,1,很好吃，货真价实。送货快。
3666,1,配送太牛了最牛的配送师傅我定了30份快递师傅都想办法送来辛苦！商家也送了汤最满意的一次外卖
3667,1,一如既往的干净好吃。
3668,1,好评，服务好，态度好，味道也很好！
3669,1,外送员非常迅速呀，态度也好，菜也好吃，好评！
3670,1,准时送到，辛苦辛苦，谢谢！
3671,1,挺快的。菜送来还是热的。
3672,1,送货人员服务很好，迅速及时，菜品口味很好
3673,1,很棒，除了自己和老妈做的，也就他家的饭菜让我觉得可口了
3674,1,很好吃，送餐大姐人很好，特别准时
3675,1,很好哦，很好很好。。。。
3676,1,今天的丸子怎么那么难吃，哎
3677,1,"很好,赞！"
3678,1,送餐及时，服务热情，美味
3679,1,宫爆鸡丁没放辣椒，简直了，也就因为家里有小朋友不能吃辣，不然就直接倒了，太难吃了
3680,1,菜太难吃了！一次够了！再也不买了
3681,1,送餐速度很快！就是忘了点备注的需要餐具了，以后能不能直接送餐具？
3682,1,第一次点，不错。评价有点晚，送餐师傅服务好，速度快
3683,1,很准时，味道不错，不过还是没有现场吃好吃……送餐师傅辛苦了！
3684,1,送餐很快，服务周到，很赞
3685,1,送单很快，菜也不错赞
3686,1,不油腻，好吃。陪米饭
3687,1,速度很快，食品也特别棒！
3688,1,"东西不错,很好吃,配送很快！"
3689,1,服务好速度快，100分
3690,1,速度很快，百度骑士人也特别好！
3691,1,今天土豆丝一般，没有之前的好吃，估计换厨师了
3692,1,送餐员平易近人，速度快，好评！
3693,1,超快超好！感谢感谢！
3694,1,送餐小哥够速度！满意
3695,1,已经点了几次了，菜的味道超级正，油也很干净~非常好
3696,1,赞，师傅很辛苦，很好
3697,1,外卖，师傅都一级棒。师傅还主动帮忙帮我把垃圾带下去，太贴心了。
3698,1,菜很好吃，百度骑士辛苦了
3699,1,速度超快！口感超赞！
3700,1,"送的很快,大冷天,送餐员辛苦啦,喜欢湄州东坡的菜,四季豆有点少"
3701,1,送餐小哥服务非常好(✪▽✪)!
3702,1,送餐小哥辛苦了！谢谢啦！
3703,1,good！吃的好。骑士好。都很赞！
3704,1,味道不错，服务不错，
3705,1,"味道很浓郁，速度还行,就是有点油"
3706,1,雪天赠了两碗暖暖的酸辣汤，外送员及时送到，辛苦！好吃！
3707,1,"送的太快了,不是说好的十二点吗,人和人之间的信任呢"
3708,1,饭很好吃，一直吃眉州东坡
3709,1,很不错，服务很好
3710,1,眉州就是专业阿
3711,1,百度送货员非常快就送来了，就是商家不给筷子不太方便！
3712,1,"师傅态度特别好,菜的味道也很好"
3713,1,神速的百度骑士，超级好超级好超级好
3714,1,很方便，送餐师傅辛苦了
3715,1,特别贴心的骑士。服务超级赞
3716,1,神速，服务态度很好。菜品味道不错。
3717,1,快递员真快，态度好，表扬
3718,1,今天下雪。天气寒冷。辛苦送餐员了
3719,1,包子非常好吃，百度骑士辛苦了，大晚上的
3720,1,包装很好，很快，就是感觉有点少。
3721,1,"十点就定了,怕中午人多,没想到24分钟就到了,送餐员态度特别好,大冷天的辛苦啦,湄州的菜很不错"
3722,1,菜质量很好，没有大店欺人现象
3723,1,服务热情周到，菜品可口
3724,1,味道依然是不错的，百度骑士很靠谱！
3725,1,我打神速还不行，非让我凑十个字才能发
3726,1,送餐速度快，服务热情，大拌菜不错，整体好评
3727,1,速度快，送餐师傅很喜庆，很客气！必须满星！真棒
3728,1,稍微晚了一点。两个菜正好我们三个人吃，米饭的量还挺大的。味道还不错，就是鱼香肉丝里姜放的太多了有点辣
3729,1,非常好的一次外卖订餐，很及时！泡菜好吃！
3730,1,说好的豆瓣酱哪去了，忘了吗？
3731,1,配送人员服务态度好，菜品太美味了，还会再来，满意！
3732,1,这个小炒肉不好吃，我吃过的他家最难吃的菜之一
3733,1,提前订，还是挺快的！送餐师傅人很好！
3734,1,金银馒头不适合外送，金馒头一闷都软了
3735,1,挺好吃的，也干净，小炒肉很解馋
3736,1,味道没的说，好吃！！！
3737,1,很好吃，特别是很准时，量足味美，还会再买
3738,1,"挺好吃的,和在饭店吃一样"
3739,1,"大下雨天送来的,辛苦了"
3740,1,炒饭配肉，有点腻
3741,1,很好吃！送餐速度快！品质好！
3742,1,非常好，送餐员超有礼貌
3743,1,味道很好吃，配送也很及时，服务态度很好
3744,1,很好吃！很满意！
3745,1,速度稍微有点慢，菜可以的，就是金银馒头为啥不配炼乳啊！搞得自己弄了碟蜂蜜
3746,1,好服务，好菜品，非常好！就是一荤一素里面的蔬菜比期望的少一点，另外，送餐费太高、能否降一降
3747,1,还有垫纸，非常贴心。
3748,1,精致，味道不错！就是价格也高量小
3749,1,味道很好！速度也够快！
3750,1,觉得很好，味道不会很重很油腻，肯定不是地沟油。
3751,1,水煮牛肉肉好少，粽子好小
3752,1,小贵，好吃
3753,1,速度很快，送了蘸酱，但是上次电话订餐没有送。孩子喜欢吃马盏糕和小笼包
3754,1,大牌就是靠谱!
3755,1,太好吃了，好吃哭了，太感动了。色香味俱全，爸妈很喜欢。
3756,1,好吃，就是牛蛙太少了
3757,1,比预计的快，菜品质量跟大堂的没太大差别。
3758,1,眉州东坡，真心不错
3759,1,送餐快，不错
3760,1,送餐快，我觉得挺好
3761,1,"味道很正，很好吃！！不油腻，棒！！,服务也非常好！"
3762,1,吃的很饱！一分价钱一分货
3763,1,一直订眉州东坡的外卖，很满意，特别是外送小哥，还帮我把门口的垃圾拿出去到垃圾桶，真得赞一个。
3764,1,很棒，也很快，快递小哥很有礼貌
3765,1,味道好速度快包装严
3766,1,这次稍有点慢。
3767,1,服务非常好，菜品也好吃！
3768,1,很好吃，密封紧密
3769,1,总体很好，不过满百送的可乐呢？怎么没见到？
3770,1,取消订单了。
3771,1,"味道很好,一大份,两三个人吃都够吃"
3772,1,外卖小哥服务很好，送餐态度很赞，但是，忘了给我送的可乐了，另外，米饭量很大
3773,1,味道一如既往的好，说好的微辣呢，感觉比普通还辣，但盖不过眉州的美味，好评
3774,1,送的还比较快•就是味道没有在店里吃起来好吃•总体不错
3775,1,味道很好，送餐速度也靠谱！
3776,1,菜很好吃啊，速度很快啊，饭给很多啊，就是忘了送可乐了。一定是太忙，呵呵，没关系了。
3777,1,速度很快，就是他家菜量太小了
3778,1,眉州东坡的菜品自然是没话说的。
3779,1,"味道很好，送餐很快，送餐员冒着大雨给送来的，太感谢了,。价格也不高超划算，下次还在这点外卖,。各种五星好评,。"
3780,1,服务态度很好，还帮忙将垃圾带下楼，谢谢那位先生
3781,1,很喜欢这家口味
3782,1,好吃。一直爱吃他们家的菜
3783,1,饭菜很好吃
3784,1,定的汤圆一份就俩个，相当无奈！
3785,1,特别好，送外卖的大哥服务也特别好！好吃！
3786,1,"送餐的速度超快,传统地道冒血旺味道正宗,吃的过瘾"
3787,1,"多收了2块钱,不知道为什么？"
3788,1,服务特别好，包装也特别好！
3789,1,这次订单为啥有上次订单的备注消息？
3790,1,送餐小伙子可贴心了，还帮我妈把垃圾随手带下楼了，超级赞！
3791,1,油稍微大点。总体还是不错的
3792,1,味道很好，离得不算近送来还是热的（茄子甚至还是烫的呢！）~马盏糕和冻糕萌萌哒~
3793,1,都非常好，就是派送费有点贵！
3794,1,炒饭略咸了，味道还是不错的，银耳汤还是那么好喝
3795,1,挺好的也挺快，味道不错！送餐小伙态度极好！
3796,1,"有点儿慢阿,八点了才来"
3797,1,菜还行，送餐的路不熟，一个小时才到
3798,1,提前送到了，赞一个。味道同堂食基本上一样。
3799,1,快递员的服务态度特别好，还主动问有没有垃圾帮您带下去。真心不错。
3800,1,送餐很快！服务不错！
3801,1,非常好吃，味道好极了！！
3802,1,太贵了，八个饺子大小的包子，几口就没了。
3803,1,送到还是温的，这大冷天，辛苦骑士了!
3804,1,送货很快，汤包好吃。
3805,1,经常买，汤包很好吃，蒸饺也不错。
3806,1,"特别感谢,天这么冷…………"
3807,1,神速度！太赞了啊！！
3808,1,"速度很快,态度很好！赞！"
3809,1,服务真的太棒了！万分感谢快递员
3810,1,"还不错,挺好,下次还点"
3811,1,送的特别快，味道棒棒哒
3812,1,快递大哥很负责任，相当棒
3813,1,"骑士态度很好啊,小笼包也很不错"
3814,1,快递小哥人又专业又好！快到了提前通知，电话很有礼貌很耐心，而且按时送到了
3815,1,好吃，下次还会在吃的
3816,1,小笼包挺好吃的，甜香，拌面也还可以，整体不错~
3817,1,包子味美，孩子很喜欢。
3818,1,骑士服务很好，商品质量也可。
3819,1,好吃！送得很快！不错
3820,1,挺好吃的送的也比较快
3821,1,骑士速度超快！太赞了
3822,1,第二次搞错了订单，我要的葱油面又被换成了小笼包，结果吃了两份小笼包撑死
3823,1,"不止一次啦,很好哦,爸爸很喜欢呢"
3824,1,第一次，感觉不错，孩子爱吃。
3825,1,葱油拌面比较好吃，不过每次送过来都有点儿陀了，影响口感
3826,1,"盛包子的饭盒太小了,而且下次要铺上什么以防包子粘饭盒底,汤包全漏了"
3827,1,送到有点晚。虽然没有超过赔付时间，但超过了预计到达时间。不过雾霾锁京，还是要谢谢送餐师傅的辛苦付出
3828,1,汤包味道尚可，可惜全都漏了。
3829,1,菜品味道还都不错，快递也很快！
3830,1,非常好速度很快服务态度很好味道超好超赞云吞有点贵汤包便宜又好吃下次还来
3831,1,送货速度挺快的
3832,1,外卖小哥速度很快，态度好，东西也好吃，赞
3833,1,味道很赞，到家是热滴
3834,1,我是吃完了饭来评价的！好像完了！1点10分就送到了！非常快！
3835,1,味道很好又订的挺好吃
3836,1,很贴心，汤和馄饨分开装了
3837,1,送餐送错了，送来三种不同口味总计19个小笼包，也是醉了
3838,1,很好吃，味道不错，谢谢
3839,1,"汤包还是挺好吃的,再次订了"
3840,1,"雾霾天气,还下雨了,非常快,辛苦啦"
3841,1,"非常快,超级方便,辛苦啦"
3842,1,"味道很好,皮薄有汤汁"
3843,1,送的很及时，好评。。
3844,1,味道还不错，就是份量太小啦！
3845,1,很快，服务很好，非常方便，好吃
3846,1,发票为什么少了30元
3847,1,就是量特别少，味道一般吧。
3848,1,送餐快递很给力，饭菜都热着呢，鲜肉小笼包和红烧肉都不错
3849,1,配送超级到位，配送员认真负责
3850,1,快！好！牛！
3851,1,配送员特别好！很快！感谢配送员
3852,1,"百度骑士很敬业,给100个赞"
3853,1,"服务很好,很到位"
3854,1,小笼包不错，下回还会点
3855,1,送来的有点儿晚了，面条有点儿陀，不过味道真的不错，赞一个！外送小哥态度也很好！
3856,1,"奶茶虽然有点洒,但送餐小哥速度很快,面也不错,给个好评吧"
3857,1,配送速度很快，东西也好吃。
3858,1,只想说这个配送速度简直吊炸天
3859,1,菜肉馄饨和汤分别包装，这一点很赞！
3860,1,服务很好，也很快，食物热热的
3861,1,"运输速度快得不行,不满10个字"
3862,1,谢谢师傅～送餐很快～辛苦您了～
3863,1,灌汤包很好吃的，不错啦。
3864,1,速度挺快的！点赞，继续加油？
3865,1,速度挺快的。包子挺好吃，凉菜量太少！
3866,1,快递师傅人超好，汤也好喝，送的快
3867,1,速度非常快，很好！就是打包的面怎么都会有点坨
3868,1,味道很好，就是面没有拌均匀，坨了。
3869,1,外卖小哥和店家都很好
3870,1,咸水鸭太少味道一般！
3871,1,蔬菜稍微有点咸。。。。。
3872,1,午餐高峰时段速度很快！
3873,1,配送速度很快，配送员服务很好，包子一如既往的好，下次还会光顾
3874,1,不错，好吃不贵，送餐速度快
3875,1,特别特别好，外面马上就要下雨，小哥快马加鞭的来了～～神速～^_^
3876,1,"送餐员很好,多给钱,还跑回来,给我了,很诚实"
3877,1,谢谢咯，辛苦了。
3878,1,很好吃，速度也快，小笼包汤汁很多，味道不错
3879,1,很好吃，大家吃了后都找实体店去吃了
3880,1,一直很满意，尤其是配送服务
3881,1,快递师傅很快送到，辛苦啦。
3882,1,很好很强大，速度快，吃的还很热乎，赞！
3883,1,快递阿姨很好，速度快！
3884,1,"送餐速度很快,糖醋小排很小一盒,云吞很大一盒"
3885,1,服务态度好，送餐速度快，非常好～
3886,1,肥肠粉味道不错，就是分量有点少
3887,1,非常好，谢谢外送员
3888,1,配送小哥超级棒！
3889,1,原来一直用的百度糯米下单没评价功能，今天下了个专用客户端，把评价补上。这个确实不咋好吃
3890,1,南京盐水鸭不错，鲜肉小笼汤包皮薄很好。
3891,1,盐水鸭份量越来越少
3892,1,太棒了，速度快，优惠也大！
3893,1,忘说拿蘸料了，下次我得备注
3894,1,很准时，菜品不错
3895,1,"配送员很好,包子也可以"
3896,1,很好很满意！
3897,1,送餐小哥很细心
3898,1,北菇滑鸡饭稍微有些咸
3899,1,很喜欢的美食！
3900,1,送餐的人非常好，特意打电话提醒我们有优惠
3901,1,特别好，很礼貌的外卖小哥，赞
3902,1,送餐员很棒很准时，谢谢！
3903,1,很好吃，送餐及时！
3904,1,味道真正好！送餐又快，以后常来！
3905,1,送餐员，热情，服务好！
3906,1,外卖的米粉量有点小
3907,1,送餐员很好。
3908,1,"很好吃,味道非常棒,送餐很迅速,态度很好"
3909,1,有点慢，因为是现蒸的，着急的就别催了
3910,1,送得特别特别快！嗖一下出现在我面前，哈哈
3911,1,配送员很棒！
3912,1,下次还点！
3913,1,东西很好吃，送餐速度也非常快，只是窝蛋牛肉饭上边写带汤，可是没给~~不知道是不是忘记了~
3914,1,相当好，味道正宗，送餐快，下次再来！
3915,1,辣酱面好呲，好吃
3916,1,赞，这次送的特快，小哥辛苦
3917,1,还行吧，就是木瓜炖银耳太少了，还没有汤
3918,1,汤包好吃！送得也快，天气很热，送餐员辛苦了！
3919,1,很好，见过最负责配送！
3920,1,还可以。拌面有点干，油多了。
3921,1,"好~,小笼包也不错~"
3922,1,小哥弄洒了奶茶，不过哈哈哈我并没有生气啦，只是故意调戏下～面辣辣的好吃～奶茶太甜了…
3923,1,送餐速度快~只是食物比之前的量少了
3924,1,奥尔良烤翅中直接是夹生的，完全没法吃的节奏⋯⋯其他很赞。强烈推荐芝士土豆球和五花肉石锅拌饭！
3925,1,赞，不过泡菜五花肉略辣了些，个人口味问题。
3926,1,感觉味道没有去实体店好吃
3927,1,速度超级快，我吃完才确认送达的。味道也很好，份量很足。
3928,1,送餐迅速，味道好。
3929,1,送餐很快，量足，很好吃，方便，个别菜不是很热，联系送餐时再现做。
3930,1,三明治的沙拉酱不太好吃
3931,1,速度很快，味道稍咸了一点。水果沙拉不错
3932,1,还好，没有什么油水.。。。
3933,1,就是很好～～～～
3934,1,牛肉汉堡超级棒
3935,1,很好吃的饭跟芝士土豆球。就是速度有点慢。
3936,1,"很好吃,特别快就到了"
3937,1,挺好吃的，还给了我4瓶饮料
3938,1,"给了两袋辣椒酱好开森,但是勺子断了,太不抗用了,虽然我也没怎么期待吧"
3939,1,"外卖小哥,大赞"
3940,1,汤洒了些，量不错不过洒了弄得袋子有些脏。鸡蛋非常好吃！
3941,1,很快，味道也可以
3942,1,黑椒味道很足
3943,1,一个人吃量有点大，希望有小份的
3944,1,"速度很快，味道不错,，送餐小哥态度也不错~"
3945,1,送餐很快很好吃
3946,1,挺好的，不过麻烦包装的严密点，漏汤真的很烦人
3947,1,就是送餐很难，着急的童鞋慎重
3948,1,又快又好吃……还便宜还送沙拉……
3949,1,"刚下那个单就给你打电话了,你一分钟就给我做出来了？平时定的时候你怎么没那么快啊,这回顶个单你这么快埋怨我"
3950,1,还可以，送的时间算快的了，半小时吧～
3951,1,非常好吃的，就是今天慢了点儿，
3952,1,有点偏淡～
3953,1,很好哦，不要米饭给送了沙拉，谢谢
3954,1,不能再赞了，我由于饿了让提前送了，居然20分钟就送来了，而且服务态度很好，送餐的打大叔态度也很好。重要的是食物好吃，我非常喜欢。好评全5分
3955,1,还不错，就是米饭有点水…
3956,1,味道挺好的，就是鸡肉比较少～
3957,1,年糕好辣，不是微辣，果汁是苹果汁，送过来的没有石榴汁，好像快过期了，沙拉怎么好多水
3958,1,"很好,很方便"
3959,1,东西不错，就是慢点
3960,1,"实惠,送餐快"
3961,1,鱿鱼炒饭比鱿鱼石锅拌饭好吃
3962,1,泡菜特别棒，大赞！
3963,1,还可以、分量也足、但是有点软了
3964,1,"很方便,离学校很近"
3965,1,"离学校近,很方便"
3966,1,蘑菇给的分量挺足的这次
3967,1,很好～很方便
3968,1,好吃，划算
3969,1,味道不错，配菜有黄瓜、萝卜、蘑菇，
3970,1,好吃~送到北中医才十几分钟~\(≧▽≦)/~
3971,1,棒棒哒！以后还会来滴～～～
3972,1,一定要及时吃啊
3973,1,挺好，就是薯蓉太干了
3974,1,杂酱面量很大，味道不错，就是油太大。吃完很腻，藕丁很爽口
3975,1,味道很不错，就是油很大，吃的有点腻！
3976,1,前几天点的卤肉饭要是单卖里面的泡菜就更好了
3977,1,很好吃，送餐速度也很快。
3978,1,都不错，宝贝很爱吃，快递小哥辛苦了。
3979,1,买多了，肉夹馍没吃，好大一碗面
3980,1,很好！送餐员也很棒！
3981,1,味道还可以，速度一般。
3982,1,"已入肚(ฅ>ω<*ฅ)，都挺好吃的，不过重庆杂面酱有点咸了，感觉至少在少放上一勺盐才能接受。味道倒是不错。,日常:小哥辛苦了。"
3983,1,因为我手机信号问题送餐员没联系上，于是我联系了店家，店家很nice帮联系了客服，之后送餐员就马上送到啦~面还是很热的~店家和送餐员赞(*￣▽￣)y
3984,1,配送服务很好。味道很正。
3985,1,谢谢快递师傅，辛苦啦
3986,1,送的很快的态度很好食物也好
3987,1,够爽，好吃，一个人吃有点多
3988,1,好吃，小贵。比附近另一家对我口味
3989,1,"送餐很快,大哥说汤洒了一点儿,我觉得态度还是很好的,不介意。他家这抄手一如既往的好啊"
3990,1,送餐及时，味道不错～～优惠了好多～
3991,1,味儿很正！也准时！赞一个！
3992,1,"卤肉饭不要这么好吃好吗！！！分开放我很喜欢,盒子也很大,配菜真心很全面,酸萝卜胡萝卜紫菜花,泡脚。凉粉不是很辣,以后就翻你家牌牌了,哈哈哈"
3993,1,送餐员态度很好，效率高
3994,1,"很好,很实惠"
3995,1,配送员很好
3996,1,抄手很难吃，慎点，巧手大拌菜推荐，真的不错
3997,1,不错，就是餐盒贵
3998,1,火烧夹肉好咸啊！没法吃。其他还行
3999,1,"味道不错,配送速度比预计快"
