代码,名称,最新价,涨跌额,涨跌幅,买入,卖出,昨收,今开,最高,最低,成交量,成交额,时间戳
bj920000,安徽凤凰,20.06,-0.24,-1.182,20.03,20.05,20.3,20.7,20.7,19.9,910195.0,18355776.0,11:20:31
bj920001,纬达光电,19.95,-0.16,-0.796,19.96,20.02,20.11,20.24,20.39,19.86,662678.0,13301676.0,11:20:31
bj920002,万达轴承,102.86,0.31,0.302,102.85,103.01,102.55,103.36,104.29,102.5,224160.0,23169979.0,11:20:31
bj920003,中诚咨询,34.18,0.29,0.856,34.07,34.18,33.89,33.99,34.4,33.51,676218.0,22975276.0,11:20:31
bj920005,鼎佳精密,44.59,0.37,0.837,44.56,44.59,44.22,44.36,45.0,44.22,177886.0,7946520.0,11:20:31
bj920006,晟楠科技,29.0,-0.77,-2.586,29.0,29.07,29.77,29.28,29.58,28.95,1606759.0,46824679.0,11:20:31
bj920007,酉立智能,70.62,-0.39,-0.549,70.62,70.8,71.01,71.43,71.43,70.61,91023.0,6445101.0,11:20:31
bj920008,成电光信,31.38,-0.66,-2.06,31.33,31.39,32.04,31.55,32.39,31.1,1721130.0,54710069.0,11:20:31
bj920009,丹娜生物,85.85,-0.55,-0.637,85.85,85.87,86.4,87.4,89.96,85.6,854108.0,75194588.0,11:20:31
bj920010,凯添燃气,13.33,0.07,0.528,13.33,13.34,13.26,13.34,13.48,13.18,2687916.0,35851972.0,11:20:31
bj920014,特瑞斯,12.72,-0.08,-0.625,12.68,12.73,12.8,12.83,12.96,12.61,436493.0,5581020.0,11:20:31
bj920015,锦华新材,53.48,-0.99,-1.818,53.48,53.49,54.47,55.04,56.2,53.33,2221893.0,122073646.0,11:20:31
bj920016,中草香料,20.66,-0.35,-1.666,20.66,20.68,21.01,21.22,21.22,20.6,521770.0,10849745.0,11:20:31
bj920017,星昊医药,19.02,-0.22,-1.143,19.02,19.03,19.24,19.33,19.39,18.91,1078025.0,20607482.0,11:20:31
bj920018,宏远股份,30.08,-0.36,-1.183,30.08,30.09,30.44,30.36,30.6,30.01,632902.0,19111445.0,11:20:31
bj920019,铜冠矿建,20.21,-0.19,-0.931,20.19,20.22,20.4,20.6,20.7,20.12,736362.0,14986356.0,11:20:31
bj920020,泰凯英,17.44,-0.25,-1.413,17.44,17.45,17.69,17.67,17.85,17.43,1125780.0,19845626.0,11:20:31
bj920021,流金科技,6.58,-0.12,-1.791,6.56,6.58,6.7,6.71,6.74,6.51,3738540.0,24693400.0,11:20:31
bj920022,世昌股份,30.9,-0.48,-1.53,30.9,30.96,31.38,31.31,31.46,30.72,340150.0,10548872.0,11:20:31
bj920023,田野股份,4.35,0.0,0.0,4.35,4.36,4.35,4.38,4.41,4.33,4228153.0,18456052.0,11:20:31
bj920026,卓兆点胶,35.47,-0.31,-0.866,35.51,35.61,35.78,35.99,36.39,35.35,375529.0,13479977.0,11:20:31
bj920027,交大铁发,24.92,-0.08,-0.32,24.93,24.97,25.0,25.01,25.31,24.83,634437.0,15916222.0,11:20:31
bj920029,开发科技,91.88,-0.12,-0.13,91.82,91.88,92.0,92.1,92.88,91.58,297582.0,27409367.0,11:20:31
bj920030,德众汽车,7.1,-0.02,-0.281,7.08,7.1,7.12,7.15,7.2,7.03,1678047.0,11957885.0,11:20:31
bj920033,康普化学,18.04,-0.31,-1.689,18.04,18.07,18.35,18.35,18.59,18.0,622231.0,11338082.0,11:20:31
bj920037,广信科技,90.08,-0.24,-0.266,90.11,90.36,90.32,90.51,92.48,89.8,365352.0,33176969.0,11:20:31
bj920039,国义招标,12.28,-0.28,-2.229,12.27,12.28,12.56,12.59,12.65,12.12,1252429.0,15480111.0,11:20:31
bj920046,亿能电力,14.45,0.02,0.139,14.45,14.46,14.43,14.57,14.65,14.32,1553280.0,22512659.0,11:20:31
bj920047,诺思兰德,25.21,0.1,0.398,25.21,25.26,25.11,25.16,25.48,25.16,805250.0,20377517.0,11:20:31
bj920056,能之光,26.33,-0.39,-1.46,26.33,26.35,26.72,26.72,26.92,26.32,847658.0,22501093.0,11:20:31
bj920057,百甲科技,7.0,0.03,0.43,6.99,7.02,6.97,7.01,7.04,6.92,1074709.0,7501621.0,11:20:31
bj920058,华洋赛车,33.73,-0.57,-1.662,33.74,33.83,34.3,34.48,34.51,33.66,195995.0,6659379.0,11:20:31
bj920060,万源通,32.5,0.15,0.464,32.5,32.53,32.35,32.71,33.3,32.38,1412548.0,46423829.0,11:20:31
bj920061,西磁科技,32.22,0.09,0.28,32.21,32.22,32.13,32.1,33.18,32.0,757424.0,24773960.0,11:20:31
bj920062,科润智控,10.74,-0.06,-0.556,10.73,10.74,10.8,10.85,10.93,10.71,1863871.0,20138235.0,11:20:31
bj920066,科拜尔,27.02,-0.26,-0.953,26.97,27.02,27.28,27.25,27.65,26.9,162167.0,4418541.0,11:20:31
bj920068,天工股份,17.58,-0.22,-1.236,17.58,17.59,17.8,17.9,18.05,17.53,727698.0,12929433.0,11:20:31
bj920075,柏星龙,27.35,-0.66,-2.356,27.35,27.42,28.01,28.1,28.36,27.35,703704.0,19571777.0,11:20:31
bj920077,吉林碳谷,14.38,-0.04,-0.277,14.38,14.39,14.42,14.43,14.66,14.35,1668264.0,24173607.0,11:20:31
bj920080,奥美森,27.71,-0.29,-1.036,27.71,27.72,28.0,28.01,28.24,27.61,491844.0,13708115.0,11:20:31
bj920082,方正阀门,17.91,-0.08,-0.445,17.85,17.9,17.99,18.35,18.35,17.81,442028.0,7951327.0,11:20:31
bj920087,秋乐种业,15.8,-0.2,-1.25,15.79,15.8,16.0,16.1,16.17,15.7,1992743.0,31508525.0,11:20:31
bj920088,科力股份,32.3,-1.33,-3.955,32.26,32.3,33.63,33.36,33.55,32.0,1692637.0,55260761.0,11:20:31
bj920089,禾昌聚合,18.79,-0.07,-0.371,18.79,18.8,18.86,18.92,19.15,18.7,806823.0,15265938.0,11:20:31
bj920090,同辉信息,6.87,0.09,1.327,6.86,6.87,6.78,6.8,6.93,6.69,2754340.0,18762090.0,11:20:31
bj920092,汉鑫科技,32.5,-0.42,-1.276,32.48,32.5,32.92,33.31,33.47,32.0,442412.0,14436189.0,11:20:31
bj920098,科隆新材,27.67,-0.25,-0.895,27.6,27.65,27.92,28.05,28.18,27.57,332345.0,9250182.0,11:20:31
bj920099,瑞华技术,31.31,-0.24,-0.761,31.18,31.31,31.55,31.88,32.08,31.1,397742.0,12606469.0,11:20:31
bj920100,三协电机,60.78,-1.14,-1.841,60.8,60.91,61.92,62.35,62.62,60.2,754348.0,46183349.0,11:20:31
bj920101,志高机械,41.19,-0.19,-0.459,41.18,41.19,41.38,41.5,41.65,41.01,314291.0,12979925.0,11:20:31
bj920106,林泰新材,88.42,-0.67,-0.752,88.47,88.78,89.09,89.63,89.97,87.5,297933.0,26410923.0,11:20:31
bj920108,宏海科技,14.45,-0.06,-0.414,14.43,14.46,14.51,14.64,14.7,14.31,386001.0,5601067.0,11:20:31
bj920110,雷特科技,37.5,-0.33,-0.872,37.51,37.53,37.83,37.77,38.14,37.48,152602.0,5749144.0,11:20:31
bj920111,聚星科技,23.99,-1.6,-6.252,24.0,24.05,25.59,25.3,25.39,23.83,3134892.0,76586649.0,11:20:31
bj920112,巴兰仕,39.89,-0.26,-0.648,39.84,39.89,40.15,40.1,40.29,39.83,95933.0,3837996.0,11:20:31
bj920116,星图测控,66.99,-0.27,-0.401,67.02,67.16,67.26,67.6,67.93,66.77,612153.0,41148036.0,11:20:31
bj920118,太湖远大,23.9,-0.06,-0.25,23.9,23.91,23.96,24.05,24.27,23.84,324342.0,7795642.0,11:20:31
bj920122,中纺标,38.83,-0.73,-1.845,38.83,38.84,39.56,39.88,39.95,38.83,499812.0,19639936.0,11:20:31
bj920123,芭薇股份,18.11,-1.61,-8.164,18.09,18.11,19.72,19.5,19.63,17.92,6448873.0,119289931.0,11:20:31
bj920128,胜业电气,28.37,-0.2,-0.7,28.38,28.4,28.57,28.85,29.08,28.32,305510.0,8757879.0,11:20:31
bj920130,立方控股,24.96,-0.71,-2.766,24.93,24.96,25.67,25.67,25.93,24.83,1275824.0,32094282.0,11:20:31
bj920132,泰鹏智能,18.85,-0.3,-1.567,18.83,18.87,19.15,19.3,19.37,18.82,553864.0,10542727.0,11:20:31
bj920139,华岭股份,22.02,-0.07,-0.317,22.02,22.04,22.09,22.31,22.38,22.02,1391040.0,30868756.0,11:20:31
bj920145,恒合股份,24.93,-0.33,-1.306,24.93,24.99,25.26,25.2,25.49,24.9,295725.0,7427028.0,11:20:31
bj920146,华阳变速,9.23,0.03,0.326,9.22,9.23,9.2,9.21,9.37,9.15,1584809.0,14711185.0,11:20:31
bj920149,旭杰科技,12.78,-0.08,-0.622,12.77,12.79,12.86,12.88,12.94,12.64,648356.0,8302547.0,11:20:31
bj920152,昆工科技,29.58,1.03,3.608,29.52,29.57,28.55,29.5,29.71,28.53,1642813.0,47472257.0,11:20:31
bj920158,长江能科,16.6,-0.01,-0.06,16.59,16.6,16.61,16.76,16.86,16.47,1489018.0,24811114.0,11:20:31
bj920160,北矿检测,26.18,-1.24,-4.522,26.11,26.21,27.42,26.28,27.42,25.66,6009346.0,159092681.0,11:20:31
bj920163,方大新材,16.33,-0.37,-2.216,16.36,16.4,16.7,16.69,16.8,16.22,497696.0,8163601.0,11:20:31
bj920167,同享科技,18.42,-0.33,-1.76,18.41,18.42,18.75,18.93,18.94,18.38,984652.0,18322766.0,11:20:31
bj920169,七丰精工,30.51,-1.57,-4.894,30.51,30.52,32.08,31.0,31.38,30.43,3277278.0,101021647.0,11:20:31
bj920171,志晟信息,21.7,0.21,0.977,21.67,21.75,21.49,21.66,21.93,21.47,717627.0,15586454.0,11:20:31
bj920174,五新隧装,50.12,0.32,0.643,50.12,50.14,49.8,49.86,50.8,49.86,819011.0,41200834.0,11:20:31
bj920175,东方碳素,12.54,-0.31,-2.412,12.54,12.56,12.85,12.8,12.98,12.46,1941223.0,24678230.0,11:20:31
bj920179,凯德石英,35.13,0.16,0.458,35.1,35.2,34.97,35.28,35.41,35.01,418746.0,14727321.0,11:20:31
bj920184,国源科技,18.93,0.22,1.176,18.93,18.95,18.71,19.6,20.0,18.75,1724997.0,33235560.0,11:20:31
bj920185,贝特瑞,34.83,-0.61,-1.721,34.8,34.83,35.44,35.44,36.26,34.72,7233392.0,257410687.0,11:20:31
bj920190,雷神科技,25.53,-0.03,-0.117,25.53,25.56,25.56,25.61,25.87,25.21,855989.0,21845059.0,11:20:31
bj920195,三祥科技,20.34,-0.17,-0.829,20.34,20.35,20.51,20.62,20.88,20.32,927353.0,19106514.0,11:20:31
bj920198,微创光电,10.19,-0.03,-0.294,10.19,10.2,10.22,10.27,10.41,10.06,950160.0,9698220.0,11:20:31
bj920199,倍益康,33.7,-0.5,-1.462,33.71,33.78,34.2,34.68,34.78,33.66,464609.0,15816603.0,11:20:31
bj920204,沪江材料,19.17,-0.3,-1.541,19.17,19.2,19.47,19.5,19.74,19.12,498930.0,9648588.0,11:20:31
bj920207,众诚科技,22.02,0.01,0.045,22.01,22.04,22.01,22.2,22.38,21.82,687052.0,15179176.0,11:20:31
bj920208,青矩技术,25.69,0.05,0.195,25.69,25.76,25.64,25.87,26.13,25.6,377508.0,9741018.0,11:20:31
bj920212,智新电子,14.18,-0.11,-0.77,14.17,14.18,14.29,14.42,14.51,14.11,378200.0,5396219.0,11:20:31
bj920221,易实精密,16.86,-0.12,-0.707,16.85,16.87,16.98,17.14,17.19,16.81,471873.0,8005113.0,11:20:31
bj920223,荣亿精密,25.66,1.66,6.917,25.66,25.69,24.0,24.8,26.4,24.05,7858420.0,197960696.0,11:20:31
bj920225,利通科技,40.45,-0.58,-1.414,40.43,40.45,41.03,41.03,42.3,40.18,3699675.0,152199992.0,11:20:31
bj920227,美登科技,64.48,-4.45,-6.456,64.48,64.7,68.93,68.0,68.0,63.64,2024699.0,131788563.0,11:20:31
bj920230,欧康医药,13.69,-0.08,-0.581,13.64,13.69,13.77,13.77,14.03,13.51,507222.0,6981888.0,11:20:31
bj920237,力佳科技,25.66,-0.76,-2.877,25.66,25.76,26.42,26.62,26.97,25.65,1528993.0,40256591.0,11:20:31
bj920239,长虹能源,34.7,-0.14,-0.402,34.78,34.86,34.84,35.0,35.8,34.58,1332647.0,46921856.0,11:20:31
bj920242,建邦科技,30.12,-0.42,-1.375,30.08,30.11,30.54,30.67,30.73,29.95,202818.0,6137380.0,11:20:31
bj920245,威博液压,27.32,-0.11,-0.401,27.31,27.32,27.43,27.56,27.8,27.23,149602.0,4109066.0,11:20:31
bj920247,华密新材,26.48,0.23,0.876,26.42,26.48,26.25,26.46,26.72,26.02,726795.0,19156777.0,11:20:31
bj920249,利尔达,13.83,-0.14,-1.002,13.82,13.83,13.97,14.03,14.12,13.73,1632714.0,22689648.0,11:20:31
bj920252,天宏锂电,32.73,-1.37,-4.018,32.72,32.73,34.1,33.5,35.3,32.63,5787368.0,195468458.0,11:20:31
bj920260,中寰股份,12.01,-0.07,-0.579,12.0,12.01,12.08,12.08,12.21,11.9,537361.0,6459885.0,11:20:31
bj920261,一诺威,15.29,-0.2,-1.291,15.29,15.3,15.49,15.46,15.68,15.23,1171848.0,18070251.0,11:20:31
bj920262,太湖雪,25.9,-1.09,-4.039,25.92,25.96,26.99,26.95,27.17,25.88,1424616.0,37521471.0,11:20:31
bj920263,中航泰达,13.58,-0.02,-0.147,13.58,13.6,13.6,13.51,13.85,13.51,518424.0,7096047.0,11:20:31
bj920266,生物谷,9.93,-0.07,-0.7,9.93,9.94,10.0,10.08,10.11,9.9,598453.0,5983721.0,11:20:31
bj920267,鑫汇科,24.54,-0.55,-2.192,24.48,24.54,25.09,25.46,25.46,24.28,400886.0,9862096.0,11:20:31
bj920270,天铭科技,16.78,0.16,0.963,16.78,16.84,16.62,16.77,17.23,16.77,821760.0,13996630.0,11:20:31
bj920271,邦德股份,16.61,-0.27,-1.6,16.59,16.61,16.88,17.2,17.2,16.45,668462.0,11175336.0,11:20:31
bj920273,一致魔芋,35.56,-1.34,-3.631,35.56,35.57,36.9,36.43,36.75,35.22,1479835.0,53054429.0,11:20:31
bj920274,宏裕包材,28.99,-0.29,-0.99,28.97,28.99,29.28,29.24,29.77,28.69,726404.0,21190364.0,11:20:31
bj920275,驱动力,10.1,-0.61,-5.696,10.1,10.11,10.71,10.67,10.7,10.04,2097914.0,21723165.0,11:20:31
bj920278,鹿得医疗,9.6,-0.02,-0.208,9.6,9.61,9.62,9.7,9.75,9.53,414742.0,3997411.0,11:20:31
bj920284,灵鸽科技,46.88,-0.27,-0.573,46.26,46.83,47.15,46.4,47.88,46.0,1760547.0,82716838.0,11:20:31
bj920299,灿能电力,20.05,0.57,2.926,20.04,20.05,19.48,19.6,20.51,19.34,4251463.0,85157499.0,11:20:31
bj920300,辰光医疗,15.13,-0.16,-1.046,15.13,15.15,15.29,15.35,15.42,15.11,680185.0,10387964.0,11:20:31
bj920304,迪尔化工,15.42,-1.36,-8.105,15.41,15.42,16.78,16.81,17.22,15.1,8530014.0,138947580.0,11:20:31
bj920305,*ST云创,12.11,1.54,14.57,12.1,12.11,10.57,10.47,12.25,10.31,5494066.0,62438025.0,11:20:31
bj920339,恒太照明,10.61,-0.04,-0.376,10.62,10.64,10.65,10.67,10.7,10.5,273218.0,2892488.0,11:20:31
bj920344,三元基因,27.52,-0.72,-2.55,27.45,27.52,28.24,28.37,28.67,27.37,1383920.0,38577044.0,11:20:31
bj920346,威贸电子,25.23,-0.16,-0.63,25.22,25.32,25.39,25.62,25.74,25.13,443819.0,11239236.0,11:20:31
bj920351,华光源海,23.26,-0.95,-3.924,23.25,23.29,24.21,24.45,24.72,23.23,1204116.0,28535296.0,11:20:31
bj920357,雅葆轩,25.67,0.17,0.667,25.68,25.76,25.5,25.64,25.85,25.47,439286.0,11286989.0,11:20:31
bj920363,莱赛激光,18.0,-0.13,-0.717,17.98,18.01,18.13,18.19,18.48,17.91,318439.0,5746923.0,11:20:31
bj920367,新赣江,22.0,-0.05,-0.227,22.0,22.02,22.05,22.15,22.44,21.68,666319.0,14659906.0,11:20:31
bj920368,连城数控,28.8,-0.23,-0.792,28.79,28.8,29.03,29.29,29.39,28.74,1269726.0,36909082.0,11:20:31
bj920370,新安洁,4.49,-0.01,-0.222,4.49,4.5,4.5,4.5,4.56,4.46,1676859.0,7574128.0,11:20:31
bj920371,欧福蛋业,10.91,-0.42,-3.707,10.9,10.93,11.33,11.35,11.35,10.84,1933112.0,21317162.0,11:20:31
bj920374,云里物里,25.3,-0.73,-2.804,25.3,25.31,26.03,26.0,26.08,25.28,412807.0,10548720.0,11:20:31
bj920375,派诺科技,14.36,-0.13,-0.897,14.36,14.4,14.49,14.69,14.8,14.28,613273.0,8850220.0,11:20:31
bj920378,泰德股份,10.19,-0.08,-0.779,10.19,10.2,10.27,10.35,10.39,10.15,340203.0,3483036.0,11:20:31
bj920392,佳合科技,35.44,-0.63,-1.747,35.43,35.56,36.07,35.93,36.43,35.42,113053.0,4050261.0,11:20:31
bj920394,民士达,38.88,0.23,0.595,38.8,38.88,38.65,38.82,39.37,38.65,538010.0,20969043.0,11:20:31
bj920395,朗鸿科技,12.5,-0.07,-0.557,12.47,12.5,12.57,12.75,12.75,12.36,444640.0,5565334.0,11:20:31
bj920396,常辅股份,30.85,-0.73,-2.312,30.86,30.94,31.58,31.85,31.88,30.78,1304652.0,40727631.0,11:20:31
bj920402,硅烷科技,12.49,-0.45,-3.478,12.49,12.52,12.94,12.7,13.3,12.38,9720066.0,124817283.0,11:20:31
bj920403,康农种业,22.37,-0.28,-1.236,22.37,22.42,22.65,22.7,22.7,22.19,600645.0,13424384.0,11:20:31
bj920405,海希通讯,25.83,-1.38,-5.072,25.81,25.84,27.21,26.87,28.05,25.83,3716272.0,99542926.0,11:20:31
bj920407,驰诚股份,21.61,-0.44,-1.995,21.58,21.61,22.05,22.0,22.55,21.56,795395.0,17534550.0,11:20:31
bj920414,欧普泰,12.81,-0.22,-1.688,12.81,12.84,13.03,13.05,13.08,12.7,1002695.0,12913092.0,11:20:31
bj920415,恒拓开源,14.93,0.06,0.403,14.9,14.93,14.87,15.02,15.13,14.76,1015720.0,15205722.0,11:20:31
bj920418,苏轴股份,27.91,-0.17,-0.605,27.9,27.91,28.08,28.26,28.51,27.88,875568.0,24584327.0,11:20:31
bj920419,路斯股份,17.37,-0.23,-1.307,17.3,17.36,17.6,17.65,17.7,17.21,601207.0,10476071.0,11:20:31
bj920422,润普食品,13.63,-0.5,-3.539,13.63,13.64,14.13,14.0,14.03,13.55,1738466.0,23907553.0,11:20:31
bj920425,乐创技术,21.14,0.09,0.428,21.14,21.17,21.05,21.18,21.45,21.13,656453.0,14001300.0,11:20:31
bj920427,华维设计,13.59,-0.33,-2.371,13.59,13.62,13.92,13.97,14.01,13.35,1165923.0,15860894.0,11:20:31
bj920429,康比特,16.71,-0.57,-3.299,16.72,16.75,17.28,17.28,17.29,16.67,1165453.0,19680327.0,11:20:31
bj920433,大唐药业,6.67,0.03,0.452,6.65,6.67,6.64,6.73,6.76,6.61,884358.0,5900654.0,11:20:31
bj920436,大地电气,20.31,-0.12,-0.587,20.31,20.43,20.43,20.49,20.74,20.2,835934.0,17084019.0,11:20:31
bj920438,戈碧迦,36.6,-0.24,-0.651,36.62,36.67,36.84,36.99,37.29,36.36,1083311.0,39775292.0,11:20:31
bj920445,龙竹科技,12.05,0.2,1.688,12.02,12.05,11.85,11.91,12.06,11.69,2348089.0,27857113.0,11:20:31
bj920454,同心传动,16.36,-0.36,-2.153,16.36,16.37,16.72,16.94,16.94,16.26,743429.0,12258626.0,11:20:31
bj920455,汇隆活塞,9.45,-0.06,-0.631,9.45,9.47,9.51,9.58,9.67,9.43,225469.0,2150270.0,11:20:31
bj920469,富恒新材,12.31,-0.32,-2.534,12.3,12.31,12.63,12.63,12.66,12.0,1276483.0,15867768.0,11:20:31
bj920471,美邦科技,13.92,-0.18,-1.277,13.89,13.92,14.1,14.3,14.4,13.82,796095.0,11112298.0,11:20:31
bj920475,三友科技,17.22,-0.5,-2.822,17.2,17.22,17.72,17.96,17.96,17.1,594368.0,10321354.0,11:20:31
bj920476,海能技术,23.0,-0.34,-1.457,22.99,23.0,23.34,23.45,23.6,22.92,801468.0,18603676.0,11:20:31
bj920478,峆一药业,20.5,-0.14,-0.678,20.46,20.48,20.64,20.8,20.83,20.42,430014.0,8856854.0,11:20:31
bj920489,佳先股份,20.42,-0.02,-0.098,20.42,20.47,20.44,20.5,21.59,20.4,5202555.0,109386297.0,11:20:31
bj920491,奥迪威,28.2,0.1,0.356,28.18,28.2,28.1,28.21,28.54,28.02,849695.0,24037083.0,11:20:31
bj920493,并行科技,140.42,-0.46,-0.327,140.42,140.47,140.88,141.88,142.88,140.1,386975.0,54696507.0,11:20:31
bj920496,许昌智能,10.89,-0.06,-0.548,10.89,10.9,10.95,10.97,11.08,10.75,1531411.0,16651078.0,11:20:31
bj920504,博迅生物,25.53,0.12,0.472,25.49,25.53,25.41,25.63,26.02,25.34,323510.0,8290300.0,11:20:31
bj920505,九菱科技,52.14,-1.07,-2.011,52.14,52.19,53.21,52.0,54.78,51.86,2162585.0,115701476.0,11:20:34
bj920508,殷图网联,23.95,-0.38,-1.562,23.9,23.95,24.33,24.5,24.65,23.8,316600.0,7631532.0,11:20:34
bj920509,同惠电子,38.65,-1.43,-3.568,38.64,38.65,40.08,39.9,40.88,38.59,3307325.0,130833165.0,11:20:34
bj920510,丰光精密,17.3,0.1,0.581,17.3,17.31,17.2,17.39,17.49,17.19,662188.0,11468638.0,11:20:34
bj920519,万德股份,12.96,-0.11,-0.842,12.94,12.98,13.07,13.09,13.2,12.82,522049.0,6770570.0,11:20:34
bj920522,纳科诺尔,63.48,-0.51,-0.797,63.42,63.48,63.99,63.05,65.88,62.68,2185445.0,140423233.0,11:20:34
bj920523,德瑞锂电,29.08,-0.66,-2.219,29.07,29.08,29.74,29.96,30.48,28.92,2334506.0,69066440.0,11:20:34
bj920526,凯华材料,27.07,2.98,12.37,27.06,27.07,24.09,24.2,28.88,24.2,4460346.0,120476619.0,11:20:34
bj920527,夜光明,18.7,-0.3,-1.579,18.68,18.7,19.0,19.06,19.2,18.58,383722.0,7210709.0,11:20:34
bj920533,骏创科技,28.58,-0.23,-0.798,28.52,28.6,28.81,28.98,29.26,28.41,975392.0,28108423.0,11:20:34
bj920541,铁大科技,14.56,-0.09,-0.614,14.55,14.56,14.65,14.66,14.77,14.48,291682.0,4248272.0,11:20:34
bj920547,无锡晶海,25.32,-0.14,-0.55,25.32,25.33,25.46,25.79,25.79,25.13,202510.0,5137882.0,11:20:34
bj920553,凯腾精工,10.87,-0.26,-2.336,10.86,10.87,11.13,11.17,11.21,10.77,1223763.0,13429396.0,11:20:34
bj920556,雅达股份,10.66,-0.08,-0.745,10.64,10.66,10.74,10.8,10.86,10.57,1314503.0,14078449.0,11:20:34
bj920564,天润科技,20.19,-0.46,-2.228,20.17,20.19,20.65,20.82,20.82,20.03,641257.0,13032056.0,11:20:34
bj920566,梓橦宫,12.28,0.0,0.0,12.27,12.28,12.28,12.35,12.4,12.19,758779.0,9327865.0,11:20:34
bj920570,坤博精工,35.46,-0.84,-2.314,35.46,35.49,36.3,36.35,36.66,35.38,362990.0,13053541.0,11:20:34
bj920571,国航远洋,10.23,-0.26,-2.479,10.23,10.25,10.49,10.5,10.54,10.19,7448194.0,76931030.0,11:20:34
bj920575,康乐卫士,13.15,0.01,0.076,13.15,13.16,13.14,13.25,13.53,13.14,1710344.0,22835453.0,11:20:34
bj920576,天力复合,29.08,0.19,0.658,28.99,29.08,28.89,29.17,29.28,28.9,281960.0,8195179.0,11:20:34
bj920578,巨能股份,25.61,-0.15,-0.582,25.58,25.64,25.76,25.84,25.98,25.55,235139.0,6060248.0,11:20:34
bj920579,机科股份,24.92,0.07,0.282,24.87,24.91,24.85,24.88,25.23,24.7,346997.0,8653258.0,11:20:34
bj920580,科创新材,15.51,-0.2,-1.273,15.47,15.51,15.71,15.88,15.91,15.45,754902.0,11823395.0,11:20:34
bj920592,华信永道,43.8,0.11,0.252,43.83,43.92,43.69,45.49,45.76,43.69,1221181.0,54350943.0,11:20:34
bj920593,鼎智科技,32.51,0.09,0.278,32.5,32.51,32.42,32.52,32.89,32.35,720883.0,23531745.0,11:20:34
bj920599,同力股份,20.29,-0.11,-0.539,20.28,20.29,20.4,20.51,20.79,20.27,1527983.0,31291522.0,11:20:34
bj920608,丰安股份,20.55,-0.14,-0.677,20.51,20.62,20.69,20.79,21.02,20.39,237697.0,4907896.0,11:20:34
bj920627,力王股份,25.03,-0.23,-0.911,25.02,25.03,25.26,25.65,25.76,25.0,596695.0,15116215.0,11:20:34
bj920634,新威凌,25.2,-0.66,-2.552,25.21,25.35,25.86,25.88,26.06,25.19,857940.0,22081620.0,11:20:34
bj920639,晨光电缆,8.44,-0.01,-0.118,8.43,8.44,8.45,8.49,8.59,8.41,722927.0,6123615.0,11:20:34
bj920640,富士达,34.93,0.19,0.547,34.8,34.93,34.74,34.98,36.26,34.62,4706475.0,166199430.0,11:20:34
bj920641,格利尔,19.71,-0.06,-0.303,19.7,19.72,19.77,20.1,20.1,19.59,537660.0,10637894.0,11:20:34
bj920642,通易航天,15.31,-0.38,-2.422,15.29,15.3,15.69,15.59,15.63,15.25,2608208.0,40269779.0,11:20:34
bj920651,天罡股份,40.8,0.0,0.0,40.83,40.87,40.8,40.9,41.51,40.6,279200.0,11444585.0,11:20:34
bj920656,海昇药业,18.05,-0.13,-0.715,18.05,18.1,18.18,18.22,18.3,18.01,345381.0,6267520.0,11:20:34
bj920662,方盛股份,26.48,-0.35,-1.305,26.48,26.55,26.83,27.25,27.87,26.4,581697.0,15647904.0,11:20:34
bj920663,明阳科技,17.5,-0.96,-5.2,17.49,17.5,18.46,18.46,18.64,17.39,1464589.0,26102512.0,11:20:34
bj920665,科强股份,12.64,-0.14,-1.095,12.64,12.66,12.78,12.86,12.89,12.58,234935.0,2986620.0,11:20:34
bj920670,数字人,17.05,-0.63,-3.563,17.04,17.05,17.68,17.6,17.75,16.99,3901733.0,67473088.0,11:20:34
bj920675,秉扬科技,10.94,-0.13,-1.174,10.94,10.95,11.07,11.11,11.16,10.91,449783.0,4958692.0,11:20:34
bj920679,前进科技,20.64,-0.31,-1.48,20.61,20.64,20.95,21.02,21.27,20.53,377351.0,7893316.0,11:20:34
bj920680,*ST广道,0.0,0.0,0.0,0.0,0.0,9.52,0.0,0.0,0.0,0.0,0.0,11:20:34
bj920682,球冠电缆,9.8,-0.02,-0.204,9.78,9.8,9.82,9.84,9.92,9.73,1410932.0,13842742.0,11:20:34
bj920685,新芝生物,14.73,-0.06,-0.406,14.72,14.74,14.79,14.89,14.98,14.66,382735.0,5650854.0,11:20:34
bj920689,克莱特,32.74,-0.52,-1.563,32.74,32.75,33.26,33.39,33.71,32.66,397670.0,13174213.0,11:20:34
bj920690,捷众科技,31.06,-0.76,-2.388,31.06,31.15,31.82,31.8,31.98,30.74,650161.0,20280886.0,11:20:34
bj920693,阿为特,39.85,0.01,0.025,39.78,39.85,39.84,39.95,40.78,39.51,266654.0,10696199.0,11:20:34
bj920694,中裕科技,20.22,0.08,0.397,20.22,20.24,20.14,20.4,20.7,20.11,969223.0,19830582.0,11:20:34
bj920699,海达尔,49.8,-0.55,-1.092,49.8,49.98,50.35,50.79,51.81,49.67,217063.0,10951204.0,11:20:34
bj920701,豪声电子,18.19,-0.34,-1.835,18.12,18.19,18.53,18.66,18.78,17.88,955076.0,17392888.0,11:20:34
bj920703,广厦环能,14.93,-0.2,-1.322,14.92,14.93,15.13,15.2,15.2,14.9,396517.0,5956823.0,11:20:34
bj920706,铁拓机械,23.5,0.59,2.575,23.5,23.6,22.91,23.98,24.2,23.31,2407838.0,57147949.0,11:20:34
bj920717,瑞星股份,12.61,-0.12,-0.943,12.6,12.62,12.73,12.97,12.97,12.55,360819.0,4572569.0,11:20:34
bj920718,合肥高科,17.29,-0.19,-1.087,17.25,17.31,17.48,17.57,17.61,17.22,243189.0,4225808.0,11:20:34
bj920719,宁新新材,13.96,-0.16,-1.133,13.96,13.97,14.12,14.17,14.35,13.9,1605296.0,22667167.0,11:20:34
bj920720,吉冈精密,14.45,0.04,0.278,14.43,14.45,14.41,14.41,14.68,14.4,776582.0,11278059.0,11:20:34
bj920725,惠丰钻石,34.4,-1.78,-4.92,34.36,34.41,36.18,36.53,36.54,34.34,2206338.0,78002683.0,11:20:34
bj920726,朱老六,20.62,-1.18,-5.413,20.52,20.62,21.8,21.81,21.98,20.45,4133663.0,86088401.0,11:20:34
bj920729,永顺生物,9.42,-0.34,-3.484,9.41,9.42,9.76,9.71,9.71,9.4,1994200.0,19064234.0,11:20:34
bj920735,德源药业,34.89,0.04,0.115,34.87,34.89,34.85,34.92,35.25,34.73,1006061.0,35170364.0,11:20:34
bj920748,路桥信息,54.17,0.1,0.185,54.14,54.16,54.07,55.0,55.46,53.04,947265.0,51102143.0,11:20:34
bj920751,惠同新材,19.56,-0.12,-0.61,19.56,19.61,19.68,19.89,19.98,19.42,320824.0,6316575.0,11:20:34
bj920753,天纺标,24.72,-0.43,-1.71,24.72,24.73,25.15,25.18,25.36,24.7,397923.0,9914906.0,11:20:34
bj920765,美之高,25.38,-0.21,-0.821,25.37,25.5,25.59,25.64,25.81,25.33,197855.0,5052279.0,11:20:34
bj920768,拾比佰,12.7,-0.15,-1.167,12.69,12.7,12.85,12.89,12.95,12.64,1584374.0,20214946.0,11:20:34
bj920770,艾能聚,19.65,-0.58,-2.867,19.61,19.69,20.23,20.44,20.44,19.53,3575815.0,71255333.0,11:20:34
bj920779,武汉蓝电,37.21,-1.08,-2.821,37.2,37.21,38.29,38.5,38.7,37.21,449453.0,17015499.0,11:20:34
bj920781,瑞奇智造,9.57,-0.13,-1.34,9.56,9.57,9.7,9.77,9.82,9.53,1048941.0,10112283.0,11:20:34
bj920786,骑士乳业,9.89,-0.27,-2.657,9.88,9.89,10.16,10.14,10.19,9.85,5551317.0,55216116.0,11:20:34
bj920790,联迪信息,34.29,-0.08,-0.233,34.26,34.3,34.37,34.7,35.01,34.05,620571.0,21489300.0,11:20:34
bj920792,东和新材,12.49,-0.13,-1.03,12.5,12.52,12.62,12.68,12.72,12.4,674432.0,8452278.0,11:20:34
bj920799,艾融软件,50.9,0.79,1.577,50.82,50.93,50.11,50.87,51.33,50.4,1241544.0,63248745.0,11:20:34
bj920802,保丽洁,16.77,-0.1,-0.593,16.74,16.77,16.87,16.98,17.16,16.69,248283.0,4185330.0,11:20:34
bj920806,云星宇,13.8,0.12,0.877,13.81,13.84,13.68,13.81,13.9,13.6,1124919.0,15476539.0,11:20:34
bj920807,奔朗新材,16.8,-0.16,-0.943,16.81,16.86,16.96,16.75,17.28,16.74,2305408.0,39349521.0,11:20:34
bj920808,曙光数创,78.69,0.42,0.537,78.69,78.79,78.27,79.44,80.85,77.99,936015.0,74205278.0,11:20:34
bj920809,安达科技,7.81,-0.26,-3.222,7.8,7.81,8.07,8.23,8.41,7.73,30822849.0,249843989.0,11:20:34
bj920810,春光智能,13.72,0.06,0.439,13.72,13.73,13.66,13.69,13.92,13.53,485542.0,6667123.0,11:20:34
bj920819,颖泰生物,4.19,0.02,0.48,4.18,4.19,4.17,4.2,4.25,4.17,4120820.0,17340878.0,11:20:34
bj920821,则成电子,25.51,-0.14,-0.546,25.51,25.53,25.65,26.0,26.19,25.42,597978.0,15399486.0,11:20:34
bj920826,盖世食品,13.87,-1.07,-7.162,13.88,13.92,14.94,14.6,14.68,13.81,12436710.0,176014332.0,11:20:31
bj920832,齐鲁华信,7.74,-0.07,-0.896,7.74,7.75,7.81,7.82,7.89,7.71,925200.0,7203287.0,11:20:31
bj920833,美心翼申,17.76,-0.16,-0.893,17.76,17.78,17.92,18.02,18.21,17.71,422668.0,7573371.0,11:20:31
bj920834,三维装备,17.47,-0.45,-2.511,17.47,17.48,17.92,18.2,18.4,17.45,2949327.0,52911972.0,11:20:31
bj920837,华原股份,15.24,-0.22,-1.423,15.2,15.24,15.46,15.59,15.73,15.18,935901.0,14423201.0,11:20:31
bj920839,万通液压,42.87,-0.29,-0.672,42.87,43.03,43.16,43.0,43.8,42.58,627755.0,27066381.0,11:20:31
bj920855,浙江大农,18.91,-0.19,-0.995,18.81,18.93,19.1,19.33,19.38,18.71,378605.0,7182903.0,11:20:31
bj920856,浩淼科技,16.96,-0.08,-0.469,16.96,16.99,17.04,17.15,17.19,16.85,407416.0,6918586.0,11:20:31
bj920857,泓禧科技,33.34,-1.15,-3.334,33.35,33.4,34.49,34.39,34.4,33.26,325877.0,10965423.0,11:20:31
bj920866,绿亨科技,8.61,-0.07,-0.806,8.6,8.61,8.68,8.68,8.75,8.58,835809.0,7218789.0,11:20:31
bj920870,恒进感应,18.16,-0.12,-0.656,18.15,18.16,18.28,18.4,18.58,18.12,547986.0,10034924.0,11:20:31
bj920871,派特尔,16.76,-0.2,-1.179,16.76,16.82,16.96,17.15,17.22,16.71,546882.0,9234315.0,11:20:31
bj920873,中设咨询,7.88,0.12,1.546,7.83,7.88,7.76,7.89,7.93,7.71,2060908.0,16104175.0,11:20:31
bj920876,慧为智能,27.5,-0.14,-0.507,27.46,27.5,27.64,28.0,28.38,27.22,520471.0,14429035.0,11:20:31
bj920879,基康技术,23.54,-0.05,-0.212,23.54,23.56,23.59,23.61,23.94,23.49,444794.0,10523212.0,11:20:31
bj920885,星辰科技,19.41,-0.52,-2.609,19.4,19.41,19.93,19.63,19.92,19.35,1607972.0,31458589.0,11:20:31
bj920892,广咨国际,16.63,0.72,4.525,16.51,16.64,15.91,15.95,16.74,15.78,1211919.0,19762229.0,11:20:31
bj920895,花溪科技,22.89,-0.1,-0.435,22.91,22.99,22.99,23.2,23.45,22.77,234668.0,5425530.0,11:20:31
bj920896,旺成科技,21.83,-0.03,-0.137,21.83,21.89,21.86,22.0,22.19,21.72,274128.0,6019871.0,11:20:31
bj920906,舜宇精工,27.61,-0.06,-0.217,27.61,27.65,27.67,27.95,27.95,27.55,292325.0,8104549.0,11:20:31
bj920914,远航精密,30.9,0.58,1.913,30.8,30.92,30.32,30.8,31.8,30.4,1566330.0,48758128.0,11:20:31
bj920924,广脉科技,21.16,-0.3,-1.398,21.14,21.16,21.46,21.58,21.66,21.03,804570.0,17154679.0,11:20:31
bj920925,锦好医疗,31.77,-0.87,-2.665,31.76,31.77,32.64,32.74,32.74,31.68,306704.0,9851429.0,11:20:31
bj920926,鸿智科技,18.43,-0.17,-0.914,18.41,18.43,18.6,18.6,18.86,18.25,806663.0,14951412.0,11:20:31
bj920931,无锡鼎邦,15.45,-0.2,-1.278,15.43,15.45,15.65,15.66,15.7,15.12,707057.0,10886153.0,11:20:31
bj920932,科达自控,20.39,-0.51,-2.44,20.36,20.39,20.9,20.96,21.1,20.22,1243027.0,25522846.0,11:20:31
bj920942,恒立钻具,33.52,-0.58,-1.701,33.5,33.52,34.1,34.15,34.29,33.45,617367.0,20895948.0,11:20:31
bj920943,优机股份,22.3,-0.33,-1.458,22.24,22.3,22.63,22.58,22.86,22.2,336284.0,7540191.0,11:20:31
bj920946,森萱医药,11.77,0.0,0.0,11.74,11.77,11.77,11.87,11.97,11.68,2509261.0,29688530.0,11:20:31
bj920950,迅安科技,18.65,-0.06,-0.321,18.65,18.71,18.71,18.94,19.44,18.5,312711.0,5875119.0,11:20:31
bj920953,国子软件,36.27,-0.76,-2.052,36.24,36.27,37.03,37.09,37.57,36.08,1974530.0,72265751.0,11:20:31
bj920957,汉维科技,16.5,0.95,6.109,16.49,16.5,15.55,15.6,18.08,15.6,5906451.0,99502355.0,11:20:31
bj920961,创远信科,25.16,0.05,0.199,25.17,25.21,25.11,25.18,25.5,25.03,1362892.0,34316000.0,11:20:31
bj920964,润农节水,7.35,-0.07,-0.943,7.34,7.35,7.42,7.45,7.49,7.3,909205.0,6704494.0,11:20:31
bj920970,大禹生物,8.39,-0.01,-0.119,8.36,8.39,8.4,8.5,8.52,8.32,820638.0,6897025.0,11:20:31
bj920971,天马新材,32.01,-0.34,-1.051,32.01,32.02,32.35,32.99,33.0,31.86,1130566.0,36641141.0,11:20:31
bj920974,凯大催化,9.14,0.49,5.665,9.13,9.14,8.65,8.67,9.4,8.66,7180123.0,65122641.0,11:20:31
bj920976,视声智能,25.18,-0.24,-0.944,25.11,25.18,25.42,25.7,25.7,24.98,379141.0,9552227.0,11:20:31
bj920978,开特股份,37.98,-0.02,-0.053,37.97,37.98,38.0,38.14,38.48,37.81,1182241.0,44982356.0,11:20:31
bj920981,晶赛科技,36.4,1.07,3.029,36.4,36.45,35.33,35.72,36.94,35.33,1607199.0,58383523.0,11:20:31
bj920982,锦波生物,231.53,-1.03,-0.443,231.54,232.0,232.56,233.26,235.94,231.5,352780.0,82192713.0,11:20:31
bj920985,海泰新能,9.1,-0.13,-1.408,9.1,9.13,9.23,9.4,9.4,9.05,1723914.0,15811727.0,11:20:31
bj920992,中科美菱,18.62,-0.36,-1.897,18.61,18.62,18.98,19.06,19.28,18.6,772981.0,14628696.0,11:20:31
sh600000,浦发银行,11.79,0.23,1.99,11.78,11.79,11.56,11.54,11.8,11.49,68515549.0,803408661.0,11:20:34
sh600004,白云机场,9.83,0.02,0.204,9.82,9.84,9.81,9.85,9.89,9.79,5496475.0,54049720.0,11:20:35
sh600006,东风股份,7.75,-0.16,-2.023,7.74,7.75,7.91,7.96,7.96,7.68,28503900.0,221639716.0,11:20:33
sh600007,中国国贸,21.03,0.21,1.009,21.02,21.03,20.82,20.8,21.03,20.71,1020050.0,21272253.0,11:20:34
sh600008,首创环保,3.14,0.02,0.641,3.13,3.14,3.12,3.13,3.14,3.12,37700220.0,118024299.0,11:20:35
sh600009,上海机场,32.72,0.08,0.245,32.71,32.72,32.64,32.75,32.96,32.6,5538635.0,181387966.0,11:20:33
sh600010,包钢股份,2.55,-0.01,-0.391,2.54,2.55,2.56,2.55,2.58,2.53,312269160.0,798743280.0,11:20:32
sh600011,华能国际,7.93,0.03,0.38,7.92,7.93,7.9,7.91,7.95,7.87,22994900.0,182020678.0,11:20:34
sh600012,皖通高速,15.39,0.14,0.918,15.39,15.4,15.25,15.24,15.47,15.17,2284400.0,35087384.0,11:20:33
sh600015,华夏银行,7.15,0.17,2.436,7.14,7.15,6.98,6.97,7.16,6.96,94703043.0,671177157.0,11:20:33
sh600016,民生银行,4.21,0.12,2.934,4.2,4.21,4.09,4.08,4.22,4.08,543483923.0,2264752271.0,11:20:33
sh600017,日照港,3.17,0.03,0.955,3.16,3.17,3.14,3.15,3.17,3.13,18820070.0,59232482.0,11:20:34
sh600018,上港集团,5.62,0.04,0.717,5.62,5.63,5.58,5.59,5.63,5.58,13378600.0,74950734.0,11:20:33
sh600019,宝钢股份,7.5,0.03,0.402,7.49,7.5,7.47,7.46,7.55,7.46,26347690.0,197549231.0,11:20:34
sh600020,中原高速,4.6,0.01,0.218,4.6,4.61,4.59,4.6,4.61,4.57,4601400.0,21121348.0,11:20:33
sh600021,上海电力,25.05,-0.27,-1.066,25.04,25.05,25.32,25.21,26.28,25.01,31707844.0,807688156.0,11:20:33
sh600022,山东钢铁,1.55,0.0,0.0,1.54,1.55,1.55,1.55,1.57,1.54,55020200.0,85514797.0,11:20:35
sh600023,浙能电力,5.15,0.03,0.586,5.14,5.15,5.12,5.12,5.15,5.11,22634900.0,116241320.0,11:20:34
sh600025,华能水电,9.55,0.09,0.951,9.54,9.55,9.46,9.46,9.55,9.45,12632486.0,120106881.0,11:20:33
sh600026,中远海能,12.89,-0.35,-2.644,12.89,12.9,13.24,13.01,13.14,12.79,24578662.0,318187973.0,11:20:32
sh600027,华电国际,5.21,0.02,0.385,5.2,5.21,5.19,5.18,5.22,5.17,32457765.0,168757582.0,11:20:33
sh600028,中国石化,6.09,0.04,0.661,6.09,6.1,6.05,6.0,6.11,6.0,151822477.0,920211554.0,11:20:34
sh600029,南方航空,7.22,-0.04,-0.551,7.22,7.23,7.26,7.25,7.32,7.19,21838300.0,158473582.0,11:20:30
sh600030,中信证券,28.58,0.28,0.989,28.58,28.59,28.3,28.85,28.94,28.56,105304417.0,3027423217.0,11:20:33
sh600031,三一重工,20.95,0.18,0.867,20.94,20.95,20.77,20.8,21.12,20.8,20623716.0,432482551.0,11:20:33
sh600032,浙江新能,7.85,-0.01,-0.127,7.85,7.86,7.86,7.88,7.9,7.82,3778351.0,29669138.0,11:20:30
sh600033,福建高速,3.7,0.03,0.817,3.7,3.71,3.67,3.68,3.71,3.63,34992750.0,128328971.0,11:20:33
sh600035,楚天高速,4.1,0.04,0.985,4.09,4.1,4.06,4.07,4.1,4.06,6861370.0,27991345.0,11:20:34
sh600036,招商银行,43.52,0.3,0.694,43.51,43.52,43.22,43.22,43.6,43.05,29263030.0,1270773926.0,11:20:35
sh600037,歌华有线,7.62,-0.08,-1.039,7.62,7.63,7.7,7.71,7.74,7.6,7336800.0,56178170.0,11:20:35
sh600038,中直股份,36.22,-0.2,-0.549,36.21,36.22,36.42,36.35,36.4,36.11,3020800.0,109462963.0,11:20:32
sh600039,四川路桥,9.37,0.02,0.214,9.36,9.37,9.35,9.37,9.44,9.31,6590100.0,61790038.0,11:20:33
sh600048,保利发展,7.09,0.14,2.014,7.09,7.1,6.95,6.95,7.12,6.86,143107492.0,997461749.0,11:20:34
sh600050,中国联通,5.49,0.08,1.479,5.49,5.5,5.41,5.42,5.5,5.41,171470789.0,937095873.0,11:20:32
sh600051,宁波联合,7.93,-0.02,-0.252,7.92,7.93,7.95,7.95,8.01,7.8,4742000.0,37416358.0,11:20:34
sh600052,东望时代,4.77,0.01,0.21,4.77,4.78,4.76,4.78,4.82,4.65,11142300.0,52749867.0,11:20:33
sh600053,九鼎投资,19.69,0.15,0.768,19.68,19.69,19.54,19.7,19.93,19.48,2280300.0,44970410.0,11:20:30
sh600054,黄山旅游,11.4,-0.08,-0.697,11.4,11.41,11.48,11.49,11.49,11.35,2300799.0,26247908.0,11:20:35
sh600055,万东医疗,15.86,0.03,0.19,15.85,15.86,15.83,15.88,15.94,15.81,1464100.0,23220169.0,11:20:35
sh600056,中国医药,11.15,0.03,0.27,11.15,11.16,11.12,11.15,11.21,11.09,8674503.0,96741114.0,11:20:34
sh600057,厦门象屿,8.52,0.08,0.948,8.51,8.52,8.44,8.48,8.59,8.42,8472140.0,72021985.0,11:20:35
sh600058,五矿发展,9.2,0.09,0.988,9.2,9.21,9.11,9.16,9.28,9.11,6845600.0,63134682.0,11:20:36
sh600059,古越龙山,9.51,0.0,0.0,9.51,9.52,9.51,9.51,9.54,9.42,4768600.0,45185300.0,11:20:34
sh600060,海信视像,24.82,0.14,0.567,24.81,24.82,24.68,24.79,24.94,24.52,4092603.0,101398080.0,11:20:34
sh600061,国投资本,7.61,0.04,0.528,7.61,7.62,7.57,7.66,7.69,7.59,27863207.0,213014273.0,11:20:35
sh600062,华润双鹤,18.92,0.02,0.106,18.91,18.92,18.9,18.9,18.97,18.87,2705803.0,51185941.0,11:20:20
sh600063,皖维高新,6.36,-0.06,-0.935,6.36,6.37,6.42,6.52,6.56,6.32,26703618.0,171844088.0,11:20:34
sh600064,南京高科,8.72,0.15,1.75,8.71,8.72,8.57,8.58,8.72,8.58,10662252.0,92181545.0,11:20:34
sh600066,宇通客车,30.85,-0.09,-0.291,30.85,30.86,30.94,31.0,31.2,30.61,3280888.0,101125146.0,11:20:36
sh600067,冠城新材,4.18,-0.05,-1.182,4.17,4.18,4.23,4.22,4.29,4.08,50163011.0,208636192.0,11:20:35
sh600071,凤凰光学,20.98,-0.09,-0.427,20.97,20.99,21.07,21.16,21.28,20.89,1832502.0,38515036.0,11:20:33
sh600072,中船科技,12.23,-0.16,-1.291,12.22,12.23,12.39,12.21,12.31,12.18,12782682.0,156289462.0,11:20:35
sh600073,光明肉业,6.92,-0.01,-0.144,6.91,6.92,6.93,7.07,7.09,6.88,12395900.0,86582726.0,11:20:35
sh600075,新疆天业,5.25,-0.08,-1.501,5.24,5.25,5.33,5.3,5.34,5.2,13578720.0,71340480.0,11:20:32
sh600076,康欣新材,2.9,-0.04,-1.361,2.9,2.91,2.94,2.95,2.96,2.84,20051400.0,57920056.0,11:20:34
sh600078,澄星股份,12.97,0.3,2.368,12.96,12.97,12.67,11.98,13.56,11.83,81721629.0,1052729687.0,11:20:33
sh600079,人福医药,19.71,-0.14,-0.705,19.7,19.71,19.85,19.85,19.94,19.68,7515486.0,148955931.0,11:20:34
sh600080,金花股份,8.57,0.46,5.672,8.56,8.57,8.11,8.13,8.92,8.13,38706130.0,338595873.0,11:20:34
sh600081,东风科技,12.34,-0.17,-1.359,12.34,12.35,12.51,12.44,12.56,12.27,2532622.0,31352487.0,11:20:36
sh600082,海泰发展,4.97,-0.02,-0.401,4.97,4.98,4.99,5.04,5.04,4.86,8291500.0,40905038.0,11:20:33
sh600084,中信尼雅,5.77,0.01,0.174,5.77,5.78,5.76,5.86,5.86,5.69,2802620.0,16130782.0,11:20:33
sh600085,同仁堂,34.55,-0.02,-0.058,34.55,34.56,34.57,34.59,34.62,34.44,2875750.0,99300416.0,11:20:34
sh600088,中视传媒,16.1,-0.06,-0.371,16.1,16.11,16.16,16.19,16.26,16.01,1391829.0,22426127.0,11:20:35
sh600089,特变电工,23.48,0.45,1.954,23.47,23.48,23.03,23.28,23.91,22.92,209371095.0,4906286648.0,11:20:35
sh600094,大名城,4.23,-0.01,-0.236,4.22,4.23,4.24,4.26,4.3,4.14,20215122.0,85018810.0,11:20:33
sh600095,湘财股份,11.71,0.02,0.171,11.7,11.71,11.69,12.07,12.15,11.65,30640695.0,362198822.0,11:20:36
sh600096,云天化,32.85,0.12,0.367,32.85,32.86,32.73,32.95,33.64,32.72,34995085.0,1161039959.0,11:20:34
sh600097,开创国际,14.35,0.06,0.42,14.34,14.35,14.29,15.72,15.72,13.84,44963200.0,674736412.0,11:20:34
sh600098,广州发展,6.92,-0.01,-0.144,6.91,6.92,6.93,6.92,6.94,6.9,7169849.0,49626889.0,11:20:35
sh600099,林海股份,10.99,-0.03,-0.272,10.98,10.99,11.02,11.02,11.18,10.85,1885800.0,20766853.0,11:20:30
sh600100,同方股份,8.79,-0.19,-2.116,8.79,8.8,8.98,9.01,9.09,8.76,68177587.0,603149826.0,11:20:34
sh600101,明星电力,9.54,-0.04,-0.418,9.54,9.55,9.58,9.58,9.62,9.5,4491910.0,42893022.0,11:20:33
sh600103,青山纸业,3.67,-0.03,-0.811,3.67,3.68,3.7,3.68,3.81,3.62,99653039.0,370056216.0,11:20:36
sh600104,上汽集团,15.1,-0.2,-1.307,15.09,15.1,15.3,15.31,15.38,15.03,35611166.0,539783804.0,11:20:36
sh600105,永鼎股份,14.62,-1.26,-7.935,14.62,14.63,15.88,16.16,16.48,14.45,153876057.0,2322874673.0,11:20:34
sh600106,重庆路桥,6.19,0.01,0.162,6.18,6.19,6.18,6.18,6.23,6.12,7295001.0,45076341.0,11:20:33
sh600107,ST尔雅,7.82,0.37,4.966,7.82,0.0,7.45,7.78,7.82,7.6,4087300.0,31824091.0,11:20:30
sh600108,亚盛集团,3.21,-0.01,-0.311,3.2,3.21,3.22,3.22,3.27,3.16,37749303.0,120864148.0,11:20:36
sh600109,国金证券,9.5,0.09,0.956,9.48,9.5,9.41,9.57,9.59,9.46,21118131.0,201115424.0,11:20:33
sh600110,诺德股份,7.97,0.4,5.284,7.97,7.98,7.57,7.58,8.33,7.55,172301691.0,1398177264.0,11:20:35
sh600111,北方稀土,46.93,0.36,0.773,46.93,46.94,46.57,46.03,47.75,46.01,66542504.0,3144324179.0,11:20:34
sh600113,浙江东日,56.08,-0.73,-1.285,56.08,56.09,56.81,57.7,57.7,55.5,2988188.0,167928324.0,11:20:35
sh600114,东睦股份,26.74,-0.11,-0.41,26.74,26.75,26.85,27.05,27.2,26.69,6159580.0,166080808.0,11:20:33
sh600115,中国东航,5.26,-0.02,-0.379,5.26,5.27,5.28,5.26,5.36,5.23,46383221.0,246120272.0,11:20:35
sh600116,三峡水利,6.69,0.03,0.45,6.68,6.69,6.66,6.67,6.69,6.64,3237200.0,21604645.0,11:20:31
sh600117,西宁特钢,2.99,-0.01,-0.333,2.98,2.99,3.0,2.99,3.01,2.96,12103800.0,36125021.0,11:20:34
sh600118,中国卫星,41.61,0.47,1.142,41.61,41.65,41.14,41.22,42.0,41.07,16858727.0,700935195.0,11:20:34
sh600119,长江投资,8.42,0.0,0.0,8.42,8.43,8.42,8.47,8.51,8.33,2916601.0,24525961.0,11:20:32
sh600120,浙江东方,6.54,-0.03,-0.457,6.54,6.55,6.57,6.59,6.64,6.51,40009602.0,263130799.0,11:20:33
sh600121,郑州煤电,4.68,-0.09,-1.887,4.67,4.68,4.77,4.71,4.76,4.62,37421455.0,175166116.0,11:20:35
sh600123,兰花科创,6.74,-0.05,-0.736,6.74,6.75,6.79,6.81,6.81,6.72,8298260.0,56009643.0,11:20:35
sh600125,铁龙物流,6.38,0.0,0.0,6.37,6.38,6.38,6.39,6.4,6.31,8623854.0,54765856.0,11:20:35
sh600126,杭钢股份,9.16,0.02,0.219,9.16,9.17,9.14,9.22,9.33,9.13,35347907.0,325514921.0,11:20:36
sh600127,金健米业,7.05,-0.03,-0.424,7.05,7.06,7.08,7.08,7.09,6.93,19893400.0,139147228.0,11:20:34
sh600128,苏豪弘业,10.95,-0.01,-0.091,10.94,10.95,10.96,11.13,11.15,10.75,2981800.0,32576720.0,11:20:35
sh600129,太极集团,20.22,0.03,0.149,20.22,20.23,20.19,20.2,20.35,20.19,2148249.0,43488688.0,11:20:36
sh600130,*ST波导,4.35,-0.21,-4.605,4.35,4.36,4.56,4.5,4.52,4.33,40659055.0,178874636.0,11:20:33
sh600131,国网信通,17.24,-0.17,-0.976,17.23,17.24,17.41,17.44,17.51,17.23,4110500.0,71333838.0,11:20:36
sh600132,重庆啤酒,54.13,-0.12,-0.221,54.12,54.13,54.25,54.25,54.32,53.8,966800.0,52214717.0,11:20:34
sh600133,东湖高新,9.12,0.01,0.11,9.11,9.12,9.11,9.14,9.21,9.07,7598100.0,69384552.0,11:20:36
sh600135,乐凯胶片,8.05,-0.13,-1.589,8.04,8.05,8.18,8.11,8.23,8.01,30962302.0,251318847.0,11:20:36
sh600136,ST明诚,1.82,-0.01,-0.546,1.82,1.83,1.83,1.83,1.83,1.8,9618900.0,17485018.0,11:20:34
sh600137,浪莎股份,20.37,0.03,0.147,20.37,20.38,20.34,20.33,20.48,19.93,1350300.0,27299628.0,11:20:33
sh600138,中青旅,9.75,-0.01,-0.102,9.74,9.75,9.76,9.78,9.8,9.68,6013183.0,58520112.0,11:20:35
sh600141,兴发集团,33.25,-0.91,-2.664,33.25,33.26,34.16,34.0,35.0,33.17,24319412.0,829422100.0,11:20:33
sh600143,金发科技,18.47,-0.33,-1.755,18.46,18.47,18.8,18.98,19.02,18.45,27666031.0,516814988.0,11:20:33
sh600148,长春一东,20.11,0.15,0.752,20.09,20.11,19.96,19.95,20.23,19.92,901300.0,18073351.0,11:20:34
sh600149,廊坊发展,5.87,0.06,1.033,5.86,5.87,5.81,5.8,5.9,5.73,5795600.0,33688925.0,11:20:34
sh600150,中国船舶,34.71,-0.27,-0.772,34.71,34.72,34.98,34.7,34.82,34.41,37415689.0,1294756404.0,11:20:33
sh600151,航天机电,8.78,0.38,4.524,8.77,8.78,8.4,8.41,9.03,8.4,34200146.0,300429820.0,11:20:35
sh600152,维科技术,8.44,-0.54,-6.013,8.43,8.44,8.98,8.65,8.84,8.3,63811350.0,547416069.0,11:20:36
sh600153,建发股份,10.52,0.17,1.643,10.52,10.53,10.35,10.4,10.58,10.37,8237237.0,86537302.0,11:20:34
sh600155,华创云信,7.61,-0.04,-0.523,7.61,7.62,7.65,7.78,7.79,7.59,28110773.0,215853226.0,11:20:34
sh600156,华升股份,9.84,-0.1,-1.006,9.83,9.84,9.94,9.72,10.08,9.39,20849910.0,201103294.0,11:20:35
sh600157,永泰能源,1.65,-0.01,-0.602,1.65,1.66,1.66,1.66,1.68,1.65,347138434.0,576879532.0,11:20:36
sh600158,中体产业,8.86,-0.11,-1.226,8.85,8.86,8.97,8.95,8.99,8.78,13991365.0,123992544.0,11:20:36
sh600159,大龙地产,3.22,0.03,0.94,3.22,3.23,3.19,3.19,3.23,3.11,18548100.0,58801972.0,11:20:33
sh600160,巨化股份,34.76,0.01,0.029,34.76,34.78,34.75,34.75,35.31,34.75,9104993.0,319123664.0,11:20:34
sh600161,天坛生物,18.09,0.0,0.0,18.08,18.09,18.09,18.09,18.17,18.02,3393505.0,61340328.0,11:20:32
sh600162,香江控股,2.12,-0.02,-0.935,2.11,2.12,2.14,2.15,2.16,2.05,75073408.0,156981005.0,11:20:36
sh600163,中闽能源,5.55,-0.04,-0.716,5.54,5.55,5.59,5.57,5.64,5.46,18500496.0,102232411.0,11:20:34
sh600165,*ST宁科,3.89,-0.19,-4.657,3.88,3.89,4.08,3.96,3.98,3.88,12700873.0,49856593.0,11:20:36
sh600166,福田汽车,2.89,-0.01,-0.345,2.88,2.89,2.9,2.9,2.94,2.86,66580503.0,192461751.0,11:20:35
sh600167,联美控股,9.39,0.13,1.404,9.39,9.4,9.26,9.15,9.7,9.06,40592130.0,383951017.0,11:20:35
sh600168,武汉控股,5.31,0.02,0.378,5.3,5.31,5.29,5.29,5.35,5.26,8654180.0,46032727.0,11:20:32
sh600169,ST太重,2.45,-0.04,-1.606,2.45,2.46,2.49,2.47,2.48,2.44,29826584.0,73316844.0,11:20:36
sh600170,上海建工,2.84,0.0,0.0,2.84,2.85,2.84,2.85,2.86,2.82,87486174.0,248314679.0,11:20:37
sh600171,上海贝岭,32.05,-0.15,-0.466,32.04,32.05,32.2,32.43,32.49,32.02,3874600.0,124765818.0,11:20:37
sh600172,黄河旋风,6.42,-0.04,-0.619,6.41,6.42,6.46,6.46,6.53,6.39,31989654.0,206596114.0,11:20:37
sh600173,卧龙新能,7.97,-0.07,-0.871,7.96,7.97,8.04,8.1,8.1,7.92,7494700.0,59926747.0,11:20:35
sh600176,中国巨石,15.65,0.2,1.294,15.65,15.66,15.45,15.59,15.76,15.52,18214987.0,285175719.0,11:20:36
sh600177,雅戈尔,7.79,0.08,1.038,7.78,7.79,7.71,7.72,7.79,7.7,8243053.0,63730236.0,11:20:34
sh600178,东安动力,12.23,-0.07,-0.569,12.22,12.23,12.3,12.37,12.4,12.15,2320901.0,28494118.0,11:20:29
sh600179,安通控股,4.35,0.1,2.353,4.35,4.36,4.25,4.32,4.46,4.28,59558762.0,259285107.0,11:20:36
sh600180,瑞茂通,4.61,-0.01,-0.216,4.6,4.61,4.62,4.64,4.65,4.55,7746000.0,35582579.0,11:20:35
sh600182,S佳通,15.65,-0.07,-0.445,15.64,15.65,15.72,15.77,15.79,15.58,642900.0,10084401.0,11:20:29
sh600183,生益科技,55.83,0.03,0.054,55.83,55.84,55.8,57.99,58.2,55.72,20430714.0,1157194991.0,11:20:36
sh600184,光电股份,17.24,0.19,1.114,17.23,17.24,17.05,16.96,17.46,16.95,5607483.0,96768051.0,11:20:35
sh600185,珠免集团,7.03,0.02,0.285,7.02,7.03,7.01,7.07,7.08,6.95,24249290.0,169832987.0,11:20:34
sh600186,莲花控股,5.69,-0.07,-1.215,5.68,5.69,5.76,5.76,5.79,5.65,22565291.0,128465853.0,11:20:35
sh600187,国中水务,2.78,-0.01,-0.358,2.78,2.79,2.79,2.8,2.81,2.76,11960300.0,33260954.0,11:20:35
sh600188,兖矿能源,14.59,0.04,0.275,14.58,14.59,14.55,14.51,14.64,14.42,11719985.0,170371327.0,11:20:36
sh600189,泉阳泉,7.32,-0.05,-0.678,7.32,7.33,7.37,7.38,7.38,7.24,6155900.0,44900863.0,11:20:36
sh600191,华资实业,10.45,0.95,10.0,10.45,0.0,9.5,9.55,10.45,9.54,9843707.0,100870051.0,11:20:21
sh600192,长城电工,9.32,-0.16,-1.688,9.32,9.33,9.48,9.47,9.57,9.3,6329800.0,59608528.0,11:20:36
sh600193,*ST创兴,4.13,-0.01,-0.242,4.13,4.14,4.14,4.15,4.15,4.11,2898096.0,11961637.0,11:20:34
sh600195,中牧股份,7.87,-0.06,-0.757,7.86,7.87,7.93,7.9,7.93,7.77,5863774.0,45918204.0,11:20:35
sh600196,复星医药,27.39,-0.24,-0.869,27.38,27.39,27.63,27.71,27.84,27.33,7986514.0,219942247.0,11:20:34
sh600197,伊力特,14.76,0.04,0.272,14.76,14.77,14.72,14.72,14.76,14.66,1097965.0,16150712.0,11:20:35
sh600198,大唐电信,8.24,0.13,1.603,8.23,8.24,8.11,8.12,8.33,8.06,8722600.0,71265556.0,11:20:35
sh600199,金种子酒,10.37,0.04,0.387,10.36,10.37,10.33,10.33,10.37,10.19,5393403.0,55399964.0,11:20:37
sh600200,*ST苏吴,1.07,0.05,4.902,1.06,1.07,1.02,1.04,1.07,1.0,51997018.0,53754031.0,11:20:36
sh600201,生物股份,12.36,0.24,1.98,12.35,12.36,12.12,12.17,12.45,12.12,27134408.0,333649615.0,11:20:36
sh600202,哈空调,6.35,-0.02,-0.314,6.34,6.35,6.37,6.38,6.43,6.23,3822802.0,24191237.0,11:20:36
sh600203,福日电子,13.66,0.38,2.861,13.65,13.66,13.28,13.38,13.76,13.0,43199600.0,578973456.0,11:20:35
sh600206,有研新材,20.28,-0.13,-0.637,20.28,20.29,20.41,20.6,20.6,20.23,7647413.0,156161934.0,11:20:35
sh600207,安彩高科,5.33,-0.16,-2.914,5.32,5.33,5.49,5.54,5.57,5.29,19525020.0,104975012.0,11:20:36
sh600208,衢州发展,4.06,0.0,0.0,4.05,4.06,4.06,4.05,4.08,4.02,22901420.0,92800969.0,11:20:36
sh600210,紫江企业,7.47,0.1,1.357,7.46,7.47,7.37,7.41,7.54,7.4,17623864.0,131754916.0,11:20:36
sh600211,西藏药业,44.46,-0.16,-0.359,44.43,44.48,44.62,44.71,45.0,44.37,1406879.0,62834670.0,11:20:30
sh600212,绿能慧充,8.06,-0.04,-0.494,8.06,8.07,8.1,8.15,8.18,8.03,7940980.0,64303689.0,11:20:34
sh600215,派斯林,7.18,0.03,0.42,7.18,7.19,7.15,7.18,7.25,7.11,3474176.0,24938449.0,11:20:36
sh600216,浙江医药,14.24,0.01,0.07,14.23,14.24,14.23,14.24,14.32,14.19,3685900.0,52505212.0,11:20:32
sh600217,中再资环,4.29,0.03,0.704,4.28,4.29,4.26,4.28,4.3,4.26,6190516.0,26460009.0,11:20:36
sh600218,全柴动力,10.96,-0.29,-2.578,10.95,10.96,11.25,11.08,11.33,10.89,29551084.0,326426141.0,11:20:35
sh600219,南山铝业,4.95,-0.02,-0.402,4.94,4.95,4.97,5.01,5.04,4.92,108950309.0,544542724.0,11:20:36
sh600221,海航控股,1.79,0.03,1.705,1.78,1.79,1.76,1.76,1.81,1.76,318823411.0,567912116.0,11:20:35
sh600222,太龙药业,7.26,0.06,0.833,7.25,7.26,7.2,7.27,7.35,7.12,12755253.0,92223476.0,11:20:36
sh600223,福瑞达,7.95,-0.27,-3.285,7.94,7.95,8.22,8.15,8.17,7.88,22256899.0,177950345.0,11:20:35
sh600226,亨通股份,4.45,0.19,4.46,4.44,4.45,4.26,4.29,4.6,4.29,76127134.0,342364866.0,11:20:36
sh600227,赤天化,2.65,0.05,1.923,2.64,2.65,2.6,2.62,2.67,2.61,19539705.0,51570784.0,11:20:36
sh600228,*ST返利,6.84,0.05,0.736,6.84,6.87,6.79,6.85,7.01,6.8,5837000.0,40187869.0,11:20:33
sh600229,城市传媒,7.04,0.09,1.295,7.03,7.04,6.95,7.05,7.05,6.96,3155301.0,22097240.0,11:20:34
sh600230,沧州大化,12.88,-0.02,-0.155,12.87,12.89,12.9,12.95,13.15,12.81,6303800.0,81855206.0,11:20:35
sh600231,凌钢股份,2.48,0.02,0.813,2.48,2.49,2.46,2.46,2.51,2.41,28283501.0,69755950.0,11:20:36
sh600232,金鹰股份,7.19,0.01,0.139,7.18,7.19,7.18,7.22,7.3,7.03,4406560.0,31550174.0,11:20:35
sh600233,圆通速递,16.68,0.4,2.457,16.67,16.68,16.28,16.29,16.85,16.2,11213893.0,186263571.0,11:20:35
sh600234,科新发展,11.8,0.04,0.34,11.79,11.82,11.76,11.96,12.03,11.7,1187800.0,14083031.0,11:20:25
sh600235,民丰特纸,7.04,0.02,0.285,7.04,7.05,7.02,7.03,7.1,6.96,3067800.0,21577730.0,11:20:35
sh600236,桂冠电力,7.13,0.05,0.706,7.12,7.13,7.08,7.12,7.15,7.06,4770204.0,33892218.0,11:20:32
sh600237,铜峰电子,8.45,0.15,1.807,8.44,8.45,8.3,8.26,8.65,8.26,36402730.0,309128250.0,11:20:35
sh600238,*ST椰岛,6.68,-0.01,-0.149,6.68,6.7,6.69,6.71,6.76,6.59,2300500.0,15359547.0,11:20:35
sh600239,云南城投,2.68,0.02,0.752,2.68,2.69,2.66,2.66,2.72,2.62,28018080.0,74380881.0,11:20:36
sh600241,时代万恒,9.78,0.09,0.929,9.78,9.79,9.69,9.87,9.98,9.48,8076200.0,78284951.0,11:20:35
sh600243,*ST海华,4.96,-0.07,-1.392,4.96,4.98,5.03,5.03,5.07,4.95,3151600.0,15717858.0,11:20:36
sh600246,万通发展,11.67,-0.14,-1.185,11.66,11.67,11.81,11.85,12.07,11.64,29145593.0,344989015.0,11:20:37
sh600248,陕建股份,3.8,0.02,0.529,3.79,3.8,3.78,3.79,3.8,3.77,10736100.0,40580990.0,11:20:36
sh600249,两面针,6.6,-0.18,-2.655,6.59,6.6,6.78,6.75,6.82,6.5,12885000.0,85119708.0,11:20:37
sh600250,南京商旅,10.56,-0.69,-6.133,10.56,10.57,11.25,10.99,11.08,10.35,18865165.0,201038811.0,11:20:36
sh600251,冠农股份,9.32,-0.02,-0.214,9.31,9.32,9.34,9.3,9.52,9.25,13063816.0,122544763.0,11:20:35
sh600252,中恒集团,2.77,-0.01,-0.36,2.77,2.78,2.78,2.77,2.79,2.75,25401122.0,70388034.0,11:20:36
sh600255,鑫科材料,3.73,0.02,0.539,3.72,3.73,3.71,3.72,3.77,3.7,19863301.0,74249506.0,11:20:34
sh600256,广汇能源,5.26,-0.01,-0.19,5.25,5.26,5.27,5.28,5.28,5.25,21005881.0,110456308.0,11:20:34
sh600257,大湖股份,6.59,-0.4,-5.722,6.58,6.59,6.99,6.87,6.87,6.33,85611449.0,558663797.0,11:20:36
sh600258,首旅酒店,15.61,-0.31,-1.947,15.61,15.62,15.92,15.87,15.87,15.55,6653332.0,104342048.0,11:20:35
sh600259,广晟有色,56.07,2.62,4.902,56.0,56.06,53.45,53.5,57.75,53.31,20075033.0,1131920758.0,11:20:35
sh600261,阳光照明,3.54,-0.02,-0.562,3.53,3.54,3.56,3.58,3.58,3.51,7501650.0,26551837.0,11:20:33
sh600262,北方股份,25.65,-0.11,-0.427,25.64,25.65,25.76,25.95,26.1,25.57,1114500.0,28782233.0,11:20:36
sh600265,ST景谷,21.2,-0.28,-1.304,21.13,21.2,21.48,21.57,21.88,21.05,449828.0,9625449.0,11:20:29
sh600266,城建发展,4.88,0.1,2.092,4.87,4.88,4.78,4.78,4.88,4.75,17120188.0,82274992.0,11:20:35
sh600267,海正药业,10.75,0.05,0.467,10.74,10.75,10.7,10.79,10.85,10.69,4876300.0,52502103.0,11:20:37
sh600268,国电南自,10.81,-0.11,-1.007,10.81,10.82,10.92,10.98,11.03,10.8,11654721.0,127178737.0,11:20:35
sh600269,赣粤高速,5.44,0.08,1.493,5.43,5.44,5.36,5.41,5.44,5.39,6701901.0,36263906.0,11:20:35
sh600271,航天信息,8.82,-0.15,-1.672,8.82,8.83,8.97,8.95,8.96,8.77,27089341.0,238961663.0,11:20:34
sh600272,开开实业,14.58,0.58,4.143,14.57,14.58,14.0,14.0,14.99,13.66,17869515.0,256786042.0,11:20:35
sh600273,嘉化能源,8.66,0.01,0.116,8.66,8.67,8.65,8.69,8.73,8.62,7747300.0,67321714.0,11:20:34
sh600276,恒瑞医药,60.71,-0.4,-0.655,60.71,60.72,61.11,61.23,61.65,60.71,12319122.0,752719955.0,11:20:36
sh600278,东方创业,8.1,0.05,0.621,8.1,8.11,8.05,8.03,8.15,7.96,5678465.0,45737691.0,11:20:36
sh600279,重庆港,5.33,-0.01,-0.187,5.32,5.33,5.34,5.34,5.37,5.28,4430700.0,23560176.0,11:20:35
sh600280,中央商场,4.0,-0.31,-7.193,3.99,4.0,4.31,4.74,4.74,3.88,160098009.0,668504517.0,11:20:37
sh600281,华阳新材,6.12,0.02,0.328,6.12,6.13,6.1,6.18,6.28,6.05,6838500.0,42183160.0,11:20:36
sh600282,南钢股份,5.59,0.01,0.179,5.58,5.59,5.58,5.59,5.6,5.51,13645900.0,75770072.0,11:20:36
sh600283,钱江水利,9.55,0.01,0.105,9.54,9.55,9.54,9.53,9.58,9.49,2036020.0,19390532.0,11:20:32
sh600284,浦东建设,7.63,-0.06,-0.78,7.62,7.63,7.69,7.69,7.75,7.61,7846720.0,60289803.0,11:20:36
sh600285,羚锐制药,22.34,0.18,0.812,22.34,22.35,22.16,22.22,22.36,22.21,2257946.0,50352331.0,11:20:35
sh600287,苏豪时尚,5.83,0.0,0.0,5.82,5.83,5.83,5.85,5.88,5.73,2981900.0,17304503.0,11:20:34
sh600288,大恒科技,15.06,0.16,1.074,15.05,15.06,14.9,15.05,15.33,15.04,5509800.0,83599370.0,11:20:36
sh600289,ST信通,6.2,-0.01,-0.161,6.18,6.2,6.21,6.2,6.24,6.16,888700.0,5499603.0,11:20:16
sh600292,远达环保,13.07,-0.1,-0.759,13.07,13.08,13.17,13.2,13.33,13.06,8854451.0,116861872.0,11:20:34
sh600293,三峡新材,3.23,-0.04,-1.223,3.23,3.24,3.27,3.28,3.29,3.21,12132203.0,39289388.0,11:20:36
sh600295,鄂尔多斯,11.6,-0.01,-0.086,11.6,11.61,11.61,11.67,11.72,11.51,4821888.0,56016532.0,11:20:36
sh600298,安琪酵母,39.77,-0.32,-0.798,39.77,39.78,40.09,39.95,40.15,39.61,1817574.0,72388833.0,11:20:36
sh600299,安迪苏,9.54,-0.01,-0.105,9.53,9.54,9.55,9.57,9.63,9.52,2987400.0,28600658.0,11:20:32
sh600300,维维股份,3.56,-0.04,-1.111,3.56,3.57,3.6,3.6,3.61,3.5,26780600.0,94749669.0,11:20:34
sh600301,华锡有色,36.64,1.54,4.387,36.62,36.63,35.1,35.6,37.66,35.36,13848976.0,510129923.0,11:20:37
sh600302,标准股份,9.96,0.14,1.426,9.96,9.97,9.82,9.83,9.99,9.76,7626000.0,75138012.0,11:20:35
sh600303,曙光股份,3.61,-0.03,-0.824,3.6,3.61,3.64,3.69,3.7,3.55,18043100.0,64988956.0,11:20:35
sh600305,恒顺醋业,8.13,-0.09,-1.095,8.12,8.13,8.22,8.22,8.23,8.07,8746539.0,71071109.0,11:20:36
sh600307,酒钢宏兴,1.67,0.01,0.602,1.66,1.67,1.66,1.67,1.69,1.65,41523000.0,69245456.0,11:20:35
sh600308,华泰股份,4.03,-0.02,-0.494,4.02,4.03,4.05,4.11,4.12,3.98,21456545.0,86718533.0,11:20:34
sh600309,万华化学,65.14,-0.47,-0.716,65.08,65.12,65.61,65.97,66.47,64.8,10492669.0,688765488.0,11:20:36
sh600310,广西能源,3.96,0.01,0.253,3.95,3.96,3.95,3.96,3.98,3.93,7690500.0,30365765.0,11:20:37
sh600312,平高电气,17.41,-0.05,-0.286,17.4,17.41,17.46,17.67,17.86,17.37,13289221.0,233227560.0,11:20:36
sh600313,农发种业,6.67,0.02,0.301,6.67,6.68,6.65,6.65,6.68,6.56,10474300.0,69252296.0,11:20:36
sh600315,上海家化,23.6,-0.4,-1.667,23.6,23.61,24.0,24.0,24.03,23.5,2530601.0,59935793.0,11:20:34
sh600316,洪都航空,33.49,-0.46,-1.355,33.48,33.49,33.95,33.65,33.8,33.41,2624050.0,88008010.0,11:20:37
sh600318,新力金融,8.93,0.01,0.112,8.92,8.93,8.92,9.0,9.05,8.88,3924530.0,35098981.0,11:20:34
sh600319,亚星化学,10.91,0.14,1.3,10.91,10.92,10.77,11.85,11.85,10.29,58894449.0,670407423.0,11:20:34
sh600320,振华重工,4.73,-0.02,-0.421,4.73,4.74,4.75,4.75,4.76,4.7,19263606.0,90960146.0,11:20:36
sh600322,津投城开,2.57,0.0,0.0,2.57,2.58,2.57,2.57,2.58,2.5,20467000.0,51968677.0,11:20:36
sh600323,瀚蓝环境,30.02,0.16,0.536,30.02,30.04,29.86,29.81,30.12,29.71,1402789.0,41971764.0,11:20:34
sh600325,华发股份,4.82,0.05,1.048,4.82,4.83,4.77,4.75,4.83,4.71,23175819.0,110199268.0,11:20:36
sh600326,西藏天路,11.34,-0.1,-0.874,11.34,11.35,11.44,11.44,11.52,11.28,20503235.0,233430133.0,11:20:36
sh600327,大东方,5.24,-0.18,-3.321,5.23,5.24,5.42,5.42,5.42,5.15,61130128.0,319606794.0,11:20:36
sh600328,中盐化工,8.97,-0.04,-0.444,8.97,8.98,9.01,8.99,9.34,8.88,46821098.0,425660639.0,11:20:36
sh600329,达仁堂,46.72,0.21,0.452,46.71,46.72,46.51,46.78,46.95,46.47,1877800.0,87649846.0,11:20:34
sh600330,天通股份,9.32,-0.02,-0.214,9.31,9.32,9.34,9.45,9.51,9.3,14068247.0,132383295.0,11:20:36
sh600331,宏达股份,11.98,0.89,8.025,11.98,11.99,11.09,11.1,12.2,11.1,107485512.0,1280331957.0,11:20:35
sh600332,白云山,26.49,0.11,0.417,26.49,26.5,26.38,26.52,26.55,26.39,2987100.0,79071599.0,11:20:33
sh600333,长春燃气,6.92,0.02,0.29,6.91,6.92,6.9,6.87,6.93,6.63,26983341.0,183041635.0,11:20:34
sh600335,国机汽车,6.25,-0.01,-0.16,6.24,6.25,6.26,6.26,6.27,6.22,5226200.0,32623671.0,11:20:35
sh600336,澳柯玛,7.54,-0.15,-1.951,7.54,7.55,7.69,7.78,7.78,7.48,10357900.0,78250265.0,11:20:35
sh600337,美克家居,2.49,0.0,0.0,2.48,2.49,2.49,2.5,2.53,2.44,26399000.0,65625470.0,11:20:37
sh600338,西藏珠峰,16.88,0.49,2.99,16.88,16.89,16.39,16.42,17.17,16.21,93341422.0,1568202340.0,11:20:34
sh600339,中油工程,3.57,-0.03,-0.833,3.56,3.57,3.6,3.59,3.61,3.55,18675800.0,66701478.0,11:20:32
sh600340,华夏幸福,3.36,-0.08,-2.326,3.35,3.36,3.44,3.4,3.57,3.12,550868709.0,1808974616.0,11:20:37
sh600343,航天动力,17.91,1.63,10.012,17.91,0.0,16.28,16.26,17.91,16.2,34929677.0,610267120.0,11:20:33
sh600345,长江通信,24.13,0.14,0.584,24.11,24.13,23.99,24.33,24.37,23.9,1280400.0,30808006.0,11:20:37
sh600346,恒力石化,19.33,-0.44,-2.226,19.32,19.33,19.77,19.77,19.77,19.18,11365649.0,220584936.0,11:20:36
sh600348,华阳股份,8.2,-0.1,-1.205,8.19,8.2,8.3,8.37,8.46,8.11,42687681.0,353108121.0,11:20:34
sh600350,山东高速,9.55,0.12,1.273,9.54,9.55,9.43,9.55,9.59,9.45,3840800.0,36515368.0,11:20:36
sh600351,亚宝药业,6.67,-0.01,-0.15,6.66,6.67,6.68,6.66,6.71,6.63,6482638.0,43234627.0,11:20:35
sh600352,浙江龙盛,10.86,-0.07,-0.64,10.85,10.86,10.93,10.93,10.99,10.78,14334039.0,155995657.0,11:20:34
sh600353,旭光电子,14.5,-0.3,-2.027,14.5,14.51,14.8,14.88,15.0,14.45,13595760.0,199016631.0,11:20:34
sh600354,敦煌种业,6.61,-0.02,-0.302,6.6,6.61,6.63,6.62,6.63,6.48,11630901.0,76122427.0,11:20:36
sh600355,*ST精伦,3.04,-0.08,-2.564,3.04,3.05,3.12,3.12,3.12,3.01,9714502.0,29650756.0,11:20:35
sh600356,恒丰纸业,9.25,0.02,0.217,9.24,9.26,9.23,9.26,9.31,9.18,2314000.0,21400061.0,11:20:35
sh600358,ST联合,5.91,-0.09,-1.5,5.9,5.91,6.0,5.99,6.01,5.87,4559900.0,27021008.0,11:20:37
sh600359,新农开发,7.24,-0.04,-0.549,7.23,7.24,7.28,7.34,7.34,7.14,3940401.0,28431095.0,11:20:37
sh600360,*ST华微,7.97,-0.07,-0.871,7.98,7.99,8.04,8.1,8.13,7.95,6414812.0,51537802.0,11:20:33
sh600361,创新新材,4.5,0.0,0.0,4.5,4.51,4.5,4.5,4.56,4.47,20424187.0,92275077.0,11:20:36
sh600362,江西铜业,37.37,-0.03,-0.08,37.37,37.38,37.4,37.74,38.1,37.32,17339326.0,655014805.0,11:20:37
sh600363,联创光电,55.62,-1.21,-2.129,55.61,55.62,56.83,56.9,57.3,55.48,4174200.0,234281228.0,11:20:36
sh600365,ST通葡,3.26,-0.1,-2.976,3.26,3.27,3.36,3.35,3.37,3.23,6174800.0,20361732.0,11:20:34
sh600366,宁波韵升,13.09,0.07,0.538,13.09,13.1,13.02,13.01,13.29,13.0,12680169.0,167263013.0,11:20:36
sh600367,红星发展,18.55,0.88,4.98,18.54,18.55,17.67,17.9,19.44,17.71,35030650.0,661746404.0,11:20:35
sh600368,五洲交通,4.29,0.01,0.234,4.28,4.29,4.28,4.29,4.3,4.26,8071094.0,34540609.0,11:20:37
sh600369,西南证券,4.63,0.01,0.216,4.63,4.64,4.62,4.69,4.72,4.63,22141500.0,103328208.0,11:20:38
sh600370,三房巷,2.46,-0.07,-2.767,2.45,2.46,2.53,2.54,2.56,2.42,42417750.0,104796729.0,11:20:36
sh600371,万向德农,9.55,-0.01,-0.105,9.55,9.56,9.56,9.58,9.58,9.4,4258041.0,40417139.0,11:20:39
sh600372,中航机载,12.31,-0.13,-1.045,12.31,12.32,12.44,12.4,12.41,12.27,20579102.0,253889568.0,11:20:37
sh600373,中文传媒,11.18,0.02,0.179,11.18,11.19,11.16,11.14,11.25,11.09,6001000.0,67035145.0,11:20:36
sh600375,汉马科技,6.61,-0.11,-1.637,6.6,6.61,6.72,6.7,6.76,6.58,14939700.0,99093124.0,11:20:34
sh600376,首开股份,6.13,-0.41,-6.269,6.12,6.13,6.54,6.22,6.54,6.02,246695000.0,1542513022.0,11:20:36
sh600377,宁沪高速,13.4,-0.02,-0.149,13.4,13.41,13.42,13.41,13.44,13.29,3937600.0,52563479.0,11:20:37
sh600378,昊华科技,31.54,-0.05,-0.158,31.53,31.54,31.59,31.81,32.25,31.34,4776105.0,152175473.0,11:20:37
sh600379,宝光股份,12.01,-0.08,-0.662,12.01,12.02,12.09,12.14,12.23,11.95,2756783.0,33314543.0,11:20:38
sh600380,健康元,12.15,0.04,0.33,12.15,12.16,12.11,12.15,12.2,12.1,5324595.0,64662628.0,11:20:36
sh600381,*ST春天,4.52,-0.12,-2.586,4.52,4.53,4.64,4.65,4.67,4.5,3651289.0,16696996.0,11:20:36
sh600382,广东明珠,7.01,0.0,0.0,7.0,7.01,7.01,7.0,7.07,6.95,6538517.0,45872131.0,11:20:36
sh600383,金地集团,3.85,0.14,3.774,3.85,3.86,3.71,3.72,3.87,3.67,65087299.0,245291912.0,11:20:38
sh600386,北巴传媒,4.82,0.03,0.626,4.81,4.82,4.79,4.82,4.84,4.73,7783500.0,37217683.0,11:20:38
sh600388,龙净环保,15.82,-0.13,-0.815,15.82,15.83,15.95,15.96,16.1,15.75,3532251.0,56170373.0,11:20:37
sh600389,江山股份,22.96,0.08,0.35,22.97,22.99,22.88,22.76,23.14,22.61,3284070.0,75018749.0,11:20:39
sh600390,五矿资本,5.82,0.02,0.345,5.81,5.82,5.8,5.87,5.88,5.79,15603068.0,91066135.0,11:20:37
sh600391,航发科技,27.16,-0.25,-0.912,27.15,27.16,27.41,27.48,27.49,26.95,3062100.0,83221007.0,11:20:38
sh600392,盛和资源,21.23,0.15,0.712,21.23,21.24,21.08,20.97,21.68,20.91,40409952.0,866867693.0,11:20:37
sh600395,盘江股份,5.03,-0.01,-0.198,5.03,5.04,5.04,5.04,5.07,5.01,7861500.0,39621860.0,11:20:36
sh600396,华电辽能,3.13,0.0,0.0,3.13,3.14,3.13,3.12,3.16,3.1,7704100.0,24083260.0,11:20:38
sh600397,江钨装备,6.72,0.0,0.0,6.72,6.73,6.72,6.73,6.82,6.68,7109700.0,47899019.0,11:20:33
sh600398,海澜之家,6.35,0.09,1.438,6.34,6.35,6.26,6.27,6.39,6.26,18934125.0,119924691.0,11:20:38
sh600399,抚顺特钢,5.45,-0.05,-0.909,5.44,5.45,5.5,5.5,5.51,5.41,15683567.0,85621177.0,11:20:38
sh600400,红豆股份,2.67,-0.06,-2.198,2.67,2.68,2.73,2.73,2.78,2.61,45544000.0,121708637.0,11:20:36
sh600403,大有能源,8.6,-0.63,-6.826,8.6,8.61,9.23,8.8,9.08,8.41,70837481.0,614542250.0,11:20:36
sh600405,动力源,5.6,-0.05,-0.885,5.59,5.6,5.65,5.63,5.72,5.57,6323300.0,35483518.0,11:20:39
sh600406,国电南瑞,23.0,-0.08,-0.347,23.0,23.01,23.08,23.12,23.26,22.94,16817017.0,388295098.0,11:20:36
sh600408,安泰集团,5.17,-0.44,-7.843,5.17,5.18,5.61,5.31,5.45,5.06,146797261.0,757735928.0,11:20:36
sh600409,三友化工,6.3,-0.24,-3.67,6.3,6.31,6.54,6.5,6.53,6.25,49188900.0,313712848.0,11:20:38
sh600410,华胜天成,22.64,0.97,4.476,22.63,22.64,21.67,21.73,23.48,20.88,329289995.0,7338425123.0,11:20:36
sh600415,小商品城,15.91,-0.04,-0.251,15.9,15.91,15.95,16.05,16.08,15.78,21073492.0,335051423.0,11:20:38
sh600416,湘电股份,14.02,-0.24,-1.683,14.0,14.02,14.26,14.17,14.17,13.96,12677602.0,178255800.0,11:20:37
sh600418,江淮汽车,49.08,-0.9,-1.801,49.08,49.09,49.98,49.53,50.1,48.7,18056078.0,889870290.0,11:20:38
sh600419,天润乳业,10.07,-0.08,-0.788,10.06,10.07,10.15,10.19,10.25,9.98,2830900.0,28533732.0,11:20:33
sh600420,国药现代,10.46,0.03,0.288,10.45,10.46,10.43,10.46,10.49,10.42,2448100.0,25603276.0,11:20:35
sh600421,*ST华嵘,6.97,-0.18,-2.517,6.97,6.98,7.15,7.1,7.15,6.87,3018100.0,21123791.0,11:20:11
sh600422,昆药集团,13.53,0.04,0.297,13.52,13.53,13.49,13.5,13.56,13.46,1547900.0,20905126.0,11:20:38
sh600423,柳化股份,4.16,-0.05,-1.188,4.15,4.16,4.21,4.21,4.23,4.12,10642566.0,44392738.0,11:20:34
sh600425,青松建化,4.53,0.04,0.891,4.52,4.53,4.49,4.48,4.56,4.48,15029120.0,68017670.0,11:20:37
sh600426,华鲁恒升,28.0,-0.11,-0.391,27.99,28.01,28.11,27.98,28.61,27.77,7962360.0,224359523.0,11:20:37
sh600428,中远海特,7.0,-0.09,-1.269,6.99,7.0,7.09,7.06,7.08,6.97,11998300.0,84096139.0,11:20:37
sh600429,三元股份,5.56,-0.45,-7.488,5.56,5.57,6.01,5.77,5.81,5.49,66933373.0,375819405.0,11:20:36
sh600433,冠豪高新,3.34,0.01,0.3,3.33,3.34,3.33,3.35,3.36,3.3,8185555.0,27262491.0,11:20:35
sh600435,北方导航,13.65,-0.22,-1.586,13.64,13.65,13.87,13.8,13.9,13.63,14072182.0,192770106.0,11:20:36
sh600436,片仔癀,176.29,0.08,0.045,176.29,176.3,176.21,176.21,176.7,176.0,583177.0,102776478.0,11:20:38
sh600438,通威股份,25.02,-0.89,-3.435,25.02,25.03,25.91,25.6,25.66,25.0,59195099.0,1495484928.0,11:20:36
sh600439,瑞贝卡,3.1,-0.05,-1.587,3.09,3.1,3.15,3.15,3.16,3.05,18393515.0,56827248.0,11:20:37
sh600444,国机通用,19.42,0.56,2.969,19.41,19.42,18.86,18.92,19.76,18.83,5976601.0,115898585.0,11:20:37
sh600446,金证股份,15.62,-0.05,-0.319,15.61,15.62,15.67,15.96,15.99,15.52,9214851.0,145193792.0,11:20:36
sh600448,华纺股份,3.54,-0.02,-0.562,3.53,3.54,3.56,3.6,3.63,3.45,20805260.0,73477414.0,11:20:36
sh600449,宁夏建材,13.16,0.0,0.0,13.16,13.17,13.16,13.19,13.23,13.05,3795858.0,49860082.0,11:20:35
sh600452,涪陵电力,9.41,-0.01,-0.106,9.41,9.42,9.42,9.43,9.46,9.38,6394612.0,60200310.0,11:20:20
sh600455,博通股份,27.33,-0.25,-0.906,27.32,27.33,27.58,27.59,27.86,26.85,806400.0,22055406.0,11:20:28
sh600456,宝钛股份,32.65,0.05,0.153,32.63,32.65,32.6,32.53,32.98,32.49,5847933.0,191556953.0,11:20:38
sh600458,时代新材,13.32,0.03,0.226,13.31,13.32,13.29,13.34,13.45,13.28,3424700.0,45766989.0,11:20:38
sh600459,贵研铂业,17.59,0.26,1.5,17.59,17.6,17.33,17.3,18.14,17.22,28936437.0,513605934.0,11:20:37
sh600460,士兰微,28.18,0.16,0.571,28.18,28.19,28.02,28.29,28.53,28.13,13880177.0,393047560.0,11:20:39
sh600461,洪城环境,9.4,0.06,0.642,9.39,9.4,9.34,9.34,9.41,9.32,3319200.0,31103333.0,11:20:36
sh600463,空港股份,11.59,-0.03,-0.258,11.59,11.6,11.62,11.61,11.72,11.34,2350400.0,27030035.0,11:20:37
sh600467,好当家,2.89,-0.12,-3.987,2.88,2.89,3.01,3.31,3.31,2.82,287413554.0,890383246.0,11:20:36
sh600468,百利电气,6.34,-0.13,-2.009,6.34,6.35,6.47,6.47,6.52,6.32,15871803.0,101423397.0,11:20:37
sh600469,风神股份,6.93,-0.01,-0.144,6.93,6.94,6.94,6.97,7.02,6.81,4982000.0,34568971.0,11:20:34
sh600470,六国化工,6.82,0.03,0.442,6.82,6.83,6.79,6.83,6.97,6.74,14743071.0,101276615.0,11:20:36
sh600475,华光环能,16.77,-0.66,-3.787,16.76,16.77,17.43,17.29,17.33,16.69,10021394.0,169598675.0,11:20:37
sh600476,湘邮科技,17.12,0.06,0.352,17.11,17.12,17.06,17.1,17.35,16.81,2429300.0,41580927.0,11:20:38
sh600477,杭萧钢构,2.9,-0.04,-1.361,2.9,2.91,2.94,2.94,2.95,2.88,30919600.0,89745302.0,11:20:39
sh600478,科力远,7.69,0.18,2.397,7.68,7.69,7.51,7.58,7.94,7.55,55354945.0,427122795.0,11:20:37
sh600479,千金药业,10.69,0.07,0.659,10.68,10.69,10.62,10.67,10.69,10.6,2212100.0,23541141.0,11:20:39
sh600480,凌云股份,11.46,-0.13,-1.122,11.45,11.46,11.59,11.64,11.71,11.41,9637100.0,111146871.0,11:20:39
sh600481,双良节能,6.23,-0.05,-0.796,6.22,6.23,6.28,6.31,6.33,6.21,19990294.0,125195585.0,11:20:37
sh600482,中国动力,20.45,-0.37,-1.777,20.45,20.46,20.82,20.6,20.6,20.36,16582928.0,339097990.0,11:20:37
sh600483,福能股份,10.23,-0.01,-0.098,10.22,10.23,10.24,10.25,10.28,10.17,5199841.0,53086795.0,11:20:37
sh600486,扬农化工,64.99,-0.51,-0.779,64.9,65.0,65.5,65.75,66.8,64.11,1634709.0,107079214.0,11:20:33
sh600487,亨通光电,19.63,-0.37,-1.85,19.62,19.63,20.0,20.21,20.28,19.6,26157286.0,519271797.0,11:20:38
sh600488,津药药业,4.4,0.0,0.0,4.39,4.4,4.4,4.42,4.42,4.35,4179200.0,18309325.0,11:20:37
sh600489,中金黄金,22.43,-0.29,-1.276,22.42,22.44,22.72,22.49,23.0,22.38,50816828.0,1150083888.0,11:20:39
sh600490,鹏欣资源,7.74,-0.12,-1.527,7.74,7.75,7.86,7.8,7.96,7.73,32661617.0,256255442.0,11:20:38
sh600491,龙元建设,3.2,-0.01,-0.312,3.19,3.2,3.21,3.21,3.22,3.15,9931600.0,31620797.0,11:20:38
sh600493,凤竹纺织,7.79,-0.19,-2.381,7.78,7.79,7.98,8.14,8.14,7.61,11401300.0,88761353.0,11:20:39
sh600495,晋西车轴,5.07,-0.03,-0.588,5.06,5.07,5.1,5.11,5.13,5.01,7653840.0,38711494.0,11:20:38
sh600496,精工钢构,4.2,0.04,0.962,4.19,4.2,4.16,4.18,4.2,4.15,13519219.0,56487351.0,11:20:38
sh600497,驰宏锌锗,6.67,0.19,2.932,6.66,6.67,6.48,6.47,6.86,6.45,129181770.0,867611569.0,11:20:38
sh600498,烽火通信,22.61,-0.17,-0.746,22.6,22.61,22.78,22.93,23.05,22.55,10225240.0,232620699.0,11:20:39
sh600499,科达制造,14.05,0.07,0.501,14.04,14.05,13.98,13.9,14.54,13.75,40916340.0,580461201.0,11:20:39
sh600500,中化国际,4.27,-0.01,-0.234,4.27,4.28,4.28,4.3,4.33,4.25,11237100.0,48308506.0,11:20:34
sh600501,航天晨光,21.12,0.54,2.624,21.1,21.12,20.58,20.67,21.18,20.55,4781994.0,99725921.0,11:20:37
sh600502,安徽建工,4.81,0.05,1.05,4.8,4.81,4.76,4.76,4.81,4.76,6786028.0,32433099.0,11:20:38
sh600503,华丽家族,3.18,0.13,4.262,3.17,3.18,3.05,3.06,3.18,3.02,47126716.0,146742400.0,11:20:37
sh600505,西昌电力,13.1,0.0,0.0,13.09,13.11,13.1,13.15,13.18,13.03,2769870.0,36257443.0,11:20:39
sh600506,统一股份,29.91,0.61,2.082,29.9,29.91,29.3,28.5,30.23,27.13,23010581.0,662833464.0,11:20:38
sh600507,方大特钢,6.17,0.0,0.0,6.16,6.17,6.17,6.12,6.22,6.12,8365282.0,51589602.0,11:20:33
sh600508,上海能源,12.89,-0.1,-0.77,12.89,12.9,12.99,13.0,13.03,12.83,2263400.0,29241201.0,11:20:39
sh600509,天富能源,8.68,0.24,2.844,8.67,8.68,8.44,8.38,8.95,8.36,47896722.0,418857391.0,11:20:38
sh600510,黑牡丹,9.43,0.08,0.856,9.41,9.43,9.35,9.46,9.65,9.32,6093514.0,57775281.0,11:20:36
sh600511,国药股份,29.48,0.11,0.375,29.47,29.49,29.37,29.41,29.51,29.33,2392500.0,70398363.0,11:20:36
sh600512,腾达建设,2.58,0.02,0.781,2.57,2.58,2.56,2.58,2.58,2.53,14717528.0,37700417.0,11:20:39
sh600513,联环药业,20.22,-0.56,-2.695,20.21,20.22,20.78,20.74,20.95,20.1,10639369.0,216931315.0,11:20:39
sh600515,海南机场,5.15,0.16,3.206,5.15,5.16,4.99,4.98,5.2,4.97,138610660.0,710135122.0,11:20:38
sh600516,方大炭素,6.91,-0.01,-0.145,6.9,6.91,6.92,6.7,7.1,6.65,205507170.0,1421665598.0,11:20:39
sh600517,国网英大,6.3,0.01,0.159,6.3,6.31,6.29,6.36,6.4,6.29,13050498.0,82606547.0,11:20:39
sh600518,康美药业,2.05,0.01,0.49,2.04,2.05,2.04,2.04,2.06,2.03,92021491.0,188031410.0,11:20:39
sh600519,贵州茅台,1472.96,1.95,0.133,1472.96,1473.0,1471.01,1472.0,1475.55,1465.55,1193910.0,1754839101.0,11:20:37
sh600520,三佳科技,27.56,0.36,1.324,27.56,27.57,27.2,27.12,27.66,27.12,2507961.0,68954914.0,11:20:36
sh600521,华海药业,17.65,-0.15,-0.843,17.64,17.65,17.8,17.98,18.03,17.58,10564655.0,187740713.0,11:20:38
sh600522,中天科技,16.12,-0.1,-0.617,16.12,16.13,16.22,16.35,16.4,16.12,20023596.0,326438244.0,11:20:39
sh600523,贵航股份,14.26,0.03,0.211,14.24,14.25,14.23,14.23,14.27,14.19,1511583.0,21478837.0,11:20:35
sh600525,ST长园,3.68,-0.06,-1.604,3.67,3.68,3.74,3.71,3.81,3.66,18186344.0,67982765.0,11:20:38
sh600526,菲达环保,5.56,0.01,0.18,5.56,5.57,5.55,5.56,5.6,5.52,6758300.0,37556865.0,11:20:35
sh600527,江南高纤,2.33,-0.02,-0.851,2.33,2.34,2.35,2.36,2.37,2.29,33747620.0,78495393.0,11:20:38
sh600528,中铁工业,8.28,0.02,0.242,8.27,8.28,8.26,8.29,8.3,8.24,5150746.0,42577708.0,11:20:37
sh600529,山东药玻,20.94,-0.04,-0.191,20.93,20.94,20.98,20.95,21.03,20.9,2148567.0,45005170.0,11:20:37
sh600530,交大昂立,7.59,0.0,0.0,7.57,7.59,7.59,7.59,7.63,7.51,2667658.0,20171262.0,11:20:37
sh600531,豫光金铅,11.08,-0.17,-1.511,11.08,11.09,11.25,11.15,11.35,11.06,24261387.0,271811363.0,11:20:38
sh600533,栖霞建设,2.84,0.04,1.429,2.84,2.85,2.8,2.81,2.85,2.74,17136000.0,47703597.0,11:20:37
sh600535,天士力,15.26,0.04,0.263,15.25,15.26,15.22,15.25,15.3,15.21,4201900.0,64092268.0,11:20:35
sh600536,中国软件,47.08,-1.11,-2.303,47.09,47.1,48.19,48.3,48.54,47.0,10871287.0,516457744.0,11:20:39
sh600537,亿晶光电,4.4,-0.1,-2.222,4.39,4.4,4.5,4.52,4.55,4.36,72573348.0,321363277.0,11:20:38
sh600538,国发股份,5.76,0.03,0.524,5.76,5.77,5.73,5.7,5.79,5.68,5414700.0,31014409.0,11:20:38
sh600539,狮头股份,11.27,0.0,0.0,11.27,11.28,11.27,11.36,11.43,11.13,2055500.0,23162036.0,11:20:38
sh600540,新赛股份,5.02,-0.02,-0.397,5.01,5.02,5.04,5.09,5.09,4.93,7378800.0,36793902.0,11:20:38
sh600543,莫高股份,6.42,0.0,0.0,6.41,6.42,6.42,6.45,6.54,6.28,4200600.0,26925276.0,11:20:38
sh600545,卓郎智能,2.86,-0.04,-1.379,2.85,2.86,2.9,2.89,2.91,2.83,15386900.0,43984086.0,11:20:38
sh600546,山煤国际,10.96,-0.09,-0.814,10.95,10.96,11.05,11.0,11.06,10.87,10913600.0,119462806.0,11:20:38
sh600547,山东黄金,36.03,-0.45,-1.234,36.02,36.03,36.48,36.0,36.55,35.9,17795742.0,644474100.0,11:20:40
sh600548,深高速,10.07,0.05,0.499,10.06,10.07,10.02,10.04,10.07,10.0,1312100.0,13166943.0,11:20:37
sh600549,厦门钨业,33.56,-0.16,-0.474,33.55,33.56,33.72,33.69,34.42,33.39,23522758.0,802255499.0,11:20:40
sh600550,保变电气,10.23,-0.11,-1.064,10.22,10.24,10.34,10.35,10.47,10.15,69396890.0,713874166.0,11:20:37
sh600551,时代出版,8.7,0.0,0.0,8.69,8.7,8.7,8.72,8.77,8.66,3697721.0,32213826.0,11:20:39
sh600552,凯盛科技,11.63,0.07,0.606,11.63,11.64,11.56,11.59,11.75,11.59,7610700.0,88819882.0,11:20:38
sh600556,天下秀,6.37,-0.25,-3.776,6.36,6.37,6.62,6.62,6.71,6.31,143956770.0,930012201.0,11:20:38
sh600557,康缘药业,15.33,0.09,0.591,15.31,15.33,15.24,15.27,15.37,15.1,4217601.0,64314526.0,11:20:38
sh600558,大西洋,5.67,0.0,0.0,5.66,5.67,5.67,5.65,5.73,5.61,8099100.0,45919857.0,11:20:37
sh600559,老白干酒,16.77,0.02,0.119,16.76,16.77,16.75,16.8,16.8,16.66,4047994.0,67645085.0,11:20:40
sh600560,金自天正,17.5,0.0,0.0,17.48,17.49,17.5,17.59,17.7,17.3,1284600.0,22431691.0,11:20:36
sh600561,江西长运,7.29,-0.01,-0.137,7.29,7.3,7.3,7.32,7.37,7.19,3649800.0,26601380.0,11:20:38
sh600562,国睿科技,26.74,-0.57,-2.087,26.73,26.74,27.31,27.32,27.32,26.68,4762400.0,128129098.0,11:20:37
sh600563,法拉电子,109.1,-2.75,-2.459,109.1,109.12,111.85,112.5,113.2,109.0,2137950.0,236765898.0,11:20:39
sh600566,济川药业,26.65,-0.04,-0.15,26.65,26.66,26.69,26.78,26.94,26.5,3502654.0,93315979.0,11:20:37
sh600567,山鹰国际,1.8,0.01,0.559,1.79,1.8,1.79,1.79,1.81,1.78,75930836.0,135981487.0,11:20:38
sh600568,ST中珠,2.29,0.03,1.327,2.28,2.29,2.26,2.25,2.29,2.18,22476888.0,50142273.0,11:20:39
sh600569,安阳钢铁,2.44,-0.02,-0.813,2.43,2.44,2.46,2.45,2.47,2.41,27751954.0,67537045.0,11:20:37
sh600570,恒生电子,29.12,-0.39,-1.322,29.11,29.12,29.51,29.86,29.88,29.0,15546263.0,455131952.0,11:20:37
sh600571,信雅达,16.19,0.08,0.497,16.18,16.19,16.11,16.2,16.39,16.04,5108106.0,82784074.0,11:20:39
sh600572,康恩贝,4.66,0.02,0.431,4.65,4.66,4.64,4.65,4.67,4.63,9592400.0,44580791.0,11:20:38
sh600573,惠泉啤酒,12.08,-0.03,-0.248,12.07,12.08,12.11,12.11,12.19,11.88,2586000.0,31102325.0,11:20:37
sh600575,淮河能源,3.7,-0.04,-1.07,3.7,3.71,3.74,3.74,3.75,3.69,22960500.0,85136642.0,11:20:38
sh600576,祥源文旅,7.42,-0.12,-1.592,7.42,7.43,7.54,7.48,7.52,7.36,14197799.0,105136245.0,11:20:38
sh600577,精达股份,10.63,-0.41,-3.714,10.62,10.63,11.04,11.13,11.15,10.61,66889017.0,722737896.0,11:20:38
sh600578,京能电力,4.58,0.01,0.219,4.58,4.59,4.57,4.59,4.62,4.57,11747000.0,53935288.0,11:20:39
sh600579,中化装备,9.35,0.02,0.214,9.33,9.34,9.33,9.3,9.41,9.2,5512911.0,51166171.0,11:20:37
sh600580,卧龙电驱,40.72,-0.97,-2.327,40.7,40.72,41.69,42.09,42.09,40.7,31947578.0,1318073149.0,11:20:39
sh600581,八一钢铁,3.7,0.04,1.093,3.69,3.7,3.66,3.64,3.72,3.64,18289339.0,67428842.0,11:20:35
sh600582,天地科技,6.03,-0.02,-0.331,6.03,6.04,6.05,6.07,6.07,6.02,10302400.0,62252346.0,11:20:38
sh600583,海油工程,5.69,-0.01,-0.175,5.68,5.69,5.7,5.67,5.71,5.64,20163210.0,114225702.0,11:20:38
sh600584,长电科技,36.38,-0.21,-0.574,36.37,36.38,36.59,36.99,37.08,36.36,13991795.0,513460572.0,11:20:38
sh600585,海螺水泥,23.35,0.36,1.566,23.35,23.36,22.99,23.01,23.36,22.99,12656301.0,293299357.0,11:20:39
sh600586,金晶科技,5.99,-0.11,-1.803,5.99,6.0,6.1,6.1,6.13,5.94,22758338.0,137390604.0,11:20:38
sh600587,新华医疗,15.23,-0.07,-0.458,15.23,15.24,15.3,15.32,15.36,15.2,2386090.0,36399952.0,11:20:40
sh600588,用友网络,14.47,-0.34,-2.296,14.47,14.48,14.81,14.88,14.94,14.38,27440492.0,399597694.0,11:20:39
sh600589,大位科技,7.28,-0.1,-1.355,7.27,7.28,7.38,7.38,7.42,7.25,19736174.0,144201179.0,11:20:38
sh600590,泰豪科技,9.08,-0.08,-0.873,9.07,9.08,9.16,9.15,9.18,9.05,6994016.0,63549998.0,11:20:36
sh600592,龙溪股份,23.07,-0.6,-2.535,23.06,23.07,23.67,23.48,23.58,22.9,11777170.0,273091610.0,11:20:38
sh600593,大连圣亚,56.72,0.42,0.746,56.71,56.72,56.3,54.98,57.44,54.17,7685729.0,429804195.0,11:20:37
sh600594,益佰制药,4.33,-0.02,-0.46,4.32,4.33,4.35,4.37,4.37,4.26,6945600.0,29990048.0,11:20:39
sh600595,中孚实业,6.71,0.11,1.667,6.7,6.71,6.6,6.6,6.78,6.6,34559600.0,231843052.0,11:20:38
sh600596,新安股份,11.96,-0.32,-2.606,11.95,11.96,12.28,12.19,12.49,11.87,45767338.0,556927631.0,11:20:40
sh600597,光明乳业,8.59,-0.08,-0.923,8.59,8.6,8.67,8.69,8.69,8.53,5691600.0,48865178.0,11:20:38
sh600598,北大荒,15.07,0.01,0.066,15.07,15.08,15.06,14.96,15.12,14.92,13481526.0,202240684.0,11:20:39
sh600599,*ST熊猫,10.07,-0.21,-2.043,10.06,10.07,10.28,10.23,10.34,10.04,1576203.0,15986847.0,11:20:25
sh600600,青岛啤酒,65.39,0.2,0.307,65.38,65.39,65.19,65.19,65.46,65.06,1420700.0,92628788.0,11:20:38
sh600601,方正科技,12.48,0.92,7.958,12.48,12.49,11.56,12.0,12.72,11.99,384547509.0,4779978014.0,11:20:38
sh600602,云赛智联,18.88,-0.08,-0.422,18.87,18.88,18.96,19.02,19.08,18.73,5511071.0,104077442.0,11:20:35
sh600603,广汇物流,7.06,0.07,1.001,7.05,7.06,6.99,7.05,7.08,6.96,6811784.0,47771380.0,11:20:38
sh600604,市北高新,5.83,0.07,1.215,5.83,5.84,5.76,5.75,5.84,5.7,7777343.0,44860013.0,11:20:38
sh600605,汇通能源,27.96,-0.14,-0.498,27.91,27.96,28.1,28.12,28.35,27.55,1006700.0,28073420.0,11:20:39
sh600606,绿地控股,1.81,0.02,1.117,1.81,1.82,1.79,1.8,1.82,1.77,83395323.0,149458614.0,11:20:39
sh600608,*ST沪科,4.39,-0.01,-0.227,4.4,4.41,4.4,4.41,4.5,4.36,936800.0,4136068.0,11:20:28
sh600609,金杯汽车,4.99,0.09,1.837,4.99,5.0,4.9,5.08,5.15,4.91,22748401.0,113851547.0,11:20:40
sh600610,中毅达,12.14,0.4,3.407,12.13,12.14,11.74,11.97,12.5,11.85,37526542.0,457355708.0,11:20:38
sh600611,大众交通,5.58,-0.01,-0.179,5.57,5.58,5.59,5.6,5.61,5.55,10303510.0,57383030.0,11:20:39
sh600612,老凤祥,45.29,-0.08,-0.176,45.26,45.29,45.37,45.4,45.47,45.12,513600.0,23242615.0,11:20:35
sh600613,神奇制药,6.73,0.03,0.448,6.72,6.73,6.7,6.7,6.78,6.6,3734700.0,24991560.0,11:20:38
sh600615,鑫源智造,12.22,-0.12,-0.972,12.22,12.23,12.34,12.33,12.44,12.11,1583220.0,19410968.0,11:20:35
sh600616,金枫酒业,5.76,-0.03,-0.518,5.75,5.76,5.79,5.83,5.83,5.67,5064266.0,29018525.0,11:20:39
sh600617,国新能源,3.65,-0.01,-0.273,3.65,3.66,3.66,3.7,3.73,3.62,37445359.0,137049783.0,11:20:39
sh600618,氯碱化工,13.63,-0.58,-4.082,13.63,13.64,14.21,13.99,14.0,13.28,42128311.0,570431192.0,11:20:37
sh600619,海立股份,19.82,0.08,0.405,19.82,19.83,19.74,19.7,20.18,19.7,13060128.0,260266936.0,11:20:37
sh600620,天宸股份,6.25,-0.06,-0.951,6.25,6.26,6.31,6.3,6.35,6.17,3930100.0,24573539.0,11:20:39
sh600621,华鑫股份,15.95,0.13,0.822,15.95,15.96,15.82,16.15,16.23,15.92,8558642.0,137393674.0,11:20:36
sh600622,光大嘉宝,2.99,0.05,1.701,2.98,2.99,2.94,2.95,3.06,2.87,54889780.0,161537846.0,11:20:39
sh600623,华谊集团,8.13,-0.08,-0.974,8.12,8.13,8.21,8.19,8.29,8.07,6025400.0,49298452.0,11:20:38
sh600624,ST复华,5.78,-0.18,-3.02,5.78,5.79,5.96,5.97,6.02,5.75,8011600.0,46875236.0,11:20:24
sh600626,申达股份,4.65,-0.01,-0.215,4.65,4.66,4.66,4.67,4.72,4.6,7603303.0,35349832.0,11:20:38
sh600628,新世界,7.72,-0.03,-0.387,7.71,7.72,7.75,7.74,7.76,7.57,7680000.0,58693546.0,11:20:39
sh600629,华建集团,20.61,-0.08,-0.387,20.61,20.62,20.69,20.78,20.87,20.52,11545398.0,239050224.0,11:20:39
sh600630,龙头股份,9.95,-0.01,-0.1,9.95,9.96,9.96,9.81,10.05,9.7,25199593.0,248252722.0,11:20:38
sh600633,浙数文化,13.24,-0.12,-0.898,13.23,13.24,13.36,13.38,13.42,13.18,6068746.0,80486708.0,11:20:39
sh600635,大众公用,7.39,0.67,9.97,7.39,0.0,6.72,6.74,7.39,6.74,340569172.0,2484687673.0,11:20:39
sh600636,*ST国化,8.53,-0.18,-2.067,8.54,8.56,8.71,8.7,8.73,8.48,3873800.0,33233157.0,11:20:37
sh600637,东方明珠,9.65,-0.17,-1.731,9.64,9.65,9.82,9.86,9.87,9.61,38101936.0,369650788.0,11:20:38
sh600638,新黄浦,6.16,0.05,0.818,6.15,6.16,6.11,6.09,6.19,5.96,7752100.0,46982324.0,11:20:38
sh600639,浦东金桥,10.83,0.08,0.744,10.83,10.84,10.75,10.79,10.85,10.71,2377101.0,25566391.0,11:20:39
sh600640,国脉文化,13.0,0.0,0.0,12.99,13.0,13.0,13.05,13.15,12.89,4094780.0,53247450.0,11:20:36
sh600641,先导基电,17.14,-0.07,-0.407,17.13,17.14,17.21,17.3,17.45,17.04,8605003.0,148063045.0,11:20:39
sh600642,申能股份,8.4,0.07,0.84,8.39,8.4,8.33,8.33,8.4,8.33,6375776.0,53367441.0,11:20:38
sh600643,爱建集团,5.61,0.04,0.718,5.61,5.62,5.57,5.6,5.63,5.54,7761000.0,43364479.0,11:20:38
sh600644,乐山电力,10.7,-0.1,-0.926,10.7,10.71,10.8,10.9,10.9,10.68,5772629.0,62195302.0,11:20:39
sh600645,中源协和,26.6,-0.25,-0.931,26.6,26.61,26.85,26.78,27.05,26.3,5294310.0,140965988.0,11:20:39
sh600648,外高桥,10.98,0.03,0.274,10.97,10.99,10.95,10.93,11.0,10.88,1398908.0,15279746.0,11:20:37
sh600649,城投控股,4.62,0.04,0.873,4.61,4.62,4.58,4.59,4.62,4.52,13118500.0,59896805.0,11:20:36
sh600650,锦江在线,14.54,0.03,0.207,14.54,14.55,14.51,14.55,14.67,14.41,1599600.0,23212130.0,11:20:39
sh600651,飞乐音响,7.87,0.02,0.255,7.87,7.88,7.85,7.89,7.91,7.83,6605300.0,51946830.0,11:20:36
sh600653,申华控股,2.05,-0.01,-0.485,2.05,2.06,2.06,2.06,2.08,2.02,25966000.0,53133320.0,11:20:38
sh600654,中安科,4.02,-0.09,-2.19,4.02,4.03,4.11,4.13,4.19,4.01,127988650.0,522200277.0,11:20:40
sh600655,豫园股份,5.48,-0.07,-1.261,5.47,5.48,5.55,5.56,5.57,5.44,8015700.0,43968648.0,11:20:36
sh600657,信达地产,3.75,0.1,2.74,3.75,3.76,3.65,3.71,3.8,3.63,18312349.0,67892035.0,11:20:38
sh600658,电子城,5.59,-0.01,-0.179,5.58,5.59,5.6,5.59,5.63,5.45,14162012.0,78263898.0,11:20:38
sh600660,福耀玻璃,65.16,-0.14,-0.214,65.16,65.18,65.3,65.5,65.73,65.0,2612978.0,170655246.0,11:20:39
sh600661,昂立教育,10.59,-0.15,-1.397,10.58,10.59,10.74,10.81,10.82,10.45,2245235.0,23796968.0,11:20:33
sh600662,外服控股,5.39,0.02,0.372,5.38,5.39,5.37,5.38,5.39,5.35,3266882.0,17537411.0,11:20:38
sh600663,陆家嘴,8.51,0.06,0.71,8.51,8.52,8.45,8.46,8.52,8.4,4431956.0,37431723.0,11:20:37
sh600664,哈药股份,3.66,-0.01,-0.272,3.66,3.67,3.67,3.69,3.7,3.64,18244800.0,66908490.0,11:20:37
sh600665,天地源,3.66,-0.03,-0.813,3.66,3.67,3.69,3.69,3.71,3.56,9252200.0,33583213.0,11:20:37
sh600666,奥瑞德,3.51,0.0,0.0,3.5,3.51,3.51,3.51,3.55,3.47,30303433.0,106151222.0,11:20:38
sh600667,太极实业,8.2,-0.07,-0.846,8.19,8.2,8.27,8.37,8.42,8.18,39863278.0,329765901.0,11:20:38
sh600668,尖峰集团,11.67,0.08,0.69,11.66,11.67,11.59,11.62,11.67,11.54,1792401.0,20794986.0,11:20:24
sh600671,天目药业,17.61,-0.06,-0.34,17.6,17.61,17.67,17.77,18.08,17.37,1139000.0,20143008.0,11:20:33
sh600673,东阳光,20.78,0.03,0.145,20.78,20.79,20.75,20.95,21.38,20.78,12541105.0,263676300.0,11:20:37
sh600674,川投能源,14.56,0.06,0.414,14.56,14.57,14.5,14.5,14.58,14.47,9019123.0,130965556.0,11:20:39
sh600675,中华企业,2.95,0.08,2.787,2.94,2.95,2.87,2.87,2.99,2.86,43931975.0,127774087.0,11:20:38
sh600676,交运股份,6.01,0.01,0.167,6.0,6.01,6.0,5.99,6.07,5.95,4712600.0,28364556.0,11:20:37
sh600678,四川金顶,10.32,0.33,3.303,10.3,10.32,9.99,10.03,10.39,9.99,28839461.0,295035319.0,11:20:38
sh600679,上海凤凰,13.68,-0.02,-0.146,13.67,13.68,13.7,13.65,13.76,13.54,2969800.0,40526092.0,11:20:38
sh600681,百川能源,4.62,-0.07,-1.493,4.61,4.62,4.69,4.71,4.72,4.58,38239328.0,177200502.0,11:20:37
sh600682,南京新百,8.03,-0.19,-2.311,8.03,8.04,8.22,8.22,8.22,7.98,25225144.0,203638474.0,11:20:37
sh600683,京投发展,4.99,0.04,0.808,4.98,4.99,4.95,5.01,5.01,4.78,17021988.0,83112450.0,11:20:38
sh600684,珠江股份,4.71,0.02,0.426,4.7,4.71,4.69,4.68,4.71,4.62,10406100.0,48515269.0,11:20:37
sh600685,中船防务,28.24,-0.69,-2.385,28.24,28.25,28.93,28.66,28.74,27.7,38548318.0,1092044048.0,11:20:39
sh600686,金龙汽车,14.8,0.06,0.407,14.8,14.81,14.74,14.78,15.2,14.73,11006926.0,164428615.0,11:20:39
sh600688,上海石化,2.85,0.0,0.0,2.84,2.85,2.85,2.84,2.86,2.82,21748350.0,61680113.0,11:20:39
sh600689,上海三毛,14.39,0.05,0.349,14.38,14.39,14.34,14.43,14.43,14.1,1573401.0,22469419.0,11:20:38
sh600690,海尔智家,26.88,0.36,1.357,26.87,26.88,26.52,26.5,26.98,26.41,14561087.0,390529794.0,11:20:40
sh600691,潞化科技,3.19,-0.05,-1.543,3.18,3.19,3.24,3.24,3.26,3.16,20461900.0,65722768.0,11:20:38
sh600692,亚通股份,8.3,0.05,0.606,8.3,8.31,8.25,8.25,8.37,8.1,4909100.0,40394645.0,11:20:38
sh600693,东百集团,9.03,-0.45,-4.747,9.02,9.03,9.48,9.0,9.19,8.54,101921784.0,893984026.0,11:20:40
sh600694,大商股份,17.92,-0.06,-0.334,17.91,17.92,17.98,17.98,18.05,17.79,2372730.0,42392761.0,11:20:41
sh600696,*ST岩石,5.55,-0.09,-1.596,5.54,5.55,5.64,5.61,5.64,5.5,2070400.0,11511068.0,11:20:36
sh600697,欧亚集团,13.71,-0.25,-1.791,13.7,13.72,13.96,14.03,14.06,13.46,4856400.0,66444819.0,11:20:40
sh600698,湖南天雁,9.76,-0.21,-2.106,9.75,9.76,9.97,9.71,9.82,9.71,11141600.0,108569123.0,11:20:39
sh600699,均胜电子,26.34,-0.31,-1.163,26.34,26.35,26.65,26.9,27.07,26.3,12312361.0,328171465.0,11:20:38
sh600702,舍得酒业,63.72,0.69,1.095,63.72,63.73,63.03,62.73,63.72,62.25,4315511.0,271310344.0,11:20:39
sh600703,三安光电,13.23,0.07,0.532,13.22,13.23,13.16,13.34,13.4,13.19,16025121.0,212803733.0,11:20:38
sh600704,物产中大,5.55,0.0,0.0,5.55,5.56,5.55,5.56,5.58,5.52,23136730.0,128399536.0,11:20:40
sh600706,曲江文旅,10.83,-0.2,-1.813,10.82,10.83,11.03,11.04,11.11,10.64,9264141.0,99952133.0,11:20:41
sh600707,彩虹股份,5.81,0.01,0.172,5.8,5.81,5.8,5.81,5.84,5.79,6791418.0,39475005.0,11:20:31
sh600708,光明地产,3.65,0.03,0.829,3.64,3.65,3.62,3.62,3.65,3.57,13930400.0,50333257.0,11:20:38
sh600710,苏美达,10.63,-0.05,-0.468,10.62,10.63,10.68,10.71,10.76,10.59,6264297.0,66861325.0,11:20:38
sh600711,盛屯矿业,12.38,-0.07,-0.562,12.38,12.39,12.45,12.4,12.8,12.32,114349185.0,1439398721.0,11:20:40
sh600712,南宁百货,7.44,-0.17,-2.234,7.44,7.45,7.61,7.61,7.68,7.34,8735600.0,65343833.0,11:20:39
sh600713,南京医药,5.15,0.0,0.0,5.15,5.16,5.15,5.15,5.17,5.08,9436600.0,48341890.0,11:20:38
sh600714,金瑞矿业,13.31,0.43,3.339,13.3,13.31,12.88,13.09,13.85,13.0,10243900.0,138009483.0,11:20:37
sh600715,文投控股,2.5,-0.05,-1.961,2.5,2.51,2.55,2.55,2.56,2.49,24389900.0,61478787.0,11:20:38
sh600716,凤凰股份,4.05,0.02,0.496,4.05,4.06,4.03,4.03,4.06,3.95,10613300.0,42378626.0,11:20:38
sh600717,天津港,4.75,0.04,0.849,4.74,4.75,4.71,4.71,4.75,4.71,7958051.0,37614773.0,11:20:40
sh600718,东软集团,10.51,0.29,2.838,10.5,10.51,10.22,10.88,10.88,10.48,53717907.0,574633102.0,11:20:38
sh600719,大连热电,6.5,0.08,1.246,6.49,6.5,6.42,6.44,6.53,6.39,6766620.0,43776100.0,11:20:38
sh600720,中交设计,7.6,0.01,0.132,7.6,7.61,7.59,7.59,7.63,7.58,2906314.0,22100030.0,11:20:40
sh600721,百花医药,10.05,-0.01,-0.099,10.05,10.06,10.06,10.07,10.44,9.88,14107700.0,143366798.0,11:20:40
sh600722,金牛化工,6.54,-0.07,-1.059,6.54,6.55,6.61,6.6,6.68,6.45,8871100.0,58172874.0,11:20:40
sh600724,宁波富达,5.31,0.03,0.568,5.31,5.32,5.28,5.31,5.34,5.25,4798627.0,25397663.0,11:20:41
sh600725,云维股份,3.78,-0.02,-0.526,3.77,3.78,3.8,3.8,3.8,3.72,10217000.0,38436757.0,11:20:40
sh600726,华电能源,2.54,0.0,0.0,2.53,2.54,2.54,2.54,2.56,2.52,17449800.0,44321298.0,11:20:40
sh600727,鲁北化工,7.65,-0.08,-1.035,7.65,7.66,7.73,7.73,7.78,7.6,5455700.0,41954290.0,11:20:37
sh600728,佳都科技,6.35,-0.06,-0.936,6.35,6.36,6.41,6.45,6.47,6.31,19449736.0,123850436.0,11:20:40
sh600729,重庆百货,27.17,-0.18,-0.658,27.17,27.18,27.35,27.35,27.43,27.03,1223300.0,33207189.0,11:20:38
sh600730,中国高科,10.15,-0.15,-1.456,10.14,10.15,10.3,10.4,10.59,10.08,13137316.0,135401616.0,11:20:36
sh600731,湖南海利,7.35,0.07,0.962,7.35,7.36,7.28,7.32,7.37,7.21,5178700.0,37940844.0,11:20:40
sh600732,爱旭股份,15.11,-0.09,-0.592,15.11,15.12,15.2,15.28,15.29,15.03,10688193.0,161737984.0,11:20:38
sh600733,北汽蓝谷,7.68,-0.08,-1.031,7.67,7.68,7.76,7.78,7.81,7.59,48328593.0,370435446.0,11:20:41
sh600734,实达集团,4.2,0.38,9.948,4.2,0.0,3.82,3.81,4.2,3.77,244188380.0,1001180865.0,11:20:40
sh600735,ST新华锦,5.91,-0.31,-4.984,0.0,5.91,6.22,6.15,6.17,5.91,13517200.0,80456369.0,11:20:27
sh600736,苏州高新,5.84,0.04,0.69,5.83,5.84,5.8,5.84,5.85,5.74,8621160.0,49905433.0,11:20:39
sh600737,中粮糖业,17.6,-0.11,-0.621,17.6,17.61,17.71,17.72,17.85,17.41,17779920.0,313351608.0,11:20:39
sh600738,丽尚国潮,5.25,-0.14,-2.597,5.25,5.26,5.39,5.44,5.44,5.14,17331301.0,90822343.0,11:20:38
sh600739,辽宁成大,12.46,0.04,0.322,12.46,12.47,12.42,12.53,12.62,12.42,5443600.0,68175161.0,11:20:40
sh600740,山西焦化,4.22,0.0,0.0,4.21,4.22,4.22,4.21,4.24,4.17,15979105.0,67199120.0,11:20:39
sh600741,华域汽车,20.04,-0.02,-0.1,20.03,20.04,20.06,20.12,20.17,19.97,3540067.0,70938949.0,11:20:40
sh600742,富维股份,9.8,-0.07,-0.709,9.79,9.8,9.87,9.82,9.89,9.78,2506800.0,24621050.0,11:20:39
sh600743,华远控股,2.16,-0.01,-0.461,2.16,2.17,2.17,2.18,2.19,2.1,29917815.0,63681151.0,11:20:40
sh600744,华银电力,6.27,-0.07,-1.104,6.26,6.27,6.34,6.34,6.37,6.25,16505559.0,103860820.0,11:20:40
sh600745,闻泰科技,43.4,1.1,2.6,43.39,43.4,42.3,44.5,44.5,43.04,47919453.0,2100778767.0,11:20:39
sh600746,江苏索普,7.55,-0.01,-0.132,7.54,7.55,7.56,7.56,7.62,7.49,2862400.0,21606915.0,11:20:41
sh600748,上实发展,6.17,-0.04,-0.644,6.17,6.18,6.21,6.2,6.27,6.12,9451960.0,58564686.0,11:20:40
sh600749,西藏旅游,17.35,-0.24,-1.364,17.33,17.35,17.59,17.6,17.68,17.18,4435400.0,76979636.0,11:20:40
sh600750,江中药业,21.97,0.03,0.137,21.97,21.99,21.94,21.98,22.02,21.88,3184700.0,69899123.0,11:20:40
sh600751,海航科技,4.39,-0.06,-1.348,4.39,4.4,4.45,4.45,4.48,4.35,23816600.0,104795805.0,11:20:39
sh600753,*ST海钦,8.19,-0.1,-1.206,8.17,8.19,8.29,8.16,8.29,8.04,3669300.0,29742930.0,11:20:38
sh600754,锦江酒店,25.85,-0.34,-1.298,25.83,25.85,26.19,26.1,26.13,25.6,6312700.0,163079014.0,11:20:39
sh600755,厦门国贸,6.77,0.2,3.044,6.76,6.77,6.57,6.7,7.06,6.65,71685612.0,493344838.0,11:20:40
sh600756,浪潮软件,24.15,0.32,1.343,24.13,24.15,23.83,25.5,26.21,23.42,113088435.0,2824485359.0,11:20:40
sh600757,长江传媒,8.83,0.05,0.569,8.83,8.84,8.78,8.79,8.84,8.77,3618800.0,31895904.0,11:20:41
sh600758,辽宁能源,4.02,-0.09,-2.19,4.01,4.02,4.11,4.11,4.13,3.98,18596426.0,75207898.0,11:20:40
sh600759,洲际油气,2.8,0.05,1.818,2.79,2.8,2.75,2.74,2.82,2.72,160834021.0,442965691.0,11:20:38
sh600760,中航沈飞,59.45,-0.99,-1.638,59.45,59.46,60.44,59.6,60.25,59.01,10263297.0,610251001.0,11:20:40
sh600761,安徽合力,19.75,0.27,1.386,19.74,19.75,19.48,19.58,19.78,19.55,3638158.0,71690991.0,11:20:36
sh600763,通策医疗,43.52,-0.26,-0.594,43.5,43.52,43.78,43.78,43.99,43.31,2071807.0,90320052.0,11:20:38
sh600764,中国海防,30.02,-1.02,-3.286,30.0,30.02,31.04,30.01,30.4,29.86,7432207.0,223772120.0,11:20:38
sh600765,中航重机,16.41,-0.08,-0.485,16.4,16.41,16.49,16.51,16.57,16.35,5633960.0,92691845.0,11:20:40
sh600768,宁波富邦,13.07,-0.03,-0.229,13.06,13.07,13.1,13.17,13.54,12.9,2646450.0,34907837.0,11:20:38
sh600769,祥龙电业,13.11,-0.25,-1.871,13.11,13.13,13.36,13.37,13.45,12.85,5505600.0,72043424.0,11:20:39
sh600770,综艺股份,5.45,-0.07,-1.268,5.44,5.45,5.52,5.54,5.56,5.39,12738731.0,69462503.0,11:20:40
sh600771,广誉远,19.4,0.21,1.094,19.39,19.4,19.19,19.28,19.61,19.26,4155794.0,80759384.0,11:20:39
sh600773,西藏城投,14.38,0.54,3.902,14.37,14.38,13.84,13.84,14.49,13.55,29186861.0,410780707.0,11:20:40
sh600774,汉商集团,9.99,-0.14,-1.382,9.99,10.0,10.13,10.19,10.19,9.85,2753600.0,27466166.0,11:20:34
sh600775,南京熊猫,11.16,-0.04,-0.357,11.16,11.17,11.2,11.27,11.29,11.09,4939800.0,55212837.0,11:20:39
sh600776,东方通信,12.91,-0.08,-0.616,12.9,12.91,12.99,13.05,13.07,12.78,10523277.0,135279135.0,11:20:40
sh600777,*ST新潮,3.93,-0.03,-0.758,3.93,3.94,3.96,3.95,3.96,3.92,8169620.0,32128578.0,11:20:38
sh600778,友好集团,6.9,-0.12,-1.709,6.89,6.9,7.02,7.09,7.09,6.75,5896200.0,40512493.0,11:20:39
sh600779,水井坊,41.23,0.03,0.073,41.22,41.23,41.2,41.1,41.48,40.88,1290045.0,52969566.0,11:20:39
sh600780,通宝能源,6.03,0.02,0.333,6.02,6.03,6.01,6.03,6.05,6.0,3847666.0,23163775.0,11:20:38
sh600782,新钢股份,4.06,-0.02,-0.49,4.06,4.07,4.08,4.07,4.1,4.03,26500608.0,107690852.0,11:20:40
sh600783,鲁信创投,14.61,0.21,1.458,14.61,14.62,14.4,14.5,15.1,14.41,8054954.0,118842822.0,11:20:34
sh600784,鲁银投资,6.74,0.02,0.298,6.73,6.74,6.72,6.73,6.74,6.68,2394835.0,16070724.0,11:20:30
sh600785,新华百货,13.61,-0.21,-1.52,13.6,13.62,13.82,13.81,13.81,13.44,4178200.0,56724684.0,11:20:39
sh600787,中储股份,5.9,0.01,0.17,5.89,5.9,5.89,5.9,5.92,5.86,10702900.0,62973770.0,11:20:38
sh600789,鲁抗医药,10.11,-0.03,-0.296,10.1,10.11,10.14,10.1,10.25,10.0,17327416.0,175049654.0,11:20:39
sh600790,轻纺城,3.91,0.0,0.0,3.9,3.91,3.91,3.91,3.92,3.86,8733700.0,33950868.0,11:20:38
sh600791,京能置业,5.5,-0.08,-1.434,5.49,5.5,5.58,5.63,5.65,5.33,8440501.0,46152287.0,11:20:34
sh600792,云煤能源,4.62,-0.11,-2.326,4.61,4.62,4.73,4.72,4.72,4.52,35141100.0,161385122.0,11:20:39
sh600793,宜宾纸业,22.28,0.23,1.043,22.29,22.3,22.05,22.05,22.66,22.0,2059600.0,45819321.0,11:20:36
sh600794,保税科技,4.08,0.0,0.0,4.07,4.08,4.08,4.1,4.1,4.03,10451800.0,42473096.0,11:20:40
sh600795,国电电力,5.43,0.05,0.929,5.42,5.43,5.38,5.39,5.43,5.37,40464852.0,218684699.0,11:20:38
sh600796,钱江生化,6.37,-0.02,-0.313,6.37,6.38,6.39,6.43,6.46,6.31,3145432.0,20096359.0,11:20:37
sh600797,浙大网新,10.6,0.15,1.435,10.59,10.6,10.45,10.57,10.75,10.48,25828648.0,274027792.0,11:20:38
sh600798,宁波海运,3.85,-0.02,-0.517,3.85,3.86,3.87,3.87,3.9,3.83,16550299.0,63923186.0,11:20:41
sh600800,渤海化学,3.98,-0.04,-0.995,3.97,3.98,4.02,4.02,4.07,3.96,8358400.0,33441770.0,11:20:41
sh600801,华新建材,22.35,0.29,1.315,22.34,22.35,22.06,21.99,22.5,21.9,4792968.0,106778657.0,11:20:41
sh600802,福建水泥,6.99,0.03,0.431,6.98,6.99,6.96,7.0,7.06,6.77,24071538.0,165943496.0,11:20:38
sh600803,新奥股份,20.85,0.14,0.676,20.84,20.85,20.71,20.84,21.0,20.58,4633377.0,96320570.0,11:20:39
sh600805,悦达投资,5.5,-0.03,-0.542,5.49,5.5,5.53,5.55,5.58,5.44,6404732.0,35175047.0,11:20:38
sh600807,济高发展,3.54,-0.04,-1.117,3.54,3.55,3.58,3.6,3.62,3.5,14099900.0,50100697.0,11:20:39
sh600808,马钢股份,4.05,-0.01,-0.246,4.04,4.05,4.06,4.07,4.09,4.03,22793800.0,92561244.0,11:20:38
sh600809,山西汾酒,195.24,-0.05,-0.026,195.22,195.24,195.29,195.2,195.88,194.0,1501000.0,292445033.0,11:20:39
sh600810,神马股份,9.09,-0.29,-3.092,9.08,9.09,9.38,9.29,9.36,9.0,22867604.0,209282925.0,11:20:39
sh600812,华北制药,5.94,-0.02,-0.336,5.94,5.95,5.96,5.96,5.99,5.91,6994173.0,41593288.0,11:20:39
sh600814,杭州解百,7.67,-0.14,-1.793,7.67,7.68,7.81,7.76,7.79,7.56,7497400.0,57208733.0,11:20:38
sh600815,厦工股份,4.03,0.08,2.025,4.02,4.03,3.95,3.84,4.09,3.75,118812524.0,468584704.0,11:20:38
sh600816,建元信托,2.96,0.02,0.68,2.95,2.96,2.94,2.96,2.98,2.93,23817183.0,70329163.0,11:20:41
sh600817,宇通重工,11.45,0.02,0.175,11.45,11.46,11.43,11.48,11.54,11.39,1166900.0,13378540.0,11:20:37
sh600818,中路股份,10.86,-0.14,-1.273,10.86,10.87,11.0,10.98,11.1,10.7,5075599.0,55312642.0,11:20:40
sh600819,耀皮玻璃,8.96,0.1,1.129,8.96,8.97,8.86,9.0,9.1,8.78,9306511.0,83349838.0,11:20:39
sh600820,隧道股份,6.46,0.02,0.311,6.45,6.46,6.44,6.42,6.47,6.42,8449300.0,54480765.0,11:20:38
sh600821,金开新能,5.56,0.01,0.18,5.56,5.57,5.55,5.57,5.59,5.54,8996100.0,50005119.0,11:20:38
sh600822,上海物贸,11.32,0.17,1.525,11.32,11.33,11.15,11.12,11.48,11.12,6208580.0,70388402.0,11:20:39
sh600824,益民集团,4.57,0.02,0.44,4.57,4.58,4.55,4.58,4.6,4.46,13348698.0,60199206.0,11:20:39
sh600825,新华传媒,6.86,0.0,0.0,6.85,6.86,6.86,6.83,6.93,6.82,4608100.0,31659118.0,11:20:32
sh600826,兰生股份,11.76,1.07,10.009,11.76,0.0,10.69,10.86,11.76,10.86,16473197.0,191063653.0,11:20:35
sh600827,百联股份,9.02,-0.06,-0.661,9.02,9.03,9.08,9.12,9.12,8.97,5676600.0,51206832.0,11:20:38
sh600828,茂业商业,4.25,-0.13,-2.968,4.25,4.26,4.38,4.34,4.37,4.16,16626590.0,70564704.0,11:20:38
sh600829,人民同泰,14.51,-1.44,-9.028,14.51,14.52,15.95,14.36,15.46,14.36,45343900.0,658743365.0,11:20:40
sh600830,香溢融通,9.84,0.13,1.339,9.84,9.85,9.71,9.79,9.92,9.75,3860205.0,37941689.0,11:20:40
sh600831,广电网络,4.7,0.0,0.0,4.69,4.7,4.7,4.72,4.77,4.61,9828745.0,46044972.0,11:20:39
sh600833,第一医药,13.98,-0.1,-0.71,13.98,13.99,14.08,14.04,14.24,13.7,3675611.0,51164828.0,11:20:41
sh600834,申通地铁,8.55,0.01,0.117,8.55,8.56,8.54,8.54,8.61,8.47,2661557.0,22705042.0,11:20:34
sh600835,上海机电,26.97,0.09,0.335,26.95,26.97,26.88,26.9,27.68,26.74,5838331.0,158074749.0,11:20:38
sh600838,上海九百,8.99,-0.12,-1.317,8.98,8.99,9.11,9.15,9.16,8.82,5858000.0,52302848.0,11:20:40
sh600839,四川长虹,9.93,-0.02,-0.201,9.93,9.94,9.95,9.95,9.98,9.91,31337086.0,311446615.0,11:20:40
sh600841,动力新科,6.19,0.01,0.162,6.19,6.2,6.18,6.22,6.26,6.16,3097001.0,19229735.0,11:20:40
sh600843,上工申贝,11.29,-0.17,-1.483,11.28,11.29,11.46,11.39,11.47,11.25,5673650.0,64324685.0,11:20:41
sh600844,金煤科技,3.41,0.01,0.294,3.4,3.41,3.4,3.48,3.49,3.36,11277100.0,38463799.0,11:20:31
sh600845,宝信软件,22.57,-0.1,-0.441,22.57,22.58,22.67,22.66,22.74,22.51,5101673.0,115369455.0,11:20:40
sh600846,同济科技,15.99,-0.2,-1.235,15.99,16.0,16.19,16.0,16.41,15.9,5029503.0,81170370.0,11:20:40
sh600847,万里股份,12.62,-0.08,-0.63,12.62,12.64,12.7,12.7,13.0,12.38,2352800.0,29764455.0,11:20:29
sh600848,上海临港,12.39,-0.25,-1.978,12.39,12.4,12.64,12.62,12.68,12.26,15314628.0,190556087.0,11:20:40
sh600850,电科数字,26.28,0.19,0.728,26.27,26.28,26.09,26.27,26.39,26.01,3905380.0,102253001.0,11:20:41
sh600851,海欣股份,6.91,0.03,0.436,6.91,6.92,6.88,6.94,6.94,6.84,2918401.0,20129579.0,11:20:26
sh600853,龙建股份,4.3,-0.02,-0.463,4.3,4.31,4.32,4.32,4.35,4.28,10389121.0,44707937.0,11:20:39
sh600854,春兰股份,5.5,0.0,0.0,5.5,5.51,5.5,5.53,5.54,5.39,7076372.0,38647351.0,11:20:38
sh600855,航天长峰,15.97,0.33,2.11,15.94,15.97,15.64,15.86,16.16,15.4,27543933.0,436017857.0,11:20:40
sh600857,宁波中百,15.97,0.29,1.849,15.97,15.98,15.68,15.74,16.04,15.55,4203400.0,66495843.0,11:20:40
sh600858,银座股份,5.8,-0.11,-1.861,5.79,5.8,5.91,5.95,5.95,5.7,7100900.0,41009498.0,11:20:40
sh600859,王府井,14.82,0.05,0.339,14.81,14.82,14.77,14.85,14.88,14.6,14373858.0,211494978.0,11:20:40
sh600860,京城股份,12.21,-0.3,-2.398,12.19,12.21,12.51,12.48,12.59,12.01,9532085.0,116942642.0,11:20:40
sh600861,北京人力,18.73,-0.02,-0.107,18.72,18.73,18.75,18.8,18.8,18.6,989300.0,18476099.0,11:20:36
sh600862,中航高科,21.6,-0.25,-1.144,21.57,21.59,21.85,21.88,21.89,21.52,6261132.0,135842970.0,11:20:40
sh600863,内蒙华电,4.54,0.07,1.566,4.53,4.54,4.47,4.46,4.55,4.45,31804925.0,143632598.0,11:20:40
sh600864,哈投股份,7.09,0.06,0.853,7.08,7.09,7.03,7.16,7.18,7.04,14484148.0,102921164.0,11:20:40
sh600865,百大集团,9.36,-0.18,-1.887,9.36,9.37,9.54,9.53,9.59,9.18,4255300.0,39666722.0,11:20:40
sh600866,星湖科技,6.99,-0.03,-0.427,6.98,6.99,7.02,7.04,7.07,6.98,9869600.0,69309834.0,11:20:39
sh600867,通化东宝,8.86,0.04,0.454,8.85,8.86,8.82,8.83,8.86,8.8,7077400.0,62524225.0,11:20:41
sh600868,梅雁吉祥,2.99,-0.14,-4.473,2.98,2.99,3.13,3.09,3.1,2.97,75017083.0,226790299.0,11:20:41
sh600869,远东股份,7.02,0.04,0.573,7.01,7.02,6.98,7.04,7.15,6.99,12085980.0,85468590.0,11:20:38
sh600871,石化油服,2.49,-0.01,-0.4,2.48,2.49,2.5,2.5,2.51,2.46,100401031.0,249098915.0,11:20:40
sh600872,中炬高新,18.24,-0.02,-0.11,18.23,18.24,18.26,18.3,18.34,18.16,2435200.0,44393452.0,11:20:37
sh600873,梅花生物,10.73,0.05,0.468,10.72,10.73,10.68,10.71,10.81,10.7,10189335.0,109587263.0,11:20:41
sh600874,创业环保,6.29,0.01,0.159,6.29,6.3,6.28,6.31,6.34,6.27,4940201.0,31143601.0,11:20:39
sh600875,东方电气,21.56,0.07,0.326,21.56,21.58,21.49,21.73,21.77,21.45,27090500.0,585650795.0,11:20:38
sh600876,凯盛新能,10.94,-0.04,-0.364,10.93,10.94,10.98,11.03,11.03,10.76,2016900.0,21877510.0,11:20:37
sh600877,电科芯片,15.44,-0.24,-1.531,15.43,15.44,15.68,15.99,16.07,15.35,48713194.0,758319414.0,11:20:41
sh600879,航天电子,10.8,0.06,0.559,10.79,10.8,10.74,10.77,10.89,10.7,22790336.0,246026816.0,11:20:40
sh600880,博瑞传播,5.08,-0.03,-0.587,5.08,5.09,5.11,5.15,5.15,5.03,13641985.0,69265243.0,11:20:40
sh600881,亚泰集团,2.18,0.2,10.101,2.18,0.0,1.98,2.02,2.18,2.02,202687984.0,434487030.0,11:20:40
sh600882,妙可蓝多,26.09,-0.39,-1.473,26.08,26.09,26.48,26.3,26.3,25.3,4302200.0,110865885.0,11:20:40
sh600883,博闻科技,8.75,0.03,0.344,8.74,8.75,8.72,8.74,8.9,8.6,2285100.0,19950509.0,11:20:41
sh600884,杉杉股份,13.43,0.03,0.224,13.41,13.43,13.4,13.48,13.64,13.3,37740086.0,509011024.0,11:20:40
sh600885,宏发股份,29.64,-0.23,-0.77,29.64,29.65,29.87,30.02,30.28,29.52,6518881.0,194271501.0,11:20:40
sh600886,国投电力,13.88,0.11,0.799,13.87,13.88,13.77,13.78,13.88,13.67,6807129.0,93996377.0,11:20:41
sh600887,伊利股份,29.67,0.09,0.304,29.66,29.67,29.58,29.56,29.68,29.44,21033844.0,622069482.0,11:20:41
sh600888,新疆众和,8.24,0.04,0.488,8.23,8.24,8.2,8.28,8.44,8.21,14934274.0,124305325.0,11:20:30
sh600889,南京化纤,14.67,-0.16,-1.079,14.67,14.68,14.83,14.8,14.97,14.6,2452500.0,36066429.0,11:20:39
sh600892,*ST大晟,3.55,-0.12,-3.27,3.54,3.55,3.67,3.67,3.68,3.5,9669000.0,34567448.0,11:20:38
sh600893,航发动力,37.3,-0.29,-0.771,37.28,37.3,37.59,37.47,37.69,37.19,5973065.0,223504852.0,11:20:41
sh600894,广日股份,9.38,0.02,0.214,9.37,9.38,9.36,9.39,9.41,9.33,1109900.0,10394019.0,11:20:41
sh600895,张江高科,38.87,-1.22,-3.043,38.86,38.87,40.09,40.15,40.38,38.8,33814799.0,1334782997.0,11:20:42
sh600897,厦门空港,16.57,-0.09,-0.54,16.57,16.58,16.66,16.66,16.82,16.3,4604855.0,75985026.0,11:20:41
sh600900,长江电力,28.27,0.04,0.142,28.27,28.28,28.23,28.18,28.32,28.05,28938235.0,815897024.0,11:20:41
sh600901,江苏金租,6.41,0.03,0.47,6.41,6.42,6.38,6.38,6.43,6.36,10513773.0,67148565.0,11:20:41
sh600903,贵州燃气,7.22,-0.14,-1.902,7.22,7.23,7.36,7.3,7.32,7.21,8759734.0,63478587.0,11:20:41
sh600905,三峡能源,4.24,0.0,0.0,4.24,4.25,4.24,4.25,4.25,4.24,28563512.0,121236826.0,11:20:41
sh600906,财达证券,7.13,0.01,0.14,7.13,7.14,7.12,7.24,7.25,7.11,13241200.0,94870512.0,11:20:41
sh600908,无锡银行,6.26,0.07,1.131,6.26,6.27,6.19,6.19,6.28,6.17,10201840.0,63463854.0,11:20:41
sh600909,华安证券,6.72,-0.03,-0.444,6.72,6.73,6.75,6.9,6.93,6.7,62693829.0,426029499.0,11:20:39
sh600916,中国黄金,8.24,-0.02,-0.242,8.23,8.24,8.26,8.25,8.26,8.21,7639100.0,62867637.0,11:20:30
sh600917,重庆燃气,6.05,-0.01,-0.165,6.04,6.05,6.06,6.06,6.07,6.0,5452636.0,32878662.0,11:20:39
sh600918,中泰证券,6.76,-0.01,-0.148,6.76,6.77,6.77,6.86,6.89,6.74,25416799.0,173119515.0,11:20:41
sh600919,江苏银行,11.01,0.11,1.009,11.01,11.02,10.9,10.88,11.05,10.83,56318507.0,617172588.0,11:20:39
sh600925,苏能股份,4.86,0.0,0.0,4.86,4.87,4.86,4.86,4.88,4.85,4407500.0,21422610.0,11:20:40
sh600926,杭州银行,15.67,0.26,1.687,15.67,15.68,15.41,15.41,15.68,15.37,25365452.0,394655652.0,11:20:40
sh600927,永安期货,14.92,0.04,0.269,14.92,14.93,14.88,15.1,15.2,14.83,2691200.0,40290705.0,11:20:41
sh600928,西安银行,4.04,0.04,1.0,4.03,4.04,4.0,3.99,4.04,3.98,15023230.0,60272000.0,11:20:40
sh600929,雪天盐业,6.14,-0.05,-0.808,6.13,6.15,6.19,6.23,6.25,6.1,6382000.0,39299111.0,11:20:41
sh600930,华电新能,6.39,0.0,0.0,6.38,6.39,6.39,6.38,6.4,6.37,28574624.0,182251375.0,11:20:39
sh600933,爱柯迪,19.31,-0.19,-0.974,19.31,19.32,19.5,19.61,19.7,19.16,5689042.0,109876180.0,11:20:41
sh600935,华塑股份,2.73,-0.01,-0.365,2.72,2.73,2.74,2.74,2.75,2.7,9576200.0,26140302.0,11:20:41
sh600936,广西广电,3.57,-0.03,-0.833,3.57,3.58,3.6,3.62,3.62,3.53,8523600.0,30413730.0,11:20:41
sh600938,中国海油,29.64,0.12,0.407,29.63,29.64,29.52,29.21,29.68,29.17,19689996.0,579717611.0,11:20:40
sh600939,重庆建工,3.72,0.01,0.27,3.71,3.72,3.71,3.68,3.75,3.67,21994800.0,81600154.0,11:20:39
sh600941,中国移动,108.96,1.07,0.992,108.95,108.96,107.89,107.61,109.25,107.61,8781191.0,953465757.0,11:20:39
sh600955,维远股份,15.35,-0.08,-0.518,15.35,15.36,15.43,15.5,15.58,15.19,2388300.0,36821550.0,11:20:28
sh600956,新天绿能,8.26,0.03,0.365,8.26,8.27,8.23,8.23,8.29,8.19,4902100.0,40375593.0,11:20:41
sh600958,东方证券,10.93,0.3,2.822,10.92,10.93,10.63,10.87,11.13,10.83,137769396.0,1512173667.0,11:20:39
sh600959,江苏有线,3.58,-0.01,-0.279,3.57,3.58,3.59,3.6,3.61,3.56,18032420.0,64568319.0,11:20:35
sh600960,渤海汽车,5.1,-0.04,-0.778,5.1,5.11,5.14,5.17,5.22,5.07,10476902.0,53648804.0,11:20:40
sh600961,株冶集团,15.29,0.18,1.191,15.29,15.3,15.11,15.0,15.63,15.0,16669432.0,257158811.0,11:20:38
sh600962,国投中鲁,20.37,0.27,1.343,20.35,20.36,20.1,20.3,20.45,20.05,1243079.0,25128758.0,11:20:40
sh600963,岳阳林纸,4.51,0.0,0.0,4.5,4.51,4.51,4.51,4.53,4.46,10652900.0,47870178.0,11:20:41
sh600965,福成股份,6.01,0.15,2.56,6.01,6.02,5.86,6.45,6.45,5.92,50536913.0,311658687.0,11:20:39
sh600966,博汇纸业,5.86,0.07,1.209,5.85,5.86,5.79,5.79,5.89,5.71,12212740.0,71014439.0,11:20:40
sh600967,内蒙一机,17.59,-0.59,-3.245,17.58,17.59,18.18,17.84,17.85,17.53,24772212.0,436799068.0,11:20:42
sh600968,海油发展,3.89,-0.03,-0.765,3.89,3.9,3.92,3.91,3.93,3.88,22583159.0,88113237.0,11:20:40
sh600969,郴电国际,8.83,0.09,1.03,8.82,8.83,8.74,8.75,8.83,8.67,6466140.0,56613006.0,11:20:38
sh600970,中材国际,9.31,0.23,2.533,9.3,9.31,9.08,9.12,9.33,9.12,16171899.0,149730918.0,11:20:41
sh600971,恒源煤电,7.15,-0.03,-0.418,7.14,7.15,7.18,7.18,7.2,7.12,3993000.0,28571213.0,11:20:39
sh600973,宝胜股份,5.26,-0.08,-1.498,5.26,5.27,5.34,5.34,5.38,5.22,19158828.0,101190859.0,11:20:41
sh600975,新五丰,6.28,-0.05,-0.79,6.27,6.28,6.33,6.34,6.35,6.24,11390468.0,71477965.0,11:20:36
sh600976,健民集团,38.62,0.04,0.104,38.61,38.62,38.58,38.64,38.65,38.45,350800.0,13523645.0,11:20:37
sh600977,中国电影,16.51,-0.37,-2.192,16.5,16.51,16.88,16.9,16.99,16.4,28662530.0,477040314.0,11:20:40
sh600979,广安爱众,4.81,0.0,0.0,4.81,4.82,4.81,4.82,4.87,4.79,11174600.0,53873524.0,11:20:41
sh600980,北矿科技,22.91,0.01,0.044,22.89,22.91,22.9,22.84,23.27,22.76,1705400.0,39301224.0,11:20:40
sh600981,苏豪汇鸿,2.94,-0.04,-1.342,2.93,2.94,2.98,2.98,2.99,2.89,16031547.0,47057957.0,11:20:39
sh600982,宁波能源,4.77,0.02,0.421,4.77,4.78,4.75,4.75,4.78,4.74,7113400.0,33867569.0,11:20:40
sh600983,惠而浦,10.12,0.02,0.198,10.12,10.13,10.1,10.11,10.15,10.06,770800.0,7784627.0,11:20:36
sh600984,建设机械,4.22,0.14,3.431,4.21,4.22,4.08,4.13,4.31,4.05,44448329.0,187206632.0,11:20:40
sh600985,淮北矿业,13.0,-0.18,-1.366,12.99,13.0,13.18,13.17,13.24,12.91,8418495.0,109416832.0,11:20:40
sh600986,浙文互联,9.21,-0.04,-0.432,9.21,9.22,9.25,9.26,9.29,9.1,19826688.0,181753466.0,11:20:39
sh600987,航民股份,7.22,0.06,0.838,7.22,7.23,7.16,7.18,7.22,7.15,3809800.0,27351313.0,11:20:39
sh600988,赤峰黄金,31.01,-0.34,-1.085,31.01,31.02,31.35,30.8,31.86,30.8,30400723.0,952119590.0,11:20:41
sh600989,宝丰能源,18.6,-0.08,-0.428,18.6,18.61,18.68,18.61,18.84,18.55,13180917.0,246351115.0,11:20:40
sh600990,四创电子,25.52,0.24,0.949,25.51,25.52,25.28,25.34,26.08,25.08,4367862.0,111916142.0,11:20:36
sh600992,贵绳股份,14.32,-0.07,-0.486,14.32,14.33,14.39,14.33,14.46,14.21,2457800.0,35210870.0,11:20:40
sh600993,马应龙,27.26,-0.06,-0.22,27.26,27.27,27.32,27.3,27.46,27.19,2185400.0,59617776.0,11:20:37
sh600995,南网储能,12.91,-0.25,-1.9,12.9,12.91,13.16,13.12,13.24,12.82,10543811.0,137052560.0,11:20:40
sh600996,贵广网络,9.67,0.11,1.151,9.67,9.68,9.56,9.72,10.05,9.56,22466162.0,219644778.0,11:20:40
sh600997,开滦股份,6.38,0.02,0.314,6.37,6.38,6.36,6.37,6.4,6.34,3614702.0,23007218.0,11:20:40
sh600998,九州通,5.0,-0.02,-0.398,5.0,5.01,5.02,5.02,5.03,4.99,10783386.0,53957227.0,11:20:40
sh600999,招商证券,16.85,0.09,0.537,16.85,16.86,16.76,16.97,17.04,16.82,31536400.0,534030433.0,11:20:39
sh601000,唐山港,4.02,0.02,0.5,4.01,4.02,4.0,3.99,4.03,3.98,18585608.0,74487551.0,11:20:42
sh601001,晋控煤业,15.22,-0.16,-1.04,15.22,15.24,15.38,15.31,15.52,15.18,9258873.0,142069156.0,11:20:39
sh601002,晋亿实业,5.17,0.01,0.194,5.16,5.17,5.16,5.18,5.19,5.14,4038144.0,20854644.0,11:20:40
sh601003,柳钢股份,5.14,-0.04,-0.772,5.13,5.14,5.18,5.16,5.19,5.1,7937146.0,40809475.0,11:20:36
sh601005,重庆钢铁,1.51,0.0,0.0,1.51,1.52,1.51,1.52,1.53,1.5,99028400.0,149868371.0,11:20:40
sh601006,大秦铁路,5.67,0.07,1.25,5.66,5.67,5.6,5.6,5.67,5.6,70486577.0,397223357.0,11:20:42
sh601007,金陵饭店,7.64,-0.22,-2.799,7.63,7.64,7.86,7.85,7.85,7.52,11606650.0,88746431.0,11:20:42
sh601008,连云港,5.43,-0.08,-1.452,5.43,5.44,5.51,5.52,5.54,5.41,7978763.0,43584150.0,11:20:42
sh601009,XD南京银,11.47,0.27,2.411,11.46,11.47,11.2,11.24,11.48,11.15,31813435.0,361006602.0,11:20:40
sh601010,文峰股份,2.73,-0.07,-2.5,2.73,2.74,2.8,2.81,2.82,2.69,35523465.0,96902882.0,11:20:41
sh601011,宝泰隆,3.86,0.01,0.26,3.86,3.87,3.85,3.85,3.93,3.81,64037466.0,247975529.0,11:20:40
sh601012,隆基绿能,20.78,-0.42,-1.981,20.78,20.79,21.2,21.2,21.3,20.72,101807880.0,2131292213.0,11:20:40
sh601015,陕西黑猫,4.22,-0.06,-1.402,4.22,4.23,4.28,4.27,4.32,4.2,28611999.0,121321296.0,11:20:42
sh601016,节能风电,3.1,0.01,0.324,3.09,3.1,3.09,3.09,3.11,3.07,21023279.0,64915799.0,11:20:42
sh601018,宁波港,3.79,-0.01,-0.263,3.79,3.8,3.8,3.81,3.81,3.78,14453800.0,54803937.0,11:20:40
sh601019,山东出版,8.47,-0.09,-1.051,8.47,8.48,8.56,8.57,8.6,8.47,7401233.0,63033120.0,11:20:41
sh601020,华钰矿业,31.28,0.38,1.23,31.27,31.28,30.9,31.17,32.4,31.17,33523468.0,1065173617.0,11:20:41
sh601021,春秋航空,55.59,-0.46,-0.821,55.58,55.59,56.05,56.11,56.58,55.41,1845367.0,103216892.0,11:20:41
sh601022,宁波远洋,9.63,-0.04,-0.414,9.63,9.64,9.67,9.66,9.71,9.61,4154300.0,40083876.0,11:20:40
sh601026,道生天合,21.0,-0.03,-0.143,21.0,21.01,21.03,21.03,21.23,20.84,3741394.0,78702300.0,11:20:41
sh601033,永兴股份,15.74,0.04,0.255,15.74,15.75,15.7,15.71,15.8,15.66,1663000.0,26151802.0,11:20:40
sh601038,一拖股份,12.87,0.01,0.078,12.86,12.87,12.86,12.87,12.89,12.79,3318200.0,42615548.0,11:20:41
sh601058,赛轮轮胎,16.2,0.01,0.062,16.19,16.2,16.19,16.19,16.29,16.1,10028059.0,162516961.0,11:20:41
sh601059,信达证券,17.79,0.0,0.0,0.0,0.0,17.79,0.0,0.0,0.0,0.0,0.0,11:20:36
sh601061,中信金属,15.75,0.27,1.744,15.74,15.75,15.48,15.66,15.83,15.52,17891501.0,280481608.0,11:20:41
sh601065,江盐集团,8.8,-0.01,-0.114,8.79,8.8,8.81,8.78,8.92,8.75,4562700.0,40221573.0,11:20:38
sh601066,中信建投,25.45,0.38,1.516,25.45,25.48,25.07,25.96,26.0,25.34,11370979.0,290657005.0,11:20:43
sh601068,中铝国际,5.49,0.06,1.105,5.49,5.5,5.43,5.43,5.55,5.43,7470620.0,41042556.0,11:20:42
sh601069,西部黄金,26.5,-0.35,-1.304,26.5,26.51,26.85,26.49,27.05,26.41,9615800.0,256465265.0,11:20:42
sh601077,渝农商行,6.84,0.12,1.786,6.83,6.84,6.72,6.73,6.87,6.69,28701604.0,195249767.0,11:20:40
sh601083,锦江航运,11.53,0.0,0.0,11.52,11.53,11.53,11.53,11.62,11.5,3308773.0,38191382.0,11:20:40
sh601086,国芳集团,10.5,-0.34,-3.137,10.5,10.51,10.84,10.85,10.9,10.36,16348600.0,172377351.0,11:20:40
sh601088,中国神华,42.61,0.09,0.212,42.62,42.63,42.52,42.31,42.81,42.29,6505800.0,276744747.0,11:20:40
sh601089,福元医药,22.98,-0.05,-0.217,22.97,22.99,23.03,23.03,23.43,22.6,2657600.0,61108759.0,11:20:36
sh601096,宏盛华源,4.4,-0.01,-0.227,4.39,4.4,4.41,4.41,4.43,4.38,8846994.0,38902343.0,11:20:42
sh601098,中南传媒,11.99,-0.04,-0.333,11.99,12.0,12.03,12.04,12.05,11.98,3680510.0,44186119.0,11:20:40
sh601099,太平洋,4.29,0.03,0.704,4.28,4.29,4.26,4.34,4.37,4.27,105889721.0,457227767.0,11:20:42
sh601100,恒立液压,89.58,2.08,2.377,89.53,89.59,87.5,88.32,90.05,88.0,3778134.0,337353556.0,11:20:40
sh601101,昊华能源,7.79,-0.02,-0.256,7.79,7.8,7.81,7.81,7.82,7.76,3542500.0,27612138.0,11:20:42
sh601106,中国一重,3.15,-0.01,-0.316,3.14,3.15,3.16,3.17,3.2,3.13,18882000.0,59578584.0,11:20:41
sh601107,四川成渝,6.11,0.06,0.992,6.1,6.11,6.05,6.05,6.11,6.03,4295900.0,26027600.0,11:20:40
sh601108,财通证券,8.45,0.08,0.956,8.44,8.45,8.37,8.53,8.56,8.43,33424078.0,284229396.0,11:20:42
sh601111,中国国航,8.74,-0.03,-0.342,8.72,8.73,8.77,8.78,8.89,8.68,24956800.0,219268204.0,11:20:40
sh601113,华鼎股份,4.44,0.04,0.909,4.43,4.44,4.4,4.41,4.5,4.37,33235500.0,147157634.0,11:20:42
sh601116,三江购物,15.22,-0.04,-0.262,15.2,15.22,15.26,15.3,15.35,14.67,24834479.0,369991891.0,11:20:42
sh601117,中国化学,7.73,0.04,0.52,7.73,7.74,7.69,7.71,7.78,7.7,23580376.0,182700830.0,11:20:42
sh601118,海南橡胶,6.0,0.1,1.695,6.0,6.01,5.9,5.93,6.04,5.88,35924887.0,213762836.0,11:20:42
sh601121,宝地矿业,7.72,0.16,2.116,7.72,7.73,7.56,7.52,7.93,7.47,19735900.0,152943545.0,11:20:40
sh601126,四方股份,26.2,-0.35,-1.318,26.2,26.21,26.55,26.88,27.34,26.14,10118369.0,268999873.0,11:20:42
sh601127,赛力斯,127.45,-2.48,-1.909,127.44,127.45,129.93,129.65,130.69,127.27,14308419.0,1838030266.0,11:20:42
sh601128,常熟银行,7.18,0.08,1.127,7.18,7.19,7.1,7.1,7.19,7.07,21241054.0,151850061.0,11:20:41
sh601133,柏诚股份,13.54,0.68,5.288,13.53,13.54,12.86,12.94,14.15,12.89,20358025.0,277259284.0,11:20:41
sh601136,首创证券,20.91,0.96,4.812,20.9,20.91,19.95,21.72,21.77,20.74,47012821.0,1001447167.0,11:20:42
sh601137,博威合金,21.33,-0.41,-1.886,21.33,21.35,21.74,21.84,21.96,21.33,6364700.0,137360616.0,11:20:40
sh601138,工业富联,65.45,0.39,0.599,65.45,65.46,65.06,68.06,68.33,65.0,106832089.0,7099227790.0,11:20:42
sh601139,深圳燃气,6.76,0.03,0.446,6.75,6.76,6.73,6.75,6.78,6.73,5945301.0,40131848.0,11:20:40
sh601155,新城控股,14.97,0.48,3.313,14.96,14.97,14.49,14.54,14.98,14.25,12545001.0,182664031.0,11:20:42
sh601156,东航物流,16.61,0.02,0.121,16.6,16.61,16.59,16.63,16.7,16.51,2549200.0,42285006.0,11:20:41
sh601158,重庆水务,4.77,0.02,0.421,4.76,4.77,4.75,4.76,4.79,4.73,6802201.0,32372861.0,11:20:41
sh601162,天风证券,5.04,0.05,1.002,5.03,5.04,4.99,5.11,5.13,5.02,104290480.0,529305749.0,11:20:42
sh601163,三角轮胎,14.89,0.01,0.067,14.89,14.9,14.88,14.95,14.99,14.83,1782700.0,26571733.0,11:20:41
sh601166,兴业银行,21.78,0.35,1.633,21.77,21.78,21.43,21.39,21.84,21.36,47577187.0,1028850590.0,11:20:42
sh601168,西部矿业,23.36,0.02,0.086,23.35,23.36,23.34,23.41,23.82,23.33,17813181.0,420817534.0,11:20:42
sh601169,北京银行,5.88,0.14,2.439,5.87,5.88,5.74,5.75,5.9,5.74,258672260.0,1506457851.0,11:20:40
sh601177,杭齿前进,16.46,-0.15,-0.903,16.45,16.46,16.61,16.72,16.76,16.41,2042108.0,33791357.0,11:20:38
sh601179,中国西电,8.97,-0.01,-0.111,8.96,8.97,8.98,9.09,9.16,8.9,134049105.0,1210292486.0,11:20:42
sh601186,中国铁建,7.87,0.03,0.383,7.87,7.88,7.84,7.86,7.89,7.84,18297804.0,143851944.0,11:20:42
sh601187,厦门银行,7.1,0.03,0.424,7.1,7.11,7.07,7.08,7.12,7.03,10589500.0,74981921.0,11:20:41
sh601188,龙江交通,3.62,-0.01,-0.275,3.61,3.62,3.63,3.62,3.65,3.58,12471600.0,44997038.0,11:20:41
sh601198,东兴证券,13.13,0.0,0.0,0.0,0.0,13.13,0.0,0.0,0.0,0.0,0.0,11:20:40
sh601199,江南水务,5.9,0.05,0.855,5.9,5.91,5.85,5.87,5.96,5.87,3395951.0,20068180.0,11:20:37
sh601200,上海环境,8.46,0.06,0.714,8.45,8.46,8.4,8.41,8.5,8.4,4223418.0,35669651.0,11:20:40
sh601208,东材科技,18.46,1.68,10.012,18.46,0.0,16.78,17.6,18.46,17.6,95132744.0,1739120469.0,11:20:40
sh601211,国泰海通,19.77,0.11,0.56,19.76,19.77,19.66,19.93,19.98,19.65,53800030.0,1064802303.0,11:20:41
sh601212,白银有色,4.96,-0.05,-0.998,4.96,4.97,5.01,4.99,5.08,4.93,58485807.0,292204468.0,11:20:41
sh601216,君正集团,5.18,0.0,0.0,5.17,5.18,5.18,5.2,5.22,5.16,24309571.0,125997391.0,11:20:42
sh601218,吉鑫科技,5.17,0.02,0.388,5.17,5.18,5.15,5.16,5.24,5.14,15539103.0,80528591.0,11:20:40
sh601222,林洋能源,5.9,0.0,0.0,5.89,5.9,5.9,5.93,5.95,5.88,9473000.0,55877289.0,11:20:41
sh601225,陕西煤业,23.63,-0.13,-0.547,23.62,23.63,23.76,23.68,23.79,23.46,10145808.0,239467178.0,11:20:41
sh601226,华电科工,7.67,0.08,1.054,7.66,7.67,7.59,7.66,7.85,7.48,16970664.0,129926493.0,11:20:41
sh601228,广州港,3.4,0.01,0.295,3.39,3.4,3.39,3.38,3.4,3.37,8146600.0,27595789.0,11:20:41
sh601229,上海银行,10.17,0.15,1.497,10.16,10.17,10.02,10.02,10.22,9.99,30971957.0,314044001.0,11:20:42
sh601231,环旭电子,21.71,0.11,0.509,21.71,21.72,21.6,21.89,22.2,21.67,9050790.0,198784335.0,11:20:40
sh601233,桐昆股份,15.29,-0.27,-1.735,15.29,15.3,15.56,15.55,15.75,15.11,13221073.0,203488213.0,11:20:40
sh601236,红塔证券,8.66,0.02,0.231,8.66,8.68,8.64,8.75,8.77,8.64,9515490.0,82770910.0,11:20:41
sh601238,广汽集团,7.81,-0.12,-1.513,7.8,7.81,7.93,7.96,7.98,7.73,32051781.0,251281361.0,11:20:42
sh601279,英利汽车,5.78,0.53,10.095,5.78,0.0,5.25,5.75,5.78,5.68,38450317.0,222024909.0,11:20:42
sh601288,农业银行,8.22,0.0,0.0,8.22,8.23,8.22,8.19,8.28,8.1,178919901.0,1469379509.0,11:20:41
sh601298,青岛港,8.77,0.03,0.343,8.76,8.77,8.74,8.75,8.78,8.72,4969000.0,43495239.0,11:20:41
sh601311,骆驼股份,9.45,0.02,0.212,9.44,9.45,9.43,9.49,9.62,9.41,12013918.0,114322205.0,11:20:37
sh601318,中国平安,60.51,0.14,0.232,60.48,60.51,60.37,60.6,60.67,60.26,18290937.0,1105930362.0,11:20:41
sh601319,中国人保,8.88,0.09,1.024,8.88,8.89,8.79,8.79,8.98,8.75,55703600.0,494734950.0,11:20:42
sh601326,秦港股份,3.65,0.03,0.829,3.64,3.65,3.62,3.61,3.65,3.61,12102400.0,43904952.0,11:20:41
sh601328,交通银行,7.7,0.17,2.258,7.69,7.7,7.53,7.51,7.72,7.48,180675425.0,1379852482.0,11:20:41
sh601330,绿色动力,7.31,0.06,0.828,7.3,7.31,7.25,7.27,7.34,7.24,3660900.0,26676025.0,11:20:42
sh601333,广深铁路,3.03,0.0,0.0,3.03,3.04,3.03,3.03,3.04,3.02,20959500.0,63488253.0,11:20:42
sh601336,新华保险,67.99,-0.21,-0.308,67.98,67.99,68.2,67.8,68.59,67.8,5563345.0,378779115.0,11:20:41
sh601339,百隆东方,5.66,-0.04,-0.702,5.65,5.66,5.7,5.7,5.73,5.61,6669500.0,37672474.0,11:20:43
sh601360,三六零,13.3,-0.33,-2.421,13.3,13.31,13.63,13.63,13.68,13.24,151325762.0,2030549375.0,11:20:41
sh601366,利群股份,4.73,-0.11,-2.273,4.72,4.73,4.84,4.84,4.84,4.67,23137500.0,109439965.0,11:20:41
sh601368,绿城水务,5.23,0.04,0.771,5.22,5.23,5.19,5.2,5.25,5.18,2922900.0,15247557.0,11:20:40
sh601369,陕鼓动力,9.15,-0.01,-0.109,9.15,9.16,9.16,9.17,9.21,9.08,5824350.0,53162586.0,11:20:39
sh601375,中原证券,4.46,0.03,0.677,4.46,4.47,4.43,4.5,4.51,4.44,27180141.0,121464783.0,11:20:40
sh601377,兴业证券,6.97,0.16,2.349,6.97,6.99,6.81,6.99,7.06,6.92,135830090.0,947662873.0,11:20:42
sh601388,怡球资源,3.1,0.01,0.324,3.1,3.11,3.09,3.11,3.18,3.08,36885600.0,115615918.0,11:20:41
sh601390,中国中铁,5.58,0.03,0.541,5.57,5.58,5.55,5.55,5.58,5.55,35461948.0,197387889.0,11:20:41
sh601398,工商银行,8.34,0.11,1.337,8.33,8.34,8.23,8.21,8.4,8.18,218541762.0,1817443527.0,11:20:40
sh601399,国机重装,3.39,-0.01,-0.294,3.38,3.39,3.4,3.42,3.44,3.37,30839040.0,104701352.0,11:20:41
sh601456,国联民生,10.46,0.04,0.384,10.45,10.46,10.42,10.6,10.64,10.43,15228461.0,160159616.0,11:20:42
sh601500,通用股份,4.43,-0.01,-0.225,4.43,4.44,4.44,4.45,4.47,4.42,6227880.0,27649287.0,11:20:40
sh601512,中新集团,9.13,-0.08,-0.869,9.13,9.14,9.21,9.18,9.25,8.99,4133800.0,37627763.0,11:20:42
sh601515,衢州东峰,4.7,0.01,0.213,4.7,4.71,4.69,4.72,4.8,4.6,20288580.0,95574256.0,11:20:41
sh601518,吉林高速,2.99,0.0,0.0,2.98,2.99,2.99,2.99,3.02,2.95,11491320.0,34313103.0,11:20:37
sh601519,大智慧,13.0,-0.01,-0.077,12.99,13.0,13.01,13.56,13.62,12.95,19108314.0,251834511.0,11:20:42
sh601528,瑞丰银行,5.63,0.06,1.077,5.63,5.64,5.57,5.55,5.65,5.55,9164269.0,51320803.0,11:20:40
sh601555,东吴证券,9.33,0.04,0.431,9.32,9.33,9.29,9.45,9.48,9.3,35899441.0,337468800.0,11:20:42
sh601566,九牧王,16.45,-0.29,-1.732,16.44,16.45,16.74,17.93,18.41,15.55,68050735.0,1186455717.0,11:20:42
sh601567,三星医疗,24.5,-0.36,-1.448,24.49,24.5,24.86,25.05,25.14,24.33,6699600.0,165289161.0,11:20:40
sh601568,北元集团,4.1,0.0,0.0,4.09,4.1,4.1,4.1,4.13,4.08,8697550.0,35668012.0,11:20:43
sh601577,长沙银行,9.87,0.16,1.648,9.86,9.87,9.71,9.71,9.87,9.69,12356005.0,121133300.0,11:20:41
sh601579,会稽山,22.5,-0.26,-1.142,22.49,22.5,22.76,22.6,22.66,22.03,5794100.0,128827154.0,11:20:41
sh601588,北辰实业,1.94,0.03,1.571,1.94,1.95,1.91,1.91,1.95,1.88,40107500.0,76510032.0,11:20:40
sh601595,上海电影,30.5,-0.15,-0.489,30.49,30.5,30.65,30.67,30.95,30.05,6623447.0,201758363.0,11:20:40
sh601598,中国外运,6.2,0.02,0.324,6.19,6.2,6.18,6.16,6.22,6.15,5258331.0,32487853.0,11:20:41
sh601599,浙文影业,3.82,0.02,0.526,3.81,3.82,3.8,3.81,3.83,3.76,11886400.0,45160574.0,11:20:41
sh601600,中国铝业,11.07,0.09,0.82,11.06,11.07,10.98,11.1,11.3,11.05,193644333.0,2164753625.0,11:20:40
sh601601,中国太保,35.8,-0.03,-0.084,35.79,35.81,35.83,36.0,36.13,35.66,13845882.0,496705722.0,11:20:42
sh601606,长城军工,53.03,-2.12,-3.844,53.03,53.04,55.15,53.0,53.99,51.92,44541684.0,2352236301.0,11:20:42
sh601607,上海医药,17.95,0.03,0.167,17.94,17.95,17.92,17.93,18.0,17.91,4394500.0,78896535.0,11:20:42
sh601608,中信重工,7.03,-0.06,-0.846,7.02,7.03,7.09,7.1,7.16,7.01,23448800.0,165730933.0,11:20:42
sh601609,金田股份,10.34,0.01,0.097,10.33,10.34,10.33,10.47,10.5,10.32,11621797.0,121295812.0,11:20:40
sh601611,XD中国核,11.71,-0.35,-2.902,11.7,11.71,12.06,11.98,11.99,11.63,38667775.0,456670780.0,11:20:41
sh601615,明阳智能,13.68,-0.15,-1.085,13.68,13.69,13.83,13.83,14.06,13.67,11836241.0,164195474.0,11:20:42
sh601616,广电电气,4.11,-0.05,-1.202,4.1,4.11,4.16,4.18,4.2,4.07,12210500.0,50355570.0,11:20:40
sh601618,中国中冶,3.31,0.01,0.303,3.3,3.31,3.3,3.3,3.33,3.29,68036000.0,225149205.0,11:20:40
sh601619,嘉泽新能,4.33,-0.11,-2.477,4.33,4.34,4.44,4.44,4.45,4.31,25623284.0,111876358.0,11:20:41
sh601628,中国人寿,44.55,0.25,0.564,44.54,44.55,44.3,44.22,44.96,44.03,7667121.0,341136084.0,11:20:41
sh601633,长城汽车,22.02,0.05,0.228,22.02,22.03,21.97,22.0,22.12,21.91,5506367.0,121233517.0,11:20:40
sh601636,旗滨集团,6.17,0.0,0.0,6.16,6.17,6.17,6.18,6.27,6.14,12071041.0,74904546.0,11:20:42
sh601658,邮储银行,5.95,0.22,3.839,5.95,5.96,5.73,5.72,5.97,5.71,237962112.0,1394291998.0,11:20:42
sh601665,齐鲁银行,6.11,0.03,0.493,6.11,6.12,6.08,6.08,6.13,6.05,26515117.0,161706736.0,11:20:42
sh601666,平煤股份,8.08,-0.02,-0.247,8.07,8.08,8.1,8.09,8.1,8.04,9187322.0,74080054.0,11:20:41
sh601668,中国建筑,5.34,0.05,0.945,5.33,5.34,5.29,5.29,5.34,5.28,112055774.0,594236315.0,11:20:40
sh601669,中国电建,5.61,0.03,0.538,5.61,5.62,5.58,5.6,5.63,5.59,43735832.0,245469499.0,11:20:41
sh601677,明泰铝业,14.6,0.14,0.968,14.6,14.61,14.46,14.54,14.96,14.5,22109140.0,325887648.0,11:20:42
sh601678,滨化股份,4.65,-0.04,-0.853,4.64,4.65,4.69,4.68,4.74,4.62,29583946.0,138421408.0,11:20:41
sh601686,友发集团,6.37,0.01,0.157,6.37,6.38,6.36,6.36,6.42,6.35,3396690.0,21690396.0,11:20:34
sh601688,华泰证券,21.89,-0.27,-1.218,21.89,21.9,22.16,22.7,22.87,21.85,59829274.0,1330143192.0,11:20:42
sh601689,拓普集团,59.8,-0.67,-1.108,59.8,59.81,60.47,60.8,61.1,59.7,9363434.0,563445609.0,11:20:40
sh601696,中银证券,13.28,0.07,0.53,13.28,13.29,13.21,13.48,13.55,13.25,16895687.0,226233424.0,11:20:38
sh601698,中国卫通,20.9,0.09,0.432,20.9,20.91,20.81,20.89,20.97,20.74,11061680.0,230874563.0,11:20:40
sh601699,潞安环能,13.78,-0.19,-1.36,13.77,13.78,13.97,13.8,14.0,13.7,13247173.0,182551723.0,11:20:42
sh601700,风范股份,5.15,0.1,1.98,5.14,5.16,5.05,5.04,5.19,5.04,13715950.0,70239346.0,11:20:42
sh601702,华峰铝业,17.27,0.08,0.465,17.26,17.27,17.19,17.24,17.55,17.19,4945700.0,86069302.0,11:20:42
sh601717,中创智领,22.67,-0.05,-0.22,22.66,22.67,22.72,22.8,22.98,22.65,5495600.0,125439766.0,11:20:42
sh601718,际华集团,3.67,-0.03,-0.811,3.66,3.67,3.7,3.68,3.71,3.64,21516800.0,78893437.0,11:20:40
sh601727,上海电气,8.7,0.04,0.462,8.7,8.71,8.66,8.68,8.75,8.64,59547935.0,517425113.0,11:20:40
sh601728,中国电信,6.87,0.07,1.029,6.87,6.88,6.8,6.81,6.88,6.8,66708522.0,456809091.0,11:20:42
sh601766,XD中国中,7.48,0.02,0.268,7.47,7.48,7.46,7.5,7.5,7.46,31190079.0,233276117.0,11:20:41
sh601777,千里科技,11.19,-0.07,-0.622,11.19,11.2,11.26,11.35,11.35,11.15,9117084.0,102151249.0,11:20:39
sh601778,晶科科技,3.5,-0.01,-0.285,3.5,3.51,3.51,3.52,3.54,3.48,27623092.0,97002497.0,11:20:42
sh601788,光大证券,18.37,0.2,1.101,18.36,18.37,18.17,18.66,18.7,18.3,25442822.0,470103527.0,11:20:40
sh601789,宁波建工,5.47,-0.11,-1.971,5.46,5.47,5.58,5.59,5.6,5.38,53369933.0,290976700.0,11:20:40
sh601798,蓝科高新,9.14,-0.05,-0.544,9.13,9.15,9.19,9.22,9.23,9.1,3030900.0,27756568.0,11:20:40
sh601799,星宇股份,122.21,-0.29,-0.237,122.23,122.35,122.5,123.03,123.94,122.1,462273.0,56730086.0,11:20:41
sh601800,中国交建,8.66,0.03,0.348,8.65,8.66,8.63,8.63,8.66,8.61,9439100.0,81534752.0,11:20:42
sh601801,皖新传媒,6.71,-0.01,-0.149,6.71,6.72,6.72,6.74,6.74,6.68,3414888.0,22891438.0,11:20:41
sh601808,中海油服,14.65,-0.18,-1.214,14.64,14.65,14.83,14.7,14.77,14.55,5262700.0,76979345.0,11:20:42
sh601811,新华文轩,14.01,-0.01,-0.071,14.0,14.02,14.02,13.99,14.08,13.96,858131.0,12010906.0,11:20:37
sh601816,京沪高铁,5.15,0.03,0.586,5.14,5.15,5.12,5.13,5.16,5.12,40894480.0,209945019.0,11:20:42
sh601818,光大银行,3.7,0.1,2.778,3.69,3.7,3.6,3.59,3.7,3.58,325348619.0,1190793287.0,11:20:40
sh601825,沪农商行,9.14,0.18,2.009,9.13,9.14,8.96,8.96,9.16,8.91,12707800.0,115145587.0,11:20:41
sh601827,三峰环境,8.68,0.1,1.166,8.67,8.68,8.58,8.65,8.68,8.59,2112700.0,18216392.0,11:20:41
sh601828,美凯龙,2.74,0.03,1.107,2.73,2.74,2.71,2.71,2.74,2.68,17151400.0,46373693.0,11:20:41
sh601838,成都银行,16.85,0.15,0.898,16.84,16.85,16.7,16.68,16.88,16.65,19786870.0,332312472.0,11:20:41
sh601857,中国石油,10.39,0.12,1.168,10.38,10.39,10.27,10.16,10.41,10.11,93458904.0,961346091.0,11:20:41
sh601858,中国科传,18.71,0.01,0.053,18.71,18.73,18.7,18.85,18.85,18.56,1801844.0,33645441.0,11:20:42
sh601860,紫金银行,2.88,0.04,1.408,2.87,2.88,2.84,2.84,2.89,2.83,44364073.0,126988317.0,11:20:42
sh601865,福莱特,17.51,-0.17,-0.962,17.51,17.52,17.68,17.74,17.81,17.5,5821954.0,102708410.0,11:20:41
sh601866,中远海发,2.64,-0.01,-0.377,2.63,2.64,2.65,2.66,2.66,2.61,44726900.0,117652447.0,11:20:38
sh601868,中国能建,2.4,0.01,0.418,2.4,2.41,2.39,2.4,2.41,2.39,118223157.0,283689034.0,11:20:41
sh601869,长飞光纤,78.4,-5.28,-6.31,78.4,78.42,83.68,86.0,86.58,78.0,13356474.0,1079541777.0,11:20:41
sh601872,招商轮船,9.07,-0.21,-2.263,9.06,9.07,9.28,9.14,9.26,8.95,44884546.0,408894339.0,11:20:42
sh601877,正泰电器,29.46,-0.32,-1.075,29.46,29.47,29.78,29.8,30.13,29.41,15161719.0,451204911.0,11:20:40
sh601878,浙商证券,11.34,0.08,0.71,11.34,11.35,11.26,11.47,11.55,11.31,23494834.0,267947591.0,11:20:41
sh601880,辽港股份,1.69,0.0,0.0,1.68,1.69,1.69,1.7,1.7,1.68,47037775.0,79448427.0,11:20:42
sh601881,中国银河,16.68,0.16,0.969,16.68,16.69,16.52,17.2,17.2,16.66,49418815.0,835168982.0,11:20:42
sh601882,海天精工,19.18,-0.08,-0.415,19.18,19.19,19.26,19.36,19.38,19.14,994100.0,19108106.0,11:20:36
sh601886,江河集团,8.26,-0.09,-1.078,8.26,8.27,8.35,8.29,8.39,8.21,2760400.0,22872909.0,11:20:41
sh601888,中国中免,82.86,0.46,0.558,82.84,82.86,82.4,82.8,83.2,81.8,19430884.0,1603065421.0,11:20:41
sh601890,亚星锚链,10.71,0.06,0.563,10.7,10.71,10.65,10.84,10.95,10.46,136196088.0,1465162157.0,11:20:41
sh601898,中煤能源,14.62,-0.22,-1.482,14.62,14.63,14.84,14.65,14.8,14.5,12660700.0,185066724.0,11:20:40
sh601899,紫金矿业,29.02,-0.32,-1.091,29.02,29.03,29.34,29.4,29.68,29.01,76637239.0,2248016699.0,11:20:42
sh601900,南方传媒,13.87,-0.1,-0.716,13.86,13.87,13.97,13.97,14.04,13.83,3071744.0,42795344.0,11:20:40
sh601901,方正证券,8.23,0.15,1.856,8.23,8.24,8.08,8.28,8.3,8.19,87517510.0,721484076.0,11:20:41
sh601908,京运通,4.08,-0.06,-1.449,4.07,4.08,4.14,4.14,4.17,4.06,25232366.0,103545399.0,11:20:41
sh601916,浙商银行,3.17,0.06,1.929,3.17,3.18,3.11,3.11,3.18,3.11,215610954.0,680139285.0,11:20:41
sh601918,新集能源,7.23,0.02,0.277,7.23,7.24,7.21,7.21,7.27,7.16,10855802.0,78235432.0,11:20:42
sh601919,中远海控,15.25,0.0,0.0,15.24,15.25,15.25,15.27,15.29,15.16,21142841.0,321878971.0,11:20:39
sh601921,浙版传媒,7.97,0.0,0.0,7.96,7.97,7.97,8.01,8.01,7.95,3341700.0,26629941.0,11:20:40
sh601928,凤凰传媒,10.14,0.0,0.0,10.13,10.14,10.14,10.13,10.15,10.11,3451300.0,34975087.0,11:20:38
sh601929,吉视传媒,3.73,-0.02,-0.533,3.72,3.73,3.75,3.75,3.82,3.71,103454178.0,388098219.0,11:20:41
sh601933,永辉超市,4.1,-0.25,-5.747,4.09,4.1,4.35,4.33,4.35,4.05,223603193.0,930815069.0,11:20:42
sh601939,建设银行,9.92,0.4,4.202,9.91,9.92,9.52,9.48,9.94,9.45,147998562.0,1443172762.0,11:20:42
sh601949,中国出版,6.67,-0.01,-0.15,6.66,6.67,6.68,6.68,6.7,6.64,3749000.0,24985135.0,11:20:38
sh601952,苏垦农发,9.45,-0.02,-0.211,9.45,9.46,9.47,9.47,9.49,9.38,3674786.0,34621033.0,11:20:42
sh601956,东贝集团,7.2,-0.01,-0.139,7.2,7.21,7.21,7.23,7.26,7.07,5998820.0,43117081.0,11:20:40
sh601958,金钼股份,14.42,-0.01,-0.069,14.42,14.43,14.43,14.4,14.7,14.36,10626019.0,154877990.0,11:20:42
sh601963,重庆银行,11.36,0.07,0.62,11.36,11.37,11.29,11.34,11.39,11.22,3923700.0,44480246.0,11:20:40
sh601965,中国汽研,16.89,-0.05,-0.295,16.87,16.89,16.94,16.99,16.99,16.81,789876.0,13337148.0,11:20:42
sh601966,玲珑轮胎,15.33,-0.11,-0.712,15.32,15.33,15.44,15.48,15.48,15.28,5824800.0,89434461.0,11:20:40
sh601968,宝钢包装,5.35,0.05,0.943,5.34,5.35,5.3,5.29,5.39,5.29,6064400.0,32367917.0,11:20:37
sh601969,海南矿业,13.2,0.61,4.845,13.19,13.2,12.59,12.3,13.31,12.25,66675488.0,849955212.0,11:20:40
sh601975,招商南油,3.28,0.01,0.306,3.27,3.28,3.27,3.26,3.28,3.25,50649300.0,165413875.0,11:20:42
sh601985,中国核电,8.81,0.08,0.916,8.8,8.81,8.73,8.75,8.83,8.74,39671779.0,348444453.0,11:20:41
sh601988,中国银行,6.29,0.29,4.833,6.29,6.3,6.0,5.99,6.33,5.96,477966296.0,2966718714.0,11:20:42
sh601990,南京证券,8.46,0.02,0.237,8.45,8.46,8.44,8.53,8.57,8.44,16510980.0,140336313.0,11:20:41
sh601991,大唐发电,3.58,0.0,0.0,3.58,3.59,3.58,3.58,3.6,3.57,34129299.0,122447341.0,11:20:41
sh601992,金隅集团,1.74,0.02,1.163,1.73,1.74,1.72,1.72,1.74,1.71,44152224.0,76249749.0,11:20:41
sh601995,中金公司,34.89,0.0,0.0,0.0,0.0,34.89,0.0,0.0,0.0,0.0,0.0,11:20:36
sh601996,丰林集团,2.57,-0.01,-0.388,2.56,2.57,2.58,2.58,2.6,2.49,20202200.0,51286229.0,11:20:41
sh601997,贵阳银行,6.18,0.11,1.812,6.18,6.19,6.07,6.07,6.2,6.06,35198059.0,216236909.0,11:20:40
sh601998,中信银行,8.21,0.17,2.114,8.2,8.21,8.04,8.04,8.25,8.01,46201541.0,376849618.0,11:20:42
sh601999,出版传媒,7.39,0.01,0.136,7.38,7.39,7.38,7.44,7.47,7.24,4627900.0,34043607.0,11:20:32
sh603000,人民网,19.52,-0.1,-0.51,19.51,19.52,19.62,19.63,19.7,19.42,4221714.0,82453576.0,11:20:41
sh603001,奥康国际,9.07,-0.32,-3.408,9.07,9.08,9.39,9.39,9.39,8.96,4242400.0,38875478.0,11:20:42
sh603002,宏昌电子,7.72,0.34,4.607,7.71,7.72,7.38,7.92,8.12,7.62,104044817.0,829772426.0,11:20:41
sh603004,鼎龙科技,24.32,-0.26,-1.058,24.32,24.33,24.58,24.6,24.99,24.27,4105851.0,100779672.0,11:20:40
sh603005,晶方科技,27.17,0.1,0.369,27.17,27.18,27.07,27.35,27.53,27.11,7273056.0,198770990.0,11:20:42
sh603006,联明股份,13.55,-0.12,-0.878,13.55,13.56,13.67,13.72,13.98,13.45,1956900.0,26689461.0,11:20:41
sh603007,*ST花王,5.39,-0.1,-1.821,5.38,5.39,5.49,5.51,5.59,5.34,8198031.0,44659730.0,11:20:40
sh603008,喜临门,19.38,0.42,2.215,19.38,19.39,18.96,18.82,19.53,18.72,8210200.0,156631067.0,11:20:40
sh603009,北特科技,40.54,-0.57,-1.387,40.52,40.53,41.11,41.21,41.62,40.42,2314700.0,94486337.0,11:20:40
sh603010,万盛股份,11.72,-0.1,-0.846,11.71,11.72,11.82,11.89,12.07,11.64,6774500.0,80417312.0,11:20:42
sh603011,合锻智能,20.09,-0.48,-2.333,20.09,20.1,20.57,20.5,20.68,20.0,14957858.0,303428523.0,11:20:42
sh603012,创力集团,6.04,-0.05,-0.821,6.03,6.04,6.09,6.11,6.15,5.99,7455200.0,45094828.0,11:20:39
sh603013,亚普股份,21.14,-0.14,-0.658,21.14,21.15,21.28,21.49,21.5,21.05,1255700.0,26625339.0,11:20:38
sh603014,威高血净,40.5,-0.09,-0.222,40.5,40.51,40.59,40.6,40.98,40.44,1119257.0,45542882.0,11:20:42
sh603015,弘讯科技,11.77,-0.58,-4.696,11.76,11.77,12.35,12.32,12.52,11.73,8353646.0,99800508.0,11:20:42
sh603016,新宏泰,25.33,-0.12,-0.472,25.3,25.33,25.45,25.76,25.81,25.22,542907.0,13862496.0,11:20:42
sh603017,中衡设计,10.03,0.03,0.3,10.03,10.04,10.0,10.0,10.11,9.91,2195300.0,21960461.0,11:20:41
sh603018,华设集团,7.67,0.01,0.131,7.66,7.67,7.66,7.69,7.72,7.61,2322700.0,17772744.0,11:20:42
sh603019,中科曙光,100.45,0.46,0.46,100.45,100.46,99.99,102.0,102.78,100.0,14629012.0,1479582106.0,11:20:42
sh603020,爱普股份,10.52,-0.04,-0.379,10.52,10.54,10.56,10.53,10.75,10.46,1702100.0,17970498.0,11:20:37
sh603021,ST华鹏,5.34,-0.2,-3.61,5.33,5.35,5.54,5.64,5.65,5.27,5293540.0,28650505.0,11:20:39
sh603022,新通联,10.68,-0.03,-0.28,10.67,10.68,10.71,10.79,10.85,10.5,2199300.0,23402927.0,11:20:42
sh603023,威帝股份,4.23,-0.01,-0.236,4.22,4.23,4.24,4.26,4.31,4.18,5857300.0,24897573.0,11:20:44
sh603025,大豪科技,17.73,0.08,0.453,17.73,17.74,17.65,17.8,17.88,17.69,3821642.0,67905220.0,11:20:43
sh603026,石大胜华,88.72,-1.63,-1.804,88.71,88.79,90.35,89.52,93.99,88.0,14219594.0,1295252900.0,11:20:44
sh603027,千禾味业,9.63,-0.06,-0.619,9.62,9.63,9.69,9.7,9.73,9.52,8144100.0,78189542.0,11:20:44
sh603028,赛福天,8.04,-0.08,-0.985,8.04,8.05,8.12,8.11,8.26,7.95,5015450.0,40563792.0,11:20:41
sh603029,天鹅股份,19.75,-0.27,-1.349,19.75,19.76,20.02,20.02,20.21,19.37,1754067.0,34549094.0,11:20:41
sh603030,全筑股份,3.46,-0.08,-2.26,3.46,3.47,3.54,3.54,3.54,3.44,20560800.0,71503146.0,11:20:44
sh603031,安孚科技,38.56,-0.44,-1.128,38.52,38.58,39.0,39.13,39.88,38.48,1402700.0,54848151.0,11:20:43
sh603032,德新科技,23.32,-1.02,-4.191,23.31,23.32,24.34,24.01,24.8,23.09,26147905.0,622579603.0,11:20:43
sh603033,三维股份,11.2,-0.16,-1.408,11.2,11.21,11.36,11.38,11.39,11.16,1449300.0,16312514.0,11:20:43
sh603035,常熟汽饰,15.51,-0.06,-0.385,15.5,15.52,15.57,15.77,15.77,15.45,1905400.0,29744851.0,11:20:44
sh603036,如通股份,19.74,-0.46,-2.277,19.72,19.74,20.2,20.17,20.42,19.44,4184700.0,83366688.0,11:20:43
sh603037,凯众股份,13.57,0.37,2.803,13.57,13.58,13.2,13.23,13.97,13.23,9984712.0,137254407.0,11:20:43
sh603038,华立股份,18.02,-0.15,-0.826,18.02,18.03,18.17,18.2,18.35,17.7,3872830.0,69797563.0,11:20:44
sh603039,泛微网络,52.56,-0.86,-1.61,52.54,52.56,53.42,53.45,53.65,52.33,694300.0,36638494.0,11:20:44
sh603040,新坐标,72.94,-1.13,-1.526,72.93,72.94,74.07,74.28,75.3,72.85,436231.0,32081136.0,11:20:41
sh603041,美思德,12.93,-0.02,-0.154,12.93,12.94,12.95,12.99,13.12,12.8,1548500.0,20096822.0,11:20:43
sh603042,华脉科技,16.13,0.36,2.283,16.12,16.13,15.77,15.87,16.38,15.84,5501614.0,88179836.0,11:20:43
sh603043,广州酒家,17.0,-0.08,-0.468,17.0,17.01,17.08,17.02,17.09,16.79,2179218.0,36893131.0,11:20:43
sh603045,福达合金,20.61,-0.12,-0.579,20.6,20.61,20.73,20.82,20.93,20.43,1194900.0,24743584.0,11:20:43
sh603048,浙江黎明,20.01,-0.3,-1.477,20.01,20.02,20.31,20.46,20.46,19.8,1387100.0,27829173.0,11:20:42
sh603049,中策橡胶,56.18,-0.47,-0.83,56.17,56.18,56.65,56.8,57.25,56.01,1985700.0,112199539.0,11:20:43
sh603050,科林电气,17.54,-0.09,-0.51,17.54,17.55,17.63,17.68,17.82,17.48,1295376.0,22860879.0,11:20:29
sh603051,鹿山新材,22.57,-0.51,-2.21,22.56,22.57,23.08,23.08,23.16,22.4,4175255.0,95007290.0,11:20:43
sh603052,可川科技,31.84,-0.31,-0.964,31.83,31.84,32.15,32.95,33.8,31.7,3224000.0,104960975.0,11:20:44
sh603053,成都燃气,10.44,0.08,0.772,10.43,10.44,10.36,10.39,10.5,10.37,1804769.0,18816153.0,11:20:19
sh603055,台华新材,9.1,-0.04,-0.438,9.1,9.11,9.14,9.14,9.17,9.01,2679662.0,24297662.0,11:20:43
sh603056,德邦股份,14.58,-0.01,-0.069,14.57,14.58,14.59,14.6,14.65,14.5,2835423.0,41295694.0,11:20:43
sh603057,紫燕食品,18.53,-0.42,-2.216,18.52,18.54,18.95,18.95,19.1,18.25,2028500.0,37709088.0,11:20:44
sh603058,永吉股份,9.21,0.04,0.436,9.2,9.21,9.17,9.23,9.3,9.1,2510890.0,23125852.0,11:20:43
sh603059,倍加洁,34.59,-0.57,-1.621,34.59,34.6,35.16,35.06,35.9,34.0,3570400.0,124911529.0,11:20:42
sh603060,国检集团,6.52,0.01,0.154,6.52,6.53,6.51,6.55,6.58,6.45,2959090.0,19246039.0,11:20:42
sh603061,金海通,123.98,0.44,0.356,123.57,123.96,123.54,124.16,126.5,122.58,480070.0,59367666.0,11:20:44
sh603062,麦加芯彩,45.69,-0.79,-1.7,45.6,45.7,46.48,46.5,46.81,45.6,360400.0,16612071.0,11:20:37
sh603063,禾望电气,30.31,-0.04,-0.132,30.31,30.34,30.35,30.5,30.7,30.21,5089730.0,154629406.0,11:20:42
sh603065,宿迁联盛,8.71,-0.02,-0.229,8.71,8.72,8.73,8.73,8.83,8.63,2177600.0,19000408.0,11:20:43
sh603066,音飞储存,11.15,-0.02,-0.179,11.15,11.16,11.17,11.2,11.26,11.01,1128300.0,12550420.0,11:20:39
sh603067,振华股份,27.71,-0.65,-2.292,27.71,27.73,28.36,28.7,29.1,27.47,27559085.0,778031865.0,11:20:42
sh603068,博通集成,35.82,-0.63,-1.728,35.81,35.82,36.45,36.71,36.87,35.66,2339118.0,84584003.0,11:20:42
sh603069,海汽集团,26.49,0.31,1.184,26.47,26.49,26.18,26.22,26.52,25.84,7070378.0,185019564.0,11:20:42
sh603070,万控智造,13.82,-0.13,-0.932,13.81,13.82,13.95,13.98,14.08,13.73,1079300.0,14965991.0,11:20:28
sh603071,物产环能,13.59,-0.12,-0.875,13.59,13.6,13.71,13.79,13.79,13.51,1514800.0,20655619.0,11:20:43
sh603072,天和磁材,45.3,0.2,0.443,45.23,45.29,45.1,45.13,45.68,45.11,823475.0,37364902.0,11:20:33
sh603073,彩蝶实业,19.29,-0.02,-0.104,19.27,19.28,19.31,19.57,19.85,18.96,1541000.0,29824489.0,11:20:44
sh603075,热威股份,21.69,-0.02,-0.092,21.68,21.7,21.71,21.87,21.87,21.52,374400.0,8113420.0,11:20:42
sh603076,乐惠国际,25.56,-0.35,-1.351,25.55,25.57,25.91,25.94,25.94,25.3,1076796.0,27501221.0,11:20:42
sh603077,和邦生物,2.33,0.0,0.0,2.33,2.34,2.33,2.33,2.39,2.32,174779420.0,410499036.0,11:20:43
sh603078,江化微,17.83,-0.05,-0.28,17.83,17.84,17.88,18.18,18.22,17.79,5961106.0,107519913.0,11:20:44
sh603079,圣达生物,20.15,-0.8,-3.819,20.15,20.16,20.95,20.96,21.11,19.83,5022400.0,101941492.0,11:20:42
sh603080,新疆火炬,22.51,-0.08,-0.354,22.52,22.54,22.59,22.65,22.79,22.43,1392000.0,31393697.0,11:20:42
sh603081,大丰实业,12.54,-0.06,-0.476,12.54,12.55,12.6,12.69,12.74,12.49,2671400.0,33645949.0,11:20:42
sh603082,北自科技,36.68,0.11,0.301,36.67,36.69,36.57,36.59,36.85,36.38,478200.0,17513532.0,11:20:20
sh603083,剑桥科技,108.07,-4.63,-4.108,108.01,108.07,112.7,117.6,118.33,107.7,24809628.0,2781266286.0,11:20:44
sh603085,天成自控,10.34,-0.05,-0.481,10.34,10.35,10.39,10.49,10.49,10.25,1742000.0,18034483.0,11:20:41
sh603086,先达股份,8.61,-0.13,-1.487,8.6,8.61,8.74,8.77,8.81,8.58,4847749.0,42075307.0,11:20:42
sh603087,甘李药业,62.36,-0.58,-0.922,62.34,62.36,62.94,62.94,63.49,62.08,4201716.0,263731557.0,11:20:44
sh603088,宁波精达,10.79,-0.16,-1.461,10.79,10.8,10.95,11.07,11.17,10.76,6046600.0,66049688.0,11:20:43
sh603089,正裕工业,12.91,-0.11,-0.845,12.91,12.92,13.02,13.06,13.12,12.88,1630454.0,21194436.0,11:20:45
sh603090,宏盛股份,46.02,-0.15,-0.325,46.01,46.02,46.17,46.49,48.99,45.89,1578400.0,74747028.0,11:20:41
sh603091,众鑫股份,74.64,0.14,0.188,74.52,74.64,74.5,74.8,75.11,73.91,322200.0,24041667.0,11:20:44
sh603092,德力佳,75.46,6.11,8.81,75.45,75.46,69.35,69.35,76.29,68.95,9815170.0,727513996.0,11:20:43
sh603093,南华期货,18.95,-0.08,-0.42,18.95,18.96,19.03,19.22,19.3,18.84,2332748.0,44483112.0,11:20:23
sh603095,越剑智能,15.35,-0.13,-0.84,15.35,15.37,15.48,15.42,15.59,15.2,1657500.0,25424615.0,11:20:42
sh603096,新经典,18.7,0.03,0.161,18.69,18.7,18.67,18.79,18.8,18.48,890500.0,16618238.0,11:20:42
sh603097,江苏华辰,25.13,-0.6,-2.332,25.13,25.15,25.73,25.84,26.11,25.02,1970900.0,50036188.0,11:20:44
sh603098,森特股份,13.47,-0.04,-0.296,13.46,13.47,13.51,13.51,13.74,13.41,2288928.0,30955951.0,11:20:43
sh603099,长白山,52.34,-1.39,-2.587,52.34,52.38,53.73,53.0,53.45,51.69,10116170.0,531531826.0,11:20:42
sh603100,川仪股份,25.22,-0.68,-2.625,25.21,25.22,25.9,25.7,25.8,25.04,4297550.0,108906343.0,11:20:44
sh603101,汇嘉时代,9.78,-0.27,-2.687,9.78,9.79,10.05,10.12,10.14,9.64,8790442.0,86205273.0,11:20:43
sh603102,百合股份,42.64,-0.31,-0.722,42.64,42.7,42.95,42.99,43.17,42.29,320400.0,13659204.0,11:20:40
sh603103,横店影视,16.22,-0.14,-0.856,16.22,16.23,16.36,16.26,16.49,16.06,1918740.0,31051385.0,11:20:42
sh603105,芯能科技,9.9,-0.01,-0.101,9.89,9.9,9.91,9.98,10.03,9.84,6182403.0,61286595.0,11:20:44
sh603106,恒银科技,11.92,0.22,1.88,11.92,11.93,11.7,11.9,12.23,11.44,19764653.0,234253196.0,11:20:42
sh603107,上海汽配,15.45,0.04,0.26,15.45,15.46,15.41,15.48,15.53,15.37,1649400.0,25508384.0,11:20:39
sh603108,润达医疗,15.32,-0.24,-1.542,15.31,15.32,15.56,15.78,15.85,15.27,7034457.0,108946566.0,11:20:41
sh603109,神驰机电,25.49,-0.62,-2.375,25.48,25.49,26.11,26.1,26.3,25.45,2263400.0,58414212.0,11:20:43
sh603110,东方材料,16.58,-0.15,-0.897,16.57,16.58,16.73,16.8,16.87,16.48,2421500.0,40330732.0,11:20:37
sh603111,康尼机电,7.06,0.0,0.0,7.06,7.07,7.06,7.07,7.11,7.05,2535800.0,17940503.0,11:20:42
sh603112,华翔股份,17.58,-0.27,-1.513,17.57,17.58,17.85,17.74,18.14,17.58,3479600.0,61713054.0,11:20:43
sh603113,金能科技,6.26,0.0,0.0,6.25,6.26,6.26,6.26,6.29,6.19,3566071.0,22242655.0,11:20:44
sh603115,海星股份,19.57,0.21,1.085,19.56,19.57,19.36,19.44,20.0,19.44,3955900.0,78154218.0,11:20:41
sh603116,红蜻蜓,6.25,-0.1,-1.575,6.24,6.25,6.35,6.33,6.34,6.1,10011000.0,62202435.0,11:20:44
sh603117,万林物流,5.58,0.11,2.011,5.57,5.58,5.47,5.47,5.62,5.34,18439000.0,101354078.0,11:20:40
sh603118,共进股份,11.43,-0.35,-2.971,11.42,11.43,11.78,11.88,11.95,11.34,18615580.0,214416556.0,11:20:43
sh603119,浙江荣泰,86.6,-1.2,-1.367,86.6,86.61,87.8,87.79,89.3,86.0,4259643.0,370690345.0,11:20:42
sh603120,肯特催化,40.84,0.47,1.164,40.83,40.89,40.37,40.39,41.6,40.3,1087790.0,44729254.0,11:20:40
sh603121,华培动力,15.28,-0.32,-2.051,15.27,15.28,15.6,15.65,15.89,15.23,2820273.0,43628708.0,11:20:40
sh603122,合富中国,26.18,2.38,10.0,26.18,0.0,23.8,23.8,26.18,23.8,87775756.0,2206457399.0,11:20:43
sh603123,翠微股份,12.03,-0.14,-1.15,12.03,12.04,12.17,12.17,12.23,12.02,6365783.0,76874399.0,11:20:42
sh603124,江南新材,76.24,0.44,0.58,76.23,76.24,75.8,77.24,79.94,76.0,1271182.0,98570542.0,11:20:39
sh603125,常青科技,17.02,-0.22,-1.276,17.01,17.03,17.24,17.48,17.51,16.91,5006624.0,86209797.0,11:20:41
sh603126,中材节能,7.49,0.04,0.537,7.49,7.5,7.45,7.49,7.57,7.43,3643200.0,27285704.0,11:20:31
sh603127,昭衍新药,28.29,-1.45,-4.876,28.29,28.3,29.74,29.73,30.2,28.18,16527481.0,475921473.0,11:20:42
sh603128,华贸物流,5.98,-0.01,-0.167,5.98,5.99,5.99,6.0,6.02,5.95,7639950.0,45661449.0,11:20:38
sh603129,春风动力,249.48,-4.25,-1.675,249.31,249.48,253.73,254.24,254.24,248.24,1298105.0,325444099.0,11:20:42
sh603130,云中马,35.89,-0.66,-1.806,35.88,35.91,36.55,37.0,37.2,35.78,686300.0,24893463.0,11:20:42
sh603131,上海沪工,26.88,1.3,5.082,26.87,26.88,25.58,25.8,27.67,25.16,25380987.0,675941813.0,11:20:42
sh603132,金徽股份,14.81,0.42,2.919,14.81,14.82,14.39,14.42,15.36,14.25,9813415.0,146135916.0,11:20:42
sh603135,中重科技,9.85,0.02,0.203,9.84,9.85,9.83,9.89,9.93,9.81,1318300.0,13004193.0,11:20:38
sh603136,天目湖,11.62,-0.1,-0.853,11.61,11.62,11.72,11.72,11.77,11.48,2085100.0,24169128.0,11:20:42
sh603137,恒尚节能,14.83,-0.07,-0.47,14.82,14.83,14.9,14.92,14.92,14.65,998600.0,14725637.0,11:20:28
sh603138,海量数据,14.87,-0.19,-1.262,14.87,14.88,15.06,15.07,15.2,14.81,2474500.0,36995085.0,11:20:45
sh603139,康惠股份,22.71,-0.41,-1.773,22.7,22.71,23.12,22.7,23.54,22.45,1116400.0,25450668.0,11:20:44
sh603150,万朗磁塑,35.48,-0.08,-0.225,35.55,35.61,35.56,35.68,36.2,35.29,654200.0,23363119.0,11:20:34
sh603151,邦基科技,18.84,-0.19,-0.998,18.84,18.86,19.03,19.3,19.3,18.76,1458500.0,27646003.0,11:20:44
sh603153,上海建科,18.26,0.11,0.606,18.25,18.26,18.15,18.25,18.35,18.09,813000.0,14801642.0,11:20:28
sh603155,新亚强,17.86,0.02,0.112,17.86,17.87,17.84,17.69,18.13,17.52,4758030.0,85064646.0,11:20:42
sh603156,养元饮品,27.1,-1.17,-4.139,27.1,27.13,28.27,28.02,28.24,27.0,5765970.0,158745228.0,11:20:45
sh603158,腾龙股份,10.52,-0.2,-1.866,10.52,10.53,10.72,10.75,10.89,10.4,13179436.0,139412704.0,11:20:43
sh603159,上海亚虹,22.27,-0.72,-3.132,22.23,22.27,22.99,23.24,23.24,21.92,1154220.0,25836987.0,11:20:43
sh603160,汇顶科技,80.07,-0.96,-1.185,80.06,80.07,81.03,81.02,81.98,79.8,2644319.0,212958564.0,11:20:44
sh603161,科华控股,13.74,-0.32,-2.276,13.73,13.74,14.06,14.05,14.08,13.66,2057600.0,28436418.0,11:20:43
sh603162,海通发展,11.3,-0.58,-4.882,11.3,11.31,11.88,11.77,11.85,11.14,16866119.0,192519619.0,11:20:43
sh603163,圣晖集成,45.58,-1.6,-3.391,45.59,45.65,47.18,48.12,48.59,45.5,2031591.0,94554071.0,11:20:41
sh603165,荣晟环保,13.07,-0.03,-0.229,13.06,13.07,13.1,13.16,13.22,12.93,1218790.0,15933001.0,11:20:44
sh603166,福达股份,14.23,-0.1,-0.698,14.23,14.24,14.33,14.46,14.51,14.23,4162467.0,59774261.0,11:20:42
sh603167,渤海轮渡,10.09,0.09,0.9,10.08,10.09,10.0,10.0,10.11,10.0,2400300.0,24146879.0,11:20:43
sh603168,莎普爱思,8.14,-0.02,-0.245,8.14,8.15,8.16,8.21,8.23,8.01,2923236.0,23764728.0,11:20:44
sh603169,兰石重装,10.41,0.31,3.069,10.41,10.42,10.1,9.99,10.44,9.82,82703375.0,840495077.0,11:20:44
sh603170,宝立食品,15.08,-0.22,-1.438,15.06,15.08,15.3,15.4,15.4,14.83,1627600.0,24469148.0,11:20:42
sh603171,税友股份,49.28,-1.31,-2.589,49.27,49.28,50.59,50.0,50.5,48.7,3677764.0,181181315.0,11:20:42
sh603172,万丰股份,19.05,0.11,0.581,19.04,19.06,18.94,18.93,19.4,18.75,1118600.0,21341191.0,11:20:42
sh603173,福斯达,38.39,-0.26,-0.673,38.38,38.4,38.65,38.78,39.44,38.29,844000.0,32697746.0,11:20:40
sh603175,超颖电子,78.65,1.87,2.436,78.62,78.65,76.78,78.96,81.88,77.5,8344536.0,663965980.0,11:20:42
sh603176,汇通集团,5.93,0.0,0.0,5.92,5.93,5.93,5.93,5.99,5.86,1896100.0,11214893.0,11:20:41
sh603177,德创环保,13.76,0.48,3.614,13.76,13.77,13.28,13.31,13.96,13.19,15080277.0,205782220.0,11:20:40
sh603178,圣龙股份,18.87,-0.21,-1.101,18.87,18.88,19.08,19.06,19.34,18.75,2415155.0,45831065.0,11:20:42
sh603179,新泉股份,60.24,-0.66,-1.084,60.24,60.28,60.9,61.35,62.55,60.04,4292248.0,261661663.0,11:20:42
sh603180,金牌家居,21.63,-0.94,-4.165,21.63,21.7,22.57,22.49,22.49,21.44,3781245.0,82736985.0,11:20:42
sh603181,皇马科技,16.18,0.7,4.522,16.17,16.18,15.48,16.52,17.03,16.09,33912599.0,571320381.0,11:20:43
sh603182,嘉华股份,16.07,0.17,1.069,16.06,16.07,15.9,15.8,16.09,15.71,1435100.0,22868985.0,11:20:33
sh603183,建研院,4.7,-0.01,-0.212,4.7,4.71,4.71,4.7,4.74,4.6,5733005.0,26761198.0,11:20:43
sh603185,弘元绿能,32.27,-0.93,-2.801,32.25,32.27,33.2,33.18,33.26,31.98,18431295.0,598758352.0,11:20:42
sh603186,华正新材,40.98,-0.22,-0.534,40.98,40.99,41.2,42.01,42.78,40.97,3941400.0,164564842.0,11:20:44
sh603187,海容冷链,15.11,0.08,0.532,15.1,15.12,15.03,15.18,15.22,14.98,1577197.0,23783770.0,11:20:43
sh603188,亚邦股份,5.11,-0.1,-1.919,5.11,5.12,5.21,5.28,5.28,5.05,15546100.0,79786279.0,11:20:42
sh603189,网达软件,22.26,0.53,2.439,22.26,22.27,21.73,21.75,22.93,21.66,10013400.0,224246061.0,11:20:41
sh603190,亚通精工,26.45,0.21,0.8,26.45,26.46,26.24,26.0,26.61,26.0,3666140.0,96696276.0,11:20:43
sh603191,望变电气,15.57,-0.16,-1.017,15.57,15.58,15.73,15.85,15.95,15.51,2924700.0,45964068.0,11:20:44
sh603192,汇得科技,23.79,-0.27,-1.122,23.78,23.79,24.06,24.25,24.25,23.68,1466030.0,35096546.0,11:20:42
sh603193,润本股份,24.6,-0.31,-1.244,24.59,24.6,24.91,25.05,25.05,24.51,1415900.0,34972046.0,11:20:42
sh603194,中力股份,37.25,-0.14,-0.374,37.24,37.25,37.39,37.62,37.62,37.01,619690.0,23093521.0,11:20:36
sh603195,公牛集团,43.26,-0.21,-0.483,43.25,43.26,43.47,43.47,43.56,43.06,1222019.0,52923575.0,11:20:43
sh603196,日播时尚,23.83,-0.29,-1.202,23.83,23.85,24.12,24.26,24.26,23.5,2076400.0,49352798.0,11:20:43
sh603197,保隆科技,34.71,-0.41,-1.167,34.7,34.71,35.12,35.17,35.34,34.48,2067381.0,72027460.0,11:20:40
sh603198,迎驾贡酒,42.9,0.69,1.635,42.89,42.9,42.21,42.5,42.9,42.11,2062153.0,87545419.0,11:20:44
sh603199,九华旅游,35.81,-0.3,-0.831,35.79,35.81,36.11,36.01,36.18,35.58,767700.0,27498461.0,11:20:43
sh603200,上海洗霸,77.65,-0.86,-1.095,77.65,77.68,78.51,78.47,80.3,77.12,3445200.0,271301457.0,11:20:42
sh603201,常润股份,17.19,0.03,0.175,17.18,17.19,17.16,17.28,17.28,17.05,689240.0,11832610.0,11:20:42
sh603202,天有为,93.23,0.15,0.161,93.2,93.24,93.08,93.49,93.5,93.07,295730.0,27586522.0,11:20:35
sh603203,快克智能,29.84,-0.14,-0.467,29.84,29.85,29.98,30.1,30.86,29.78,846580.0,25579215.0,11:20:44
sh603205,健尔康,27.82,0.03,0.108,27.8,27.84,27.79,27.87,28.15,27.7,392566.0,10929892.0,11:20:33
sh603206,嘉环科技,16.47,-0.17,-1.022,16.46,16.48,16.64,16.6,16.78,16.28,1455400.0,23936741.0,11:20:45
sh603207,小方制药,29.68,-0.22,-0.736,29.67,29.68,29.9,29.98,30.01,29.4,898885.0,26696541.0,11:20:32
sh603208,江山欧派,15.19,0.11,0.729,15.18,15.19,15.08,15.2,15.23,14.95,1104100.0,16655294.0,11:20:44
sh603209,兴通股份,15.4,-0.18,-1.155,15.4,15.41,15.58,15.61,15.67,15.19,3495700.0,53716327.0,11:20:43
sh603210,泰鸿万立,20.37,0.02,0.098,20.36,20.37,20.35,20.39,20.49,20.28,760317.0,15484154.0,11:20:37
sh603211,晋拓股份,17.25,-0.15,-0.862,17.24,17.25,17.4,17.4,17.6,17.14,1147100.0,19856244.0,11:20:45
sh603212,赛伍技术,13.09,-0.53,-3.891,13.08,13.09,13.62,13.84,13.84,12.78,49381563.0,650361421.0,11:20:46
sh603213,镇洋发展,13.8,-0.01,-0.072,13.79,13.8,13.81,13.83,13.9,13.76,988400.0,13660134.0,11:20:44
sh603214,爱婴室,17.97,-0.06,-0.333,17.95,17.97,18.03,18.12,18.16,17.81,1461100.0,26208146.0,11:20:48
sh603215,比依股份,19.75,0.05,0.254,19.75,19.76,19.7,19.76,19.94,19.67,1154400.0,22873286.0,11:20:48
sh603216,梦天家居,19.0,1.73,10.017,19.0,0.0,17.27,19.0,19.0,19.0,506200.0,9617800.0,11:20:36
sh603217,元利科技,25.01,0.11,0.442,24.99,25.0,24.9,24.9,25.25,24.62,1493154.0,37141999.0,11:20:48
sh603218,日月股份,13.4,-0.04,-0.298,13.39,13.4,13.44,13.49,13.53,13.35,4158700.0,55864676.0,11:20:47
sh603219,富佳股份,16.19,0.05,0.31,16.18,16.19,16.14,16.19,16.31,16.11,1254500.0,20346573.0,11:20:46
sh603220,中贝通信,22.6,0.08,0.355,22.6,22.61,22.52,22.6,22.77,22.47,2940141.0,66548518.0,11:20:46
sh603221,爱丽家居,12.47,-0.2,-1.579,12.47,12.48,12.67,12.71,12.76,12.18,2971600.0,36874867.0,11:20:46
sh603222,济民健康,10.11,-0.11,-1.076,10.11,10.12,10.22,10.22,10.3,10.0,14716390.0,149068623.0,11:20:48
sh603223,恒通股份,10.61,-0.12,-1.118,10.6,10.62,10.73,10.64,10.72,10.52,2525800.0,26781937.0,11:20:47
sh603225,新凤鸣,16.72,-0.58,-3.353,16.72,16.73,17.3,17.37,17.47,16.6,8212642.0,139714003.0,11:20:38
sh603226,菲林格尔,37.5,-1.88,-4.774,37.45,37.51,39.38,39.32,39.89,37.3,3048197.0,117007353.0,11:20:48
sh603227,雪峰科技,8.76,-0.08,-0.905,8.75,8.76,8.84,8.81,8.86,8.73,3481900.0,30605360.0,11:20:48
sh603228,景旺电子,65.89,0.99,1.525,65.88,65.89,64.9,68.47,69.44,65.04,17674688.0,1178233654.0,11:20:46
sh603229,奥翔药业,10.08,0.0,0.0,10.07,10.08,10.08,10.12,10.18,9.98,3299192.0,33197813.0,11:20:47
sh603230,内蒙新华,12.51,-0.17,-1.341,12.51,12.52,12.68,12.55,12.67,12.38,3237500.0,40434785.0,11:20:47
sh603231,索宝蛋白,20.14,-0.19,-0.935,20.13,20.14,20.33,20.32,20.37,19.89,1510120.0,30329370.0,11:20:46
sh603232,格尔软件,26.41,-0.89,-3.26,26.4,26.41,27.3,27.32,28.07,26.36,37067386.0,1008504707.0,11:20:46
sh603233,大参林,18.0,-0.09,-0.498,18.0,18.01,18.09,18.12,18.19,17.91,2276023.0,40981363.0,11:20:48
sh603235,天新药业,27.88,-0.2,-0.712,27.85,27.88,28.08,28.12,28.2,27.75,487000.0,13591559.0,11:20:42
sh603236,移远通信,85.11,-0.58,-0.677,85.11,85.14,85.69,86.8,87.02,84.7,2787403.0,238752056.0,11:20:45
sh603237,五芳斋,17.54,-0.18,-1.016,17.54,17.55,17.72,17.7,17.78,17.39,1313080.0,23047782.0,11:20:46
sh603238,诺邦股份,17.81,-0.04,-0.224,17.81,17.82,17.85,17.95,17.99,17.51,1246000.0,22109612.0,11:20:47
sh603239,浙江仙通,19.27,-0.33,-1.684,19.24,19.26,19.6,19.6,19.76,19.01,3135307.0,60460851.0,11:20:47
sh603255,鼎际得,34.26,0.13,0.381,34.24,34.25,34.13,34.04,34.47,33.84,804000.0,27467219.0,11:20:46
sh603256,宏和科技,29.86,0.23,0.776,29.86,29.88,29.63,31.07,31.68,29.85,8901800.0,271263802.0,11:20:48
sh603257,中国瑞林,60.72,0.02,0.033,60.71,60.72,60.7,60.97,61.91,60.65,892967.0,54763345.0,11:20:44
sh603258,电魂网络,19.61,-0.19,-0.96,19.6,19.61,19.8,19.8,19.89,19.5,989700.0,19442913.0,11:20:40
sh603259,药明康德,93.86,0.66,0.708,93.85,93.86,93.2,94.39,95.63,93.79,16602016.0,1568779577.0,11:20:48
sh603260,合盛硅业,65.18,-0.32,-0.489,65.18,65.24,65.5,64.0,67.46,64.0,29282137.0,1925960630.0,11:20:45
sh603261,*ST立航,26.06,-0.54,-2.03,26.0,26.06,26.6,26.6,26.98,25.47,638500.0,16639464.0,11:20:45
sh603262,技源集团,28.54,-0.61,-2.093,28.53,28.54,29.15,29.16,29.23,28.5,847392.0,24397309.0,11:20:47
sh603266,天龙股份,20.93,-0.2,-0.947,20.93,20.94,21.13,21.14,21.39,20.85,1380900.0,29075542.0,11:20:46
sh603267,鸿远电子,46.13,-0.46,-0.987,46.13,46.14,46.59,46.9,46.95,46.02,1636000.0,75723727.0,11:20:47
sh603268,*ST松发,71.38,-1.39,-1.91,71.33,71.38,72.77,75.0,75.0,70.59,2781300.0,201840514.0,11:20:47
sh603269,海鸥股份,11.77,-0.03,-0.254,11.76,11.78,11.8,11.85,11.96,11.73,2369457.0,27986491.0,11:20:36
sh603270,金帝股份,24.08,-0.23,-0.946,24.08,24.09,24.31,24.37,24.55,24.0,945100.0,22871662.0,11:20:42
sh603271,永杰新材,39.82,-0.3,-0.748,39.82,39.85,40.12,40.3,40.75,39.68,913400.0,36727960.0,11:20:43
sh603272,联翔股份,20.09,-0.55,-2.665,20.1,20.11,20.64,20.64,20.74,19.98,1545495.0,31313330.0,11:20:47
sh603273,天元智能,19.2,0.09,0.471,19.19,19.2,19.11,19.22,19.35,18.9,1242000.0,23764226.0,11:20:46
sh603275,众辰科技,42.0,-0.7,-1.639,41.99,42.0,42.7,42.85,43.08,41.91,771800.0,32631380.0,11:20:36
sh603276,恒兴新材,17.92,-0.11,-0.61,17.9,17.92,18.03,18.24,18.24,17.8,803471.0,14492926.0,11:20:46
sh603277,银都股份,16.95,-0.26,-1.511,16.95,16.97,17.21,17.2,17.28,16.94,767150.0,13084344.0,11:20:31
sh603278,大业股份,9.41,-0.07,-0.738,9.41,9.42,9.48,9.5,9.62,9.36,3434220.0,32534812.0,11:20:46
sh603279,景津装备,17.14,0.04,0.234,17.13,17.14,17.1,17.22,17.24,17.01,1521600.0,26043891.0,11:20:36
sh603280,南方路机,36.58,-0.12,-0.327,36.53,36.58,36.7,36.75,37.1,36.33,916100.0,33583227.0,11:20:48
sh603281,江瀚新材,28.05,-0.55,-1.923,28.02,28.05,28.6,28.02,28.95,27.77,2500064.0,70603146.0,11:20:48
sh603282,亚光股份,20.17,-0.01,-0.05,20.16,20.17,20.18,20.18,20.45,19.91,1775000.0,35787313.0,11:20:47
sh603283,赛腾股份,44.28,-0.48,-1.072,44.28,44.29,44.76,45.22,45.66,43.7,7642100.0,339214618.0,11:20:48
sh603285,键邦股份,25.28,-0.14,-0.551,25.25,25.3,25.42,25.42,25.85,25.12,1218602.0,31017603.0,11:20:48
sh603286,日盈电子,40.65,-0.93,-2.237,40.65,40.66,41.58,41.58,42.24,40.5,1780900.0,73396927.0,11:20:47
sh603288,海天味业,37.92,0.12,0.317,37.91,37.92,37.8,37.94,37.98,37.71,4212461.0,159405922.0,11:20:46
sh603289,泰瑞机器,10.12,-0.08,-0.784,10.11,10.12,10.2,10.2,10.31,10.01,2256100.0,22891442.0,11:20:43
sh603290,斯达半导,98.44,-1.74,-1.737,98.42,98.45,100.18,101.5,101.7,98.23,1712210.0,170521507.0,11:20:43
sh603291,联合水务,10.58,-0.05,-0.47,10.58,10.59,10.63,10.67,10.68,10.52,1214500.0,12867341.0,11:20:46
sh603296,华勤技术,86.3,0.11,0.128,86.29,86.31,86.19,87.6,88.15,86.03,3649976.0,317536284.0,11:20:46
sh603297,永新光学,94.87,-0.03,-0.032,94.52,94.85,94.9,95.41,96.49,93.98,602987.0,57346630.0,11:20:45
sh603298,杭叉集团,25.25,-0.08,-0.316,25.22,25.23,25.33,25.43,25.62,25.02,2813232.0,71006701.0,11:20:47
sh603299,苏盐井神,10.89,0.06,0.554,10.88,10.89,10.83,10.85,10.96,10.81,3055300.0,33235179.0,11:20:48
sh603300,海南华铁,7.51,0.02,0.267,7.51,7.52,7.49,7.5,7.63,7.38,44254008.0,331609935.0,11:20:47
sh603301,振德医疗,77.61,-0.8,-1.02,77.59,77.62,78.41,78.8,79.94,76.96,2826316.0,220247447.0,11:20:48
sh603303,得邦照明,13.34,0.11,0.831,13.33,13.34,13.23,13.07,13.35,13.07,879600.0,11670203.0,11:20:24
sh603305,旭升集团,13.15,-0.17,-1.276,13.14,13.15,13.32,13.4,13.49,13.13,13513490.0,179348871.0,11:20:48
sh603306,华懋科技,48.28,0.27,0.562,48.27,48.28,48.01,49.5,50.79,48.0,5172666.0,253795842.0,11:20:45
sh603307,扬州金泉,43.4,-0.56,-1.274,43.31,43.41,43.96,44.42,44.42,42.98,424200.0,18447040.0,11:20:46
sh603308,应流股份,36.21,0.1,0.277,36.2,36.21,36.11,36.51,37.35,36.2,8813036.0,324263789.0,11:20:46
sh603309,维力医疗,13.77,0.02,0.145,13.76,13.77,13.75,13.85,13.97,13.7,2688770.0,37200303.0,11:20:40
sh603310,巍华新材,17.72,-0.24,-1.336,17.71,17.72,17.96,17.94,18.15,17.62,1881800.0,33559925.0,11:20:47
sh603311,金海高科,12.35,0.06,0.488,12.34,12.35,12.29,12.35,12.45,12.23,1544300.0,19072989.0,11:20:48
sh603312,西典新能,50.78,-1.85,-3.515,50.78,50.79,52.63,53.1,53.39,50.78,2139434.0,110990025.0,11:20:46
sh603313,梦百合,8.98,-0.08,-0.883,8.97,8.98,9.06,9.06,9.12,8.76,7948180.0,70995813.0,11:20:47
sh603315,福鞍股份,14.86,-0.09,-0.602,14.85,14.86,14.95,15.02,15.26,14.78,3060200.0,45843061.0,11:20:46
sh603316,诚邦股份,14.95,-0.17,-1.124,14.94,14.95,15.12,15.32,16.0,14.74,8277500.0,126300630.0,11:20:46
sh603317,天味食品,12.82,-0.16,-1.233,12.81,12.82,12.98,13.06,13.09,12.73,3303120.0,42385079.0,11:20:47
sh603318,水发燃气,7.22,-0.02,-0.276,7.22,7.23,7.24,7.2,7.28,7.14,4396300.0,31613378.0,11:20:47
sh603319,美湖股份,35.85,-0.04,-0.111,35.85,35.86,35.89,36.04,37.4,35.76,6485080.0,236413414.0,11:20:48
sh603320,迪贝电气,19.1,0.12,0.632,19.09,19.1,18.98,19.06,19.36,18.94,956800.0,18312870.0,11:20:30
sh603321,梅轮电梯,8.12,-0.07,-0.855,8.11,8.13,8.19,8.21,8.27,8.01,2421500.0,19646528.0,11:20:43
sh603322,超讯通信,47.02,0.05,0.106,47.01,47.02,46.97,47.48,47.78,46.57,3889536.0,183481627.0,11:20:40
sh603323,苏农银行,5.31,0.05,0.951,5.3,5.31,5.26,5.25,5.33,5.25,14823180.0,78469172.0,11:20:45
sh603324,盛剑科技,23.84,0.07,0.294,23.84,23.86,23.77,23.99,24.2,23.79,619000.0,14853032.0,11:20:41
sh603325,博隆技术,79.7,0.06,0.075,79.7,79.73,79.64,80.1,80.73,79.51,365020.0,29217818.0,11:20:42
sh603326,我乐家居,9.41,0.03,0.32,9.4,9.41,9.38,9.4,9.45,9.27,1973000.0,18483836.0,11:20:43
sh603327,福蓉科技,9.18,0.06,0.658,9.18,9.19,9.12,9.2,9.25,9.13,2170840.0,19943694.0,11:20:34
sh603328,依顿电子,10.74,0.17,1.608,10.74,10.75,10.57,10.68,10.93,10.64,8714944.0,93931198.0,11:20:45
sh603329,上海雅仕,12.23,0.04,0.328,12.23,12.24,12.19,12.22,12.29,12.03,1854040.0,22513285.0,11:20:44
sh603330,天洋新材,8.07,-0.07,-0.86,8.07,8.08,8.14,8.2,8.2,7.98,3239700.0,26208411.0,11:20:44
sh603331,百达精工,11.7,0.0,0.0,11.69,11.7,11.7,11.72,11.86,11.54,3001200.0,35166057.0,11:20:43
sh603332,苏州龙杰,13.17,-0.23,-1.716,13.16,13.17,13.4,13.42,13.58,13.1,2020200.0,26782095.0,11:20:43
sh603333,尚纬股份,7.57,-0.03,-0.395,7.57,7.58,7.6,7.66,7.7,7.51,4626200.0,35088397.0,11:20:45
sh603334,丰倍生物,47.14,0.6,1.289,47.14,47.16,46.54,46.39,47.55,46.39,2880628.0,135632255.0,11:20:45
sh603335,迪生力,6.16,-0.04,-0.645,6.15,6.16,6.2,6.22,6.26,6.05,5659990.0,34849967.0,11:20:44
sh603336,宏辉果蔬,9.65,0.08,0.836,9.64,9.65,9.57,9.55,9.75,9.55,6270409.0,60602488.0,11:20:45
sh603337,杰克科技,38.37,-0.59,-1.514,38.34,38.37,38.96,38.97,39.16,38.32,1005700.0,38889170.0,11:20:44
sh603338,浙江鼎力,54.42,0.84,1.568,54.4,54.42,53.58,53.48,54.66,53.22,3299004.0,178829929.0,11:20:43
sh603339,四方科技,13.05,-0.17,-1.286,13.05,13.06,13.22,13.25,13.33,12.99,2316869.0,30388241.0,11:20:39
sh603341,龙旗科技,39.94,-0.21,-0.523,39.91,39.94,40.15,40.42,40.99,39.88,2554132.0,102961985.0,11:20:44
sh603344,星德胜,25.54,-0.06,-0.234,25.54,25.57,25.6,25.73,25.76,25.42,642500.0,16453219.0,11:20:44
sh603345,安井食品,79.33,-0.89,-1.109,79.31,79.33,80.22,80.18,80.38,78.68,2505613.0,198467297.0,11:20:45
sh603348,文灿股份,20.85,-0.08,-0.382,20.85,20.86,20.93,21.01,21.06,20.75,994100.0,20737934.0,11:20:45
sh603350,安乃达,37.6,-0.1,-0.265,37.56,37.6,37.7,37.95,38.16,37.4,517100.0,19524948.0,11:20:44
sh603351,威尔药业,28.57,-0.2,-0.695,28.55,28.57,28.77,28.96,29.08,28.39,316000.0,9086236.0,11:20:42
sh603353,和顺石油,33.29,-0.95,-2.775,33.29,33.35,34.24,33.9,35.88,32.68,8542750.0,290700008.0,11:20:43
sh603355,莱克电气,29.06,0.03,0.103,29.04,29.05,29.03,29.01,29.45,28.36,2515057.0,72125759.0,11:20:41
sh603356,华菱精工,14.47,-0.23,-1.565,14.46,14.47,14.7,14.7,14.98,14.27,3422900.0,49878026.0,11:20:45
sh603357,设计总院,8.5,0.03,0.354,8.49,8.5,8.47,8.47,8.5,8.42,2834761.0,23986690.0,11:20:45
sh603358,华达科技,48.17,-0.32,-0.66,48.12,48.16,48.49,48.29,48.42,47.0,2388221.0,114821429.0,11:20:45
sh603359,东珠生态,7.96,0.01,0.126,7.95,7.96,7.95,7.98,8.03,7.88,4277376.0,33997087.0,11:20:44
sh603360,百傲化学,32.38,-0.03,-0.093,32.36,32.38,32.41,32.87,33.33,32.05,6565086.0,213642817.0,11:20:44
sh603363,傲农生物,4.98,-0.05,-0.994,4.97,4.98,5.03,5.04,5.08,4.92,26241100.0,130643051.0,11:20:45
sh603365,水星家纺,21.63,0.23,1.075,21.62,21.64,21.4,21.57,21.64,21.23,589198.0,12609876.0,11:20:44
sh603366,日出东方,10.63,-0.95,-8.204,10.63,10.64,11.58,11.0,11.25,10.48,67990450.0,728203302.0,11:20:45
sh603367,辰欣药业,19.19,-0.45,-2.291,19.19,19.2,19.64,19.53,19.83,19.02,10772991.0,208566213.0,11:20:43
sh603368,柳药集团,18.58,-0.02,-0.108,18.56,18.57,18.6,18.65,18.72,18.48,2522400.0,46870668.0,11:20:44
sh603369,今世缘,38.12,0.07,0.184,38.12,38.13,38.05,38.16,38.19,37.84,2541419.0,96443280.0,11:20:44
sh603370,华新精科,46.56,-0.36,-0.767,46.54,46.56,46.92,47.01,47.17,46.47,684959.0,31999816.0,11:20:38
sh603373,安邦护卫,43.18,0.17,0.395,43.18,43.19,43.01,43.68,43.68,42.93,289800.0,12536251.0,11:20:41
sh603375,盛景微,41.18,-0.45,-1.081,41.17,41.18,41.63,42.03,42.66,40.95,1242057.0,52006028.0,11:20:44
sh603376,大明电子,41.24,0.2,0.487,41.24,41.25,41.04,41.11,41.58,40.71,2857679.0,117667550.0,11:20:45
sh603377,ST东时,4.12,-0.07,-1.671,4.12,4.13,4.19,4.2,4.28,4.01,13620472.0,56519611.0,11:20:43
sh603378,亚士创能,7.12,-0.08,-1.111,7.12,7.13,7.2,7.16,7.25,7.0,8203686.0,58238319.0,11:20:43
sh603379,三美股份,55.15,0.21,0.382,55.14,55.15,54.94,55.05,55.95,55.05,2803185.0,155817102.0,11:20:43
sh603380,易德龙,35.74,-0.27,-0.75,35.68,35.74,36.01,36.0,36.48,35.64,725800.0,26131758.0,11:20:43
sh603381,永臻股份,22.48,1.64,7.869,22.48,22.49,20.84,21.4,22.92,21.4,13320374.0,298478505.0,11:20:43
sh603382,海阳科技,32.09,-0.77,-2.343,32.09,32.1,32.86,32.8,33.08,32.02,1179340.0,38350273.0,11:20:44
sh603383,顶点软件,37.93,0.0,0.0,37.94,37.97,37.93,38.37,38.63,37.4,1558177.0,59023598.0,11:20:43
sh603385,惠达卫浴,7.26,0.04,0.554,7.25,7.26,7.22,7.23,7.3,7.13,2096900.0,15143148.0,11:20:45
sh603386,骏亚科技,12.33,0.01,0.081,12.33,12.34,12.32,12.4,12.54,12.26,2682500.0,33265275.0,11:20:42
sh603387,基蛋生物,8.44,-0.01,-0.118,8.44,8.45,8.45,8.53,8.54,8.37,2653390.0,22363379.0,11:20:43
sh603388,*ST元成,0.58,0.0,0.0,0.0,0.0,0.58,0.0,0.0,0.0,0.0,0.0,11:20:23
sh603389,*ST亚振,46.2,0.75,1.65,46.17,46.2,45.45,44.93,46.99,44.93,1110320.0,51154966.0,11:20:33
sh603390,通达电气,12.39,-0.05,-0.402,12.39,12.4,12.44,12.47,12.54,12.28,1882800.0,23359021.0,11:20:45
sh603391,力聚热能,59.18,-0.83,-1.383,59.12,59.18,60.01,59.88,60.52,58.33,1500601.0,88495884.0,11:20:44
sh603392,万泰生物,53.62,-0.03,-0.056,53.63,53.64,53.65,53.64,54.27,53.58,1071811.0,57710474.0,11:20:43
sh603393,新天然气,28.82,0.2,0.699,28.81,28.82,28.62,28.67,28.84,28.59,2165140.0,62200270.0,11:20:37
sh603395,红四方,34.89,0.13,0.374,34.89,34.91,34.76,34.73,35.42,34.7,1489220.0,52096609.0,11:20:43
sh603396,金辰股份,39.45,0.55,1.414,39.41,39.45,38.9,37.98,39.55,37.02,9916076.0,379104441.0,11:20:43
sh603398,*ST沐邦,9.65,0.16,1.686,9.65,9.66,9.49,9.75,9.75,9.1,27354820.0,260533943.0,11:20:45
sh603399,永杉锂业,12.58,0.18,1.452,12.57,12.58,12.4,12.0,12.99,11.83,71608237.0,893274773.0,11:20:42
sh603400,华之杰,56.81,-1.34,-2.304,56.8,56.85,58.15,58.42,58.42,55.9,544848.0,31269687.0,11:20:42
sh603406,天富龙,43.88,-0.14,-0.318,43.87,43.88,44.02,44.05,44.43,43.5,730000.0,32008814.0,11:20:45
sh603408,建霖家居,12.55,-0.1,-0.791,12.54,12.55,12.65,12.65,12.7,12.43,1176200.0,14718088.0,11:20:44
sh603409,汇通控股,34.36,-0.44,-1.264,34.35,34.36,34.8,34.78,35.1,34.16,744176.0,25649787.0,11:20:37
sh603416,信捷电气,55.66,-0.62,-1.102,55.65,55.66,56.28,56.45,56.65,55.57,988673.0,55437480.0,11:20:42
sh603418,友升股份,56.91,-0.61,-1.061,56.89,56.91,57.52,57.62,57.66,56.76,1197186.0,68347564.0,11:20:44
sh603421,鼎信通讯,7.34,0.05,0.686,7.33,7.34,7.29,7.37,7.42,7.26,5261580.0,38685349.0,11:20:45
sh603429,集友股份,10.26,-0.24,-2.286,10.26,10.28,10.5,10.46,10.63,10.13,6253580.0,64658149.0,11:20:45
sh603439,贵州三力,12.3,0.03,0.244,12.3,12.31,12.27,12.3,12.36,12.2,2048500.0,25173976.0,11:20:42
sh603444,吉比特,427.72,-3.45,-0.8,427.22,427.72,431.17,433.0,434.79,426.66,550810.0,237020066.0,11:20:40
sh603456,九洲药业,19.9,-0.22,-1.093,19.9,19.91,20.12,20.15,20.27,19.74,16025508.0,319708475.0,11:20:45
sh603458,勘设股份,8.27,0.0,0.0,8.26,8.27,8.27,8.32,8.35,8.21,2196315.0,18169132.0,11:20:39
sh603466,风语筑,10.14,0.23,2.321,10.13,10.14,9.91,10.1,10.49,10.1,34594977.0,354640152.0,11:20:45
sh603477,巨星农牧,18.17,-0.21,-1.143,18.17,18.18,18.38,18.26,18.3,18.09,3256920.0,59213581.0,11:20:45
sh603486,科沃斯,79.96,0.04,0.05,79.93,79.96,79.92,80.36,81.0,79.83,1136688.0,91321954.0,11:20:44
sh603488,展鹏科技,8.31,-0.04,-0.479,8.3,8.31,8.35,8.37,8.44,8.17,2160100.0,17860825.0,11:20:45
sh603489,八方股份,30.71,-0.55,-1.759,30.68,30.71,31.26,31.53,31.81,30.39,2419620.0,74367138.0,11:20:44
sh603496,恒为科技,28.66,-0.67,-2.284,28.65,28.66,29.33,29.0,29.1,28.31,10492184.0,300363604.0,11:20:43
sh603499,翔港科技,19.48,0.04,0.206,19.48,19.49,19.44,19.44,19.76,19.2,5955039.0,116395743.0,11:20:43
sh603500,祥和实业,11.6,-0.28,-2.357,11.6,11.61,11.88,12.0,12.06,11.56,3769400.0,44296443.0,11:20:45
sh603501,豪威集团,119.0,-1.0,-0.833,119.0,119.01,120.0,121.0,121.5,118.53,5816453.0,696362277.0,11:20:45
sh603505,金石资源,20.04,0.45,2.297,20.03,20.04,19.59,19.61,20.35,19.56,16601660.0,332535098.0,11:20:43
sh603506,南都物业,12.53,0.05,0.401,12.53,12.54,12.48,12.51,12.65,12.23,1544566.0,19172571.0,11:20:44
sh603507,振江股份,23.56,-0.3,-1.257,23.56,23.57,23.86,23.94,24.08,23.38,3043870.0,72097521.0,11:20:45
sh603508,思维列控,26.8,-0.11,-0.409,26.79,26.81,26.91,27.06,27.1,26.71,2074992.0,55707130.0,11:20:45
sh603511,爱慕股份,15.71,-0.21,-1.319,15.71,15.72,15.92,15.91,15.99,15.5,1417586.0,22233135.0,11:20:46
sh603515,欧普照明,17.88,-0.04,-0.223,17.87,17.88,17.92,18.03,18.03,17.81,278860.0,4992175.0,11:20:46
sh603516,淳中科技,199.17,-3.23,-1.596,199.15,199.38,202.4,210.0,210.5,195.02,5307746.0,1070656687.0,11:20:44
sh603517,ST绝味,13.76,-0.12,-0.865,13.74,13.76,13.88,13.85,13.9,13.66,3964200.0,54541661.0,11:20:44
sh603518,锦泓集团,9.83,-0.22,-2.189,9.83,9.84,10.05,9.99,10.1,9.71,14080200.0,138850879.0,11:20:45
sh603519,立霸股份,12.7,0.07,0.554,12.69,12.7,12.63,12.74,12.75,12.55,1283620.0,16282522.0,11:20:46
sh603520,司太立,10.47,-0.19,-1.782,10.46,10.47,10.66,10.69,10.88,10.4,13594300.0,144397740.0,11:20:46
sh603527,众源新材,10.77,-0.03,-0.278,10.76,10.77,10.8,10.8,10.98,10.69,5168300.0,56114645.0,11:20:45
sh603528,多伦科技,9.14,0.28,3.16,9.13,9.14,8.86,8.88,9.24,8.81,15305516.0,139538560.0,11:20:44
sh603529,爱玛科技,31.07,-0.61,-1.926,31.06,31.07,31.68,31.69,31.7,30.95,4986893.0,155841724.0,11:20:44
sh603530,神马电力,40.06,0.16,0.401,40.06,40.07,39.9,40.2,40.96,39.98,4374023.0,177218016.0,11:20:44
sh603533,掌阅科技,20.8,-0.3,-1.422,20.8,20.82,21.1,21.1,21.16,20.61,6533600.0,136035301.0,11:20:46
sh603535,嘉诚国际,11.12,-0.24,-2.113,11.1,11.11,11.36,11.19,11.45,10.92,7342890.0,81715305.0,11:20:44
sh603536,惠发食品,12.93,-0.41,-3.073,12.92,12.93,13.34,13.3,13.34,12.72,11003900.0,142440551.0,11:20:46
sh603538,美诺华,20.25,-0.12,-0.589,20.24,20.25,20.37,20.32,20.64,20.18,2658286.0,54178955.0,11:20:44
sh603551,奥普科技,11.8,0.11,0.941,11.79,11.8,11.69,11.72,11.83,11.69,1295000.0,15224314.0,11:20:45
sh603556,海兴电力,34.55,-0.65,-1.847,34.54,34.56,35.2,35.21,35.75,34.32,2566874.0,89612973.0,11:20:45
sh603557,ST起步,2.55,-0.12,-4.494,2.55,2.56,2.67,2.65,2.67,2.54,16127099.0,41466034.0,11:20:45
sh603558,健盛集团,11.83,0.08,0.681,11.82,11.83,11.75,11.76,11.9,11.6,3133575.0,36817532.0,11:20:38
sh603559,ST通脉,7.56,-0.14,-1.818,7.55,7.56,7.7,7.7,7.71,7.46,977800.0,7378288.0,11:20:45
sh603565,中谷物流,10.35,-0.05,-0.481,10.35,10.36,10.4,10.43,10.48,10.3,6272047.0,65032341.0,11:20:40
sh603566,普莱柯,13.81,-0.09,-0.647,13.81,13.82,13.9,14.0,14.0,13.69,2018900.0,27877044.0,11:20:46
sh603567,珍宝岛,10.64,-0.16,-1.481,10.63,10.64,10.8,10.82,10.84,10.5,6072175.0,64651129.0,11:20:45
sh603568,伟明环保,23.52,0.0,0.0,23.5,23.52,23.52,23.62,23.78,23.43,2038299.0,48083828.0,11:20:38
sh603569,长久物流,8.24,-0.07,-0.842,8.23,8.24,8.31,8.35,8.35,8.15,4154905.0,34292746.0,11:20:46
sh603577,汇金通,9.76,-0.13,-1.314,9.76,9.77,9.89,9.97,10.02,9.69,3932400.0,38596829.0,11:20:44
sh603578,三星新材,13.13,-0.03,-0.228,13.12,13.13,13.16,13.17,13.3,12.95,1334402.0,17518911.0,11:20:44
sh603579,荣泰健康,24.87,0.04,0.161,24.86,24.87,24.83,24.99,25.16,24.75,1690400.0,42166448.0,11:20:35
sh603580,*ST艾艾,16.85,0.15,0.898,16.86,16.9,16.7,16.49,17.01,16.37,2093500.0,34732526.0,11:20:46
sh603583,捷昌驱动,34.24,-0.52,-1.496,34.23,34.24,34.76,34.82,35.26,34.16,1949100.0,67482305.0,11:20:38
sh603585,苏利股份,18.84,-0.09,-0.475,18.83,18.87,18.93,18.84,19.13,18.61,1161500.0,21936569.0,11:20:41
sh603586,金麒麟,18.28,0.09,0.495,18.27,18.28,18.19,18.4,18.44,18.15,625228.0,11445722.0,11:20:45
sh603587,地素时尚,13.26,-0.09,-0.674,13.26,13.27,13.35,13.45,13.77,13.11,3487060.0,46632473.0,11:20:40
sh603588,高能环境,7.33,0.12,1.664,7.33,7.34,7.21,7.24,7.44,7.22,17942384.0,131783416.0,11:20:46
sh603589,口子窖,31.9,0.0,0.0,31.89,31.9,31.9,31.96,31.98,31.71,1702800.0,54172507.0,11:20:44
sh603590,康辰药业,44.2,-0.1,-0.226,44.17,44.21,44.3,44.3,44.68,43.81,555400.0,24612688.0,11:20:44
sh603595,ST东尼,17.19,-0.47,-2.661,17.18,17.21,17.66,17.67,17.71,17.06,6043306.0,104521302.0,11:20:42
sh603596,伯特利,46.11,-0.77,-1.642,46.11,46.12,46.88,46.97,46.97,46.0,2857921.0,132702980.0,11:20:45
sh603598,引力传媒,17.54,-0.14,-0.792,17.53,17.54,17.68,17.67,17.81,17.38,6338050.0,111440012.0,11:20:44
sh603599,广信股份,11.96,-0.11,-0.911,11.95,11.96,12.07,12.09,12.12,11.89,4497682.0,54040355.0,11:20:44
sh603600,永艺股份,12.33,0.0,0.0,12.33,12.34,12.33,12.33,12.6,12.12,18458656.0,227840656.0,11:20:46
sh603601,再升科技,4.7,0.0,0.0,4.69,4.7,4.7,4.72,4.75,4.66,8980280.0,42239028.0,11:20:45
sh603602,纵横通信,14.87,0.37,2.552,14.87,14.88,14.5,14.6,14.94,14.6,3585900.0,52912975.0,11:20:45
sh603605,珀莱雅,72.3,-0.93,-1.27,72.29,72.3,73.23,73.5,73.5,72.22,2475153.0,179572916.0,11:20:44
sh603606,东方电缆,59.15,-0.32,-0.538,59.12,59.15,59.47,59.6,59.99,59.07,1194385.0,71091907.0,11:20:45
sh603607,京华激光,23.9,-0.41,-1.687,23.88,23.9,24.31,24.35,24.65,23.56,2313200.0,55417171.0,11:20:44
sh603608,天创时尚,7.25,0.0,0.0,7.24,7.26,7.25,7.27,7.3,7.1,3438884.0,24808278.0,11:20:40
sh603609,禾丰股份,7.71,-0.16,-2.033,7.71,7.72,7.87,7.88,7.89,7.68,3936700.0,30497112.0,11:20:39
sh603610,麒盛科技,19.84,-0.11,-0.551,19.83,19.85,19.95,20.42,20.42,19.66,3498311.0,69472870.0,11:20:45
sh603611,诺力股份,22.96,-0.09,-0.39,22.96,22.97,23.05,23.2,23.23,22.83,994260.0,22869871.0,11:20:29
sh603612,索通发展,25.03,-0.52,-2.035,25.02,25.03,25.55,25.6,26.18,24.92,11418454.0,291087982.0,11:20:44
sh603613,国联股份,27.54,0.1,0.364,27.53,27.55,27.44,27.45,27.85,27.42,2428879.0,66986558.0,11:20:44
sh603615,茶花股份,24.35,-0.3,-1.217,24.34,24.35,24.65,24.65,24.66,24.12,1312800.0,32009183.0,11:20:41
sh603616,韩建河山,5.97,0.18,3.109,5.96,5.97,5.79,6.0,6.29,5.88,27537292.0,165327031.0,11:20:46
sh603617,君禾股份,7.7,-0.05,-0.645,7.69,7.7,7.75,7.78,7.8,7.61,3604900.0,27796456.0,11:20:45
sh603618,杭电股份,8.27,-0.23,-2.706,8.26,8.27,8.5,8.54,8.58,8.2,12595841.0,105206400.0,11:20:43
sh603619,中曼石油,25.78,-0.19,-0.732,25.77,25.78,25.97,25.58,26.12,25.22,10286425.0,263624365.0,11:20:45
sh603626,科森科技,11.89,-0.18,-1.491,11.88,11.89,12.07,12.28,12.34,11.82,14943390.0,179668646.0,11:20:44
sh603628,清源股份,15.11,0.13,0.868,15.1,15.11,14.98,14.99,15.6,14.57,18373391.0,276046980.0,11:20:44
sh603629,利通电子,26.11,-0.31,-1.173,26.1,26.11,26.42,26.86,27.01,26.04,4764900.0,125803786.0,11:20:46
sh603630,拉芳家化,23.37,-1.23,-5.0,23.36,23.37,24.6,24.0,24.47,23.16,7402960.0,175980100.0,11:20:46
sh603633,徕木股份,10.48,-0.14,-1.318,10.48,10.51,10.62,10.62,10.77,10.44,4640989.0,49139994.0,11:20:45
sh603636,南威软件,13.17,-0.1,-0.754,13.17,13.18,13.27,13.0,13.41,12.82,26561593.0,346044046.0,11:20:45
sh603637,镇海股份,10.53,-0.23,-2.138,10.52,10.53,10.76,10.79,10.83,10.4,5430100.0,57634709.0,11:20:44
sh603638,艾迪精密,18.8,0.12,0.642,18.79,18.8,18.68,18.76,18.87,18.66,1824100.0,34249978.0,11:20:44
sh603639,海利尔,13.21,-0.03,-0.227,13.21,13.22,13.24,13.3,13.36,13.17,901481.0,11936365.0,11:20:44
sh603648,畅联股份,10.62,0.06,0.568,10.61,10.62,10.56,10.61,10.64,10.49,1410000.0,14892179.0,11:20:46
sh603650,彤程新材,42.14,1.22,2.981,42.14,42.15,40.92,42.14,43.56,41.12,29536531.0,1257645338.0,11:20:46
sh603655,朗博科技,38.84,-0.29,-0.741,38.83,38.86,39.13,39.43,39.84,38.53,1105000.0,43337881.0,11:20:44
sh603656,泰禾智能,23.21,-0.16,-0.685,23.2,23.21,23.37,23.38,23.59,22.93,2456684.0,57222395.0,11:20:46
sh603657,春光科技,32.21,2.93,10.007,32.21,0.0,29.28,29.5,32.21,29.28,5987440.0,187990049.0,11:20:20
sh603658,安图生物,37.19,-0.41,-1.09,37.19,37.25,37.6,37.7,37.78,37.19,1841800.0,68843437.0,11:20:44
sh603659,璞泰来,28.97,0.0,0.0,28.92,28.93,28.97,29.0,29.96,28.59,28677038.0,841384052.0,11:20:44
sh603660,苏州科达,10.63,0.53,5.248,10.62,10.63,10.1,10.12,10.86,10.11,38918464.0,414933657.0,11:20:46
sh603661,恒林股份,32.99,-0.35,-1.05,33.0,33.03,33.34,33.55,33.55,32.85,661100.0,21881421.0,11:20:38
sh603662,柯力传感,60.88,-0.5,-0.815,60.85,60.88,61.38,62.25,62.26,60.66,1315400.0,80619264.0,11:20:44
sh603663,三祥新材,32.24,-1.06,-3.183,32.23,32.24,33.3,33.3,33.72,32.18,9206919.0,301443379.0,11:20:44
sh603665,康隆达,33.46,-0.24,-0.712,33.44,33.45,33.7,32.23,34.2,32.01,5452176.0,180406471.0,11:20:45
sh603666,亿嘉和,31.35,0.22,0.707,31.33,31.35,31.13,31.14,32.11,31.14,3152128.0,99851778.0,11:20:44
sh603667,五洲新春,42.72,-1.29,-2.931,42.71,42.72,44.01,44.05,44.35,42.52,7113185.0,307414910.0,11:20:45
sh603668,天马科技,15.23,-1.44,-8.638,15.23,15.24,16.67,16.3,16.35,15.0,57099851.0,879394381.0,11:20:46
sh603669,灵康药业,5.32,-0.05,-0.931,5.32,5.33,5.37,5.4,5.41,5.27,4840000.0,25820659.0,11:20:46
sh603676,卫信康,11.34,0.04,0.354,11.33,11.34,11.3,11.31,11.45,11.23,1079800.0,12267683.0,11:20:26
sh603677,奇精机械,19.32,-0.11,-0.566,19.3,19.32,19.43,19.57,19.83,19.2,1443400.0,28055038.0,11:20:35
sh603678,火炬电子,31.04,-0.53,-1.679,31.04,31.05,31.57,31.68,31.78,31.03,3547526.0,110744172.0,11:20:45
sh603679,华体科技,15.89,-0.31,-1.914,15.88,15.89,16.2,16.43,16.43,15.6,3181700.0,50978861.0,11:20:45
sh603680,今创集团,10.69,-0.04,-0.373,10.68,10.7,10.73,10.72,10.8,10.66,1097224.0,11766996.0,11:20:40
sh603681,永冠新材,18.23,-0.15,-0.816,18.24,18.27,18.38,18.53,18.7,18.01,2086591.0,38213137.0,11:20:43
sh603682,锦和商管,6.18,-0.02,-0.323,6.17,6.18,6.2,6.26,6.27,5.99,5847900.0,35670933.0,11:20:44
sh603683,晶华新材,25.72,-0.68,-2.576,25.72,25.73,26.4,26.27,26.27,25.56,3374180.0,86976790.0,11:20:40
sh603685,晨丰科技,18.96,-0.05,-0.263,18.94,18.95,19.01,19.18,19.25,18.82,857358.0,16328023.0,11:20:46
sh603686,福龙马,25.91,-0.69,-2.594,25.9,25.91,26.6,26.44,26.86,25.63,37937816.0,990186752.0,11:20:43
sh603687,大胜达,8.97,0.06,0.673,8.97,8.98,8.91,8.89,9.14,8.88,5516700.0,49497569.0,11:20:44
sh603688,石英股份,37.58,-0.36,-0.949,37.57,37.58,37.94,38.18,38.48,37.4,4480025.0,168874567.0,11:20:44
sh603689,皖天然气,8.58,0.04,0.468,8.57,8.58,8.54,8.54,8.58,8.54,2467051.0,21133933.0,11:20:44
sh603690,至纯科技,28.74,-0.52,-1.777,28.74,28.75,29.26,29.53,29.73,28.71,9025380.0,263389929.0,11:20:44
sh603693,江苏新能,12.29,-0.04,-0.324,12.29,12.3,12.33,12.32,12.4,12.25,1527300.0,18806071.0,11:20:42
sh603696,安记食品,12.42,-0.31,-2.435,12.4,12.41,12.73,12.84,12.84,12.2,6500800.0,80916048.0,11:20:41
sh603697,有友食品,12.68,-0.2,-1.553,12.68,12.69,12.88,12.93,13.0,12.36,5448420.0,68655162.0,11:20:46
sh603698,航天工程,18.71,0.16,0.863,18.7,18.72,18.55,18.57,18.78,18.5,2254000.0,42055998.0,11:20:46
sh603699,纽威股份,49.26,-0.45,-0.905,49.26,49.28,49.71,49.8,50.39,49.1,1582013.0,78272971.0,11:20:41
sh603700,宁水集团,12.94,-0.03,-0.231,12.94,12.95,12.97,13.01,13.15,12.77,1526300.0,19742877.0,11:20:45
sh603701,德宏股份,17.59,-0.12,-0.678,17.58,17.6,17.71,17.73,18.08,17.51,1003240.0,17740240.0,11:20:35
sh603703,盛洋科技,11.64,-0.13,-1.105,11.63,11.64,11.77,11.81,11.95,11.57,4458440.0,52114579.0,11:20:46
sh603706,东方环宇,21.15,-0.05,-0.236,21.11,21.15,21.2,22.0,22.0,21.02,1015000.0,21536888.0,11:20:45
sh603707,健友股份,10.02,0.02,0.2,10.01,10.02,10.0,10.01,10.06,9.98,4276335.0,42848484.0,11:20:44
sh603708,家家悦,11.94,-0.23,-1.89,11.93,11.94,12.17,12.25,12.25,11.79,6609319.0,78790377.0,11:20:46
sh603709,中源家居,15.92,-0.18,-1.118,15.93,15.94,16.1,16.14,16.28,15.59,1401412.0,22302373.0,11:20:42
sh603711,香飘飘,14.14,-0.31,-2.145,14.13,14.14,14.45,14.48,14.48,13.95,5398600.0,76370611.0,11:20:44
sh603712,七一二,20.11,-0.54,-2.615,20.1,20.11,20.65,20.51,20.63,20.03,5308900.0,107603669.0,11:20:45
sh603713,密尔克卫,57.33,-0.77,-1.325,57.33,57.34,58.1,58.31,58.6,57.18,648600.0,37429475.0,11:20:46
sh603716,塞力医疗,21.46,-0.02,-0.093,21.46,21.47,21.48,21.48,21.73,21.31,4447950.0,95724292.0,11:20:42
sh603717,天域生物,9.31,-0.13,-1.377,9.3,9.31,9.44,9.47,9.58,9.14,5375499.0,49984227.0,11:20:46
sh603718,海利生物,6.9,0.02,0.291,6.89,6.9,6.88,6.9,6.92,6.84,2799100.0,19241359.0,11:20:45
sh603719,良品铺子,12.52,-0.23,-1.804,12.51,12.52,12.75,12.75,12.79,12.36,2867500.0,35888343.0,11:20:45
sh603721,*ST天择,19.94,-0.24,-1.189,19.94,19.98,20.18,20.12,20.17,19.8,563600.0,11254727.0,11:20:42
sh603722,阿科力,41.94,-1.09,-2.533,41.94,41.98,43.03,44.0,44.54,41.55,3135250.0,135220827.0,11:20:46
sh603725,天安新材,9.4,-0.09,-0.948,9.39,9.4,9.49,9.52,9.52,9.31,2380060.0,22407255.0,11:20:46
sh603726,朗迪集团,22.86,-0.29,-1.253,22.86,22.88,23.15,23.18,23.4,22.69,2296892.0,52725877.0,11:20:43
sh603727,博迈科,14.49,-0.12,-0.821,14.48,14.49,14.61,14.54,14.7,14.39,2523278.0,36593369.0,11:20:45
sh603728,鸣志电器,64.1,-1.1,-1.687,64.09,64.1,65.2,65.7,65.99,63.84,2154936.0,139215027.0,11:20:42
sh603729,龙韵股份,17.79,-0.13,-0.725,17.78,17.8,17.92,17.94,18.01,17.45,1471600.0,26060357.0,11:20:43
sh603730,岱美股份,7.36,-0.27,-3.539,7.35,7.36,7.63,7.55,7.66,7.32,13731992.0,102015571.0,11:20:43
sh603733,仙鹤股份,22.59,0.17,0.758,22.58,22.59,22.42,22.43,22.66,22.35,625500.0,14068846.0,11:20:35
sh603737,三棵树,43.55,0.88,2.062,43.54,43.55,42.67,42.63,43.65,42.63,1786820.0,77114668.0,11:20:44
sh603738,泰晶科技,15.74,0.36,2.341,15.74,15.75,15.38,15.45,15.92,15.45,13179644.0,207606204.0,11:20:44
sh603739,蔚蓝生物,15.61,-0.01,-0.064,15.6,15.61,15.62,15.76,15.77,15.48,2443100.0,38123723.0,11:20:46
sh603755,日辰股份,38.45,0.86,2.288,38.41,38.45,37.59,38.0,38.5,36.99,1553970.0,58606749.0,11:20:44
sh603757,大元泵业,36.76,-0.59,-1.58,36.76,36.78,37.35,37.75,38.2,36.73,2132744.0,79182715.0,11:20:41
sh603758,秦安股份,16.58,0.02,0.121,16.57,16.59,16.56,16.57,16.9,16.5,3164812.0,52799412.0,11:20:45
sh603759,海天股份,10.86,-0.06,-0.549,10.85,10.86,10.92,10.93,11.0,10.8,6224716.0,67802580.0,11:20:44
sh603766,隆鑫通用,13.12,-0.28,-2.09,13.12,13.13,13.4,13.3,13.38,13.06,7879352.0,103735127.0,11:20:46
sh603767,中马传动,22.99,-0.26,-1.118,22.98,22.99,23.25,23.29,23.46,22.98,2378000.0,55052566.0,11:20:43
sh603768,常青股份,12.38,-0.05,-0.402,12.38,12.39,12.43,12.47,12.49,12.21,1230100.0,15192994.0,11:20:36
sh603773,沃格光电,28.41,-0.05,-0.176,28.39,28.41,28.46,28.78,28.84,28.3,1275864.0,36419330.0,11:20:43
sh603776,永安行,18.92,-0.15,-0.787,18.9,18.91,19.07,19.11,19.2,18.81,977400.0,18566565.0,11:20:34
sh603777,来伊份,13.57,-0.14,-1.021,13.56,13.57,13.71,13.65,13.76,13.36,4624940.0,62378247.0,11:20:44
sh603778,国晟科技,8.37,-0.6,-6.689,8.37,8.38,8.97,8.97,9.37,8.09,146176400.0,1266704002.0,11:20:45
sh603779,威龙股份,7.21,-0.03,-0.414,7.21,7.22,7.24,7.26,7.27,7.1,3451145.0,24765362.0,11:20:44
sh603786,科博达,69.73,-0.67,-0.952,69.71,69.73,70.4,69.8,71.2,69.66,934800.0,65597002.0,11:20:46
sh603787,新日股份,14.14,-0.25,-1.737,14.13,14.14,14.39,14.31,14.38,14.04,3940300.0,55898731.0,11:20:44
sh603788,宁波高发,16.06,-0.04,-0.248,16.06,16.07,16.1,16.12,16.2,16.0,738300.0,11885313.0,11:20:38
sh603789,*ST星农,5.82,-0.06,-1.02,5.8,5.82,5.88,5.87,5.92,5.72,3074930.0,17878760.0,11:20:32
sh603790,雅运股份,19.82,-0.13,-0.652,19.81,19.82,19.95,19.96,20.33,19.52,2310900.0,45962703.0,11:20:46
sh603797,联泰环保,4.9,0.05,1.031,4.9,4.91,4.85,4.87,4.92,4.82,3537739.0,17250470.0,11:20:41
sh603798,康普顿,15.49,-0.45,-2.823,15.49,15.51,15.94,15.83,16.06,15.28,1795400.0,28050171.0,11:20:46
sh603799,华友钴业,67.33,1.34,2.031,67.33,67.34,65.99,66.5,69.2,65.71,80419782.0,5430448785.0,11:20:44
sh603800,洪田股份,44.25,-0.45,-1.007,44.22,44.34,44.7,44.97,45.31,44.1,1248200.0,55855000.0,11:20:41
sh603801,志邦家居,9.55,0.08,0.845,9.54,9.55,9.47,9.47,9.56,9.42,3009695.0,28544189.0,11:20:45
sh603803,瑞斯康达,9.7,-0.13,-1.322,9.69,9.7,9.83,9.82,10.0,9.44,11854447.0,113932428.0,11:20:44
sh603806,福斯特,14.96,0.03,0.201,14.95,14.96,14.93,14.94,15.05,14.85,8246673.0,123178099.0,11:20:45
sh603808,歌力思,9.16,-0.1,-1.08,9.15,9.16,9.26,9.25,9.34,9.0,4107800.0,37498935.0,11:20:44
sh603809,豪能股份,11.86,-0.2,-1.658,11.85,11.86,12.06,12.12,12.15,11.81,12261099.0,146439173.0,11:20:43
sh603810,丰山集团,17.1,-0.35,-2.006,17.09,17.1,17.45,17.5,17.58,16.92,1870304.0,32147903.0,11:20:46
sh603811,诚意药业,11.34,-0.03,-0.264,11.33,11.34,11.37,11.37,11.54,11.28,2860398.0,32601216.0,11:20:44
sh603813,*ST原尚,39.5,1.14,2.972,39.45,39.5,38.36,38.74,40.18,38.72,1060700.0,41818911.0,11:20:40
sh603815,交建股份,11.16,-0.03,-0.268,11.15,11.16,11.19,11.25,11.34,11.08,4062300.0,45363431.0,11:20:34
sh603816,顾家家居,30.94,0.84,2.791,30.94,30.96,30.1,30.25,30.96,30.11,3732083.0,114417578.0,11:20:46
sh603817,海峡环保,7.65,-0.11,-1.418,7.65,7.66,7.76,7.88,7.98,7.5,35741500.0,274984299.0,11:20:45
sh603818,曲美家居,4.15,0.02,0.484,4.14,4.15,4.13,4.17,4.17,4.02,7742500.0,31658763.0,11:20:44
sh603819,神力股份,11.73,-0.04,-0.34,11.73,11.74,11.77,11.81,11.89,11.5,2209207.0,25779461.0,11:20:45
sh603822,嘉澳环保,92.92,-7.8,-7.744,92.92,92.98,100.72,99.9,100.0,91.6,3504000.0,333837365.0,11:20:45
sh603823,百合花,15.79,0.22,1.413,15.79,15.8,15.57,15.73,16.19,15.6,4902584.0,77726934.0,11:20:43
sh603825,ST华扬,9.52,-0.02,-0.21,9.51,9.52,9.54,9.56,9.58,9.33,2983700.0,28174374.0,11:20:45
sh603826,坤彩科技,18.52,-0.03,-0.162,18.5,18.52,18.55,18.6,18.69,18.42,1187200.0,22024236.0,11:20:44
sh603828,ST柯利达,7.19,-0.28,-3.748,7.18,7.19,7.47,7.16,7.61,7.16,4506710.0,32929496.0,11:20:43
sh603829,洛凯股份,23.58,-0.41,-1.709,23.58,23.59,23.99,23.87,24.5,23.33,10237161.0,243195491.0,11:20:46
sh603833,欧派家居,53.91,1.16,2.199,53.91,53.92,52.75,52.5,53.92,52.46,1377164.0,73288222.0,11:20:46
sh603836,海程邦达,15.66,-0.03,-0.191,15.66,15.67,15.69,15.78,15.88,15.49,1466300.0,22930342.0,11:20:44
sh603838,*ST四通,7.73,-0.04,-0.515,7.71,7.73,7.77,7.76,7.81,7.67,541400.0,4192792.0,11:20:41
sh603839,安正时尚,9.16,-0.17,-1.822,9.16,9.17,9.33,9.33,9.36,8.94,5802340.0,52886867.0,11:20:46
sh603843,*ST正平,0.0,0.0,0.0,0.0,0.0,8.66,0.0,0.0,0.0,0.0,0.0,11:20:33
sh603848,好太太,19.89,0.16,0.811,19.89,19.9,19.73,19.88,20.19,19.65,1107400.0,22043769.0,11:20:45
sh603855,华荣股份,18.95,0.02,0.106,18.95,18.96,18.93,19.0,19.1,18.89,1105834.0,20984624.0,11:20:43
sh603856,东宏股份,12.9,-0.03,-0.232,12.89,12.9,12.93,13.01,13.06,12.79,1634450.0,21089267.0,11:20:43
sh603858,步长制药,17.39,-0.08,-0.458,17.39,17.4,17.47,17.51,17.58,17.34,2355900.0,41075381.0,11:20:41
sh603859,能科科技,39.49,-0.11,-0.278,39.49,39.5,39.6,39.8,40.23,39.11,2765372.0,109137534.0,11:20:44
sh603860,中公高科,32.02,0.13,0.408,32.02,32.07,31.89,32.06,32.3,31.57,766600.0,24510911.0,11:20:41
sh603861,白云电器,12.05,-0.23,-1.873,12.05,12.06,12.28,12.28,12.47,12.01,7275629.0,88634862.0,11:20:44
sh603863,松炀资源,18.87,-0.43,-2.228,18.83,18.87,19.3,19.24,19.48,18.65,3403252.0,64375081.0,11:20:44
sh603866,桃李面包,5.62,-0.06,-1.056,5.61,5.62,5.68,5.69,5.69,5.56,9422200.0,52870630.0,11:20:45
sh603867,新化股份,29.28,0.27,0.931,29.26,29.28,29.01,29.01,29.77,29.01,1897400.0,55835967.0,11:20:46
sh603868,飞科电器,36.01,0.17,0.474,36.0,36.01,35.84,35.97,36.2,35.84,318600.0,11464879.0,11:20:22
sh603869,ST智知,10.4,-0.24,-2.256,10.38,10.39,10.64,10.7,10.75,10.27,1286870.0,13460807.0,11:20:33
sh603871,嘉友国际,13.62,0.35,2.638,13.6,13.62,13.27,13.29,13.63,13.26,4589354.0,62092217.0,11:20:40
sh603876,鼎胜新材,14.2,-0.13,-0.907,14.19,14.2,14.33,14.5,14.76,14.0,21642260.0,311540304.0,11:20:44
sh603877,太平鸟,17.08,-0.93,-5.164,17.05,17.08,18.01,17.88,18.05,16.5,14459819.0,247977135.0,11:20:44
sh603878,武进不锈,9.63,0.05,0.522,9.63,9.64,9.58,9.7,10.06,9.6,13014903.0,128041810.0,11:20:44
sh603879,永悦科技,6.06,-0.01,-0.165,6.06,6.07,6.07,6.08,6.15,5.95,4817200.0,29077270.0,11:20:45
sh603880,南卫股份,6.92,-0.04,-0.575,6.91,6.92,6.96,6.99,7.02,6.78,3802956.0,26227258.0,11:20:39
sh603881,数据港,33.75,-0.7,-2.032,33.73,33.75,34.45,34.23,34.61,33.5,26839324.0,911725463.0,11:20:46
sh603882,金域医学,29.43,-0.51,-1.703,29.42,29.43,29.94,29.91,29.99,29.2,2639814.0,77969701.0,11:20:42
sh603883,老百姓,16.47,-0.11,-0.663,16.47,16.48,16.58,16.69,16.69,16.33,6833527.0,112486637.0,11:20:45
sh603885,吉祥航空,13.37,-0.69,-4.908,13.37,13.38,14.06,14.08,14.08,13.29,16637705.0,227178905.0,11:20:46
sh603886,元祖股份,13.1,-0.1,-0.758,13.09,13.1,13.2,13.15,13.36,12.9,3527400.0,46029406.0,11:20:46
sh603887,城地香江,14.06,-0.19,-1.333,14.05,14.06,14.25,14.29,14.33,13.86,7583247.0,106709265.0,11:20:41
sh603888,新华网,19.62,-0.18,-0.909,19.61,19.63,19.8,19.87,19.92,19.55,3760670.0,74062178.0,11:20:44
sh603889,新澳股份,7.86,-0.08,-1.008,7.84,7.86,7.94,7.95,7.97,7.6,10121480.0,78615136.0,11:20:46
sh603890,春秋电子,14.52,0.04,0.276,14.51,14.52,14.48,14.7,14.88,14.5,8870261.0,129997178.0,11:20:44
sh603893,瑞芯微,168.95,-4.69,-2.701,168.94,168.95,173.64,176.0,177.0,168.75,6002246.0,1028937078.0,11:20:46
sh603895,天永智能,28.09,0.11,0.393,28.07,28.09,27.98,28.69,28.89,27.85,727300.0,20584899.0,11:20:44
sh603896,寿仙谷,20.59,-0.23,-1.105,20.58,20.6,20.82,20.8,20.8,20.5,930940.0,19164842.0,11:20:45
sh603897,长城科技,24.85,0.19,0.77,24.85,24.86,24.66,24.84,24.94,24.67,1169700.0,29006254.0,11:20:44
sh603898,好莱客,13.87,1.17,9.213,13.86,13.87,12.7,12.87,13.95,12.59,10470433.0,141791880.0,11:20:46
sh603899,晨光股份,28.35,-0.25,-0.874,28.34,28.35,28.6,28.58,28.68,28.24,1368600.0,38897003.0,11:20:46
sh603900,莱绅通灵,9.24,-0.11,-1.176,9.24,9.26,9.35,9.35,9.44,9.06,5115061.0,47186477.0,11:20:45
sh603901,永创智能,12.27,-0.11,-0.889,12.27,12.29,12.38,12.43,12.54,12.26,4797351.0,59532974.0,11:20:41
sh603903,中持股份,15.82,0.17,1.086,15.82,15.83,15.65,15.66,16.33,15.46,9392143.0,149745770.0,11:20:43
sh603906,龙蟠科技,18.84,-0.25,-1.31,18.83,18.84,19.09,19.09,19.65,18.76,16144440.0,309347187.0,11:20:46
sh603908,牧高笛,25.7,-0.68,-2.578,25.7,25.71,26.38,26.21,26.6,25.41,2389100.0,61704575.0,11:20:39
sh603909,建发合诚,13.11,-0.47,-3.461,13.11,13.14,13.58,13.59,13.72,12.69,11196203.0,145489758.0,11:20:45
sh603912,佳力图,8.49,-0.06,-0.702,8.49,8.5,8.55,8.61,8.62,8.41,5376120.0,45753400.0,11:20:43
sh603915,国茂股份,15.81,-0.17,-1.064,15.8,15.81,15.98,15.99,16.13,15.79,3399420.0,54068687.0,11:20:46
sh603916,苏博特,9.88,0.0,0.0,9.88,9.89,9.88,9.9,9.99,9.8,1983409.0,19613075.0,11:20:35
sh603917,合力科技,14.44,-0.1,-0.688,14.44,14.45,14.54,14.6,14.66,14.34,3732900.0,54124155.0,11:20:41
sh603918,金桥信息,17.02,-0.37,-2.128,17.01,17.02,17.39,17.21,17.58,16.9,8797875.0,150777871.0,11:20:44
sh603919,金徽酒,20.48,0.08,0.392,20.46,20.49,20.4,20.35,20.52,20.09,1757112.0,35578042.0,11:20:43
sh603920,世运电路,37.41,-0.02,-0.053,37.41,37.43,37.43,38.18,38.36,37.33,6676383.0,252485913.0,11:20:46
sh603922,金鸿顺,20.59,0.02,0.097,20.58,20.59,20.57,20.57,20.89,20.35,1503760.0,30958880.0,11:20:41
sh603926,铁流股份,14.97,-0.29,-1.9,14.96,14.98,15.26,15.26,15.37,14.9,1485190.0,22419643.0,11:20:33
sh603927,中科软,20.51,-0.15,-0.726,20.51,20.52,20.66,20.83,20.95,20.38,7902808.0,162720323.0,11:20:44
sh603928,兴业股份,16.3,0.44,2.774,16.29,16.3,15.86,15.84,16.5,15.66,9608506.0,156422044.0,11:20:46
sh603929,亚翔集成,54.63,-1.52,-2.707,54.63,54.64,56.15,56.13,56.8,53.53,3627300.0,198009400.0,11:20:46
sh603931,格林达,31.22,0.21,0.677,31.21,31.22,31.01,31.3,32.27,31.0,8068504.0,255553819.0,11:20:45
sh603933,睿能科技,19.31,0.1,0.521,19.31,19.32,19.21,19.59,19.75,19.14,4328988.0,84061393.0,11:20:44
sh603936,博敏电子,10.68,-0.01,-0.094,10.68,10.69,10.69,10.8,10.91,10.67,9656141.0,104243444.0,11:20:45
sh603937,丽岛新材,12.74,-0.05,-0.391,12.74,12.75,12.79,12.8,13.0,12.57,2992400.0,38227192.0,11:20:46
sh603938,三孚股份,19.25,-0.28,-1.434,19.24,19.25,19.53,19.56,20.0,19.19,6529696.0,127881889.0,11:20:46
sh603939,益丰药房,23.86,-0.15,-0.625,23.86,23.87,24.01,23.88,24.06,23.72,1838380.0,43802926.0,11:20:46
sh603948,建业股份,27.02,-1.17,-4.15,27.0,27.02,28.19,27.88,27.99,26.78,4851932.0,132594160.0,11:20:46
sh603949,雪龙集团,18.96,-0.16,-0.837,18.95,18.96,19.12,19.2,19.37,18.81,1032200.0,19637194.0,11:20:43
sh603950,长源东谷,30.55,-0.29,-0.94,30.55,30.56,30.84,31.0,31.18,30.31,1156900.0,35348316.0,11:20:41
sh603955,大千生态,32.08,-0.2,-0.62,32.08,32.25,32.28,32.47,34.0,31.86,1089700.0,35643705.0,11:20:47
sh603956,威派格,6.92,-0.07,-1.001,6.91,6.92,6.99,7.03,7.04,6.86,10775085.0,74541313.0,11:20:45
sh603958,哈森股份,15.92,-0.05,-0.313,15.91,15.92,15.97,15.95,16.11,15.8,1168200.0,18614186.0,11:20:46
sh603959,百利科技,7.28,-0.21,-2.804,7.28,7.29,7.49,7.51,7.54,7.12,17653500.0,129136404.0,11:20:44
sh603960,克来机电,19.49,-0.29,-1.466,19.49,19.5,19.78,19.74,19.89,19.35,2476158.0,48352327.0,11:20:47
sh603966,法兰泰克,11.68,-0.07,-0.596,11.67,11.68,11.75,11.85,11.88,11.51,6474804.0,75579529.0,11:20:45
sh603967,中创物流,11.87,-0.01,-0.084,11.86,11.87,11.88,11.88,11.98,11.79,1148070.0,13620919.0,11:20:42
sh603968,醋化股份,12.34,-0.05,-0.404,12.34,12.35,12.39,12.44,12.55,12.2,1265500.0,15668196.0,11:20:37
sh603969,银龙股份,9.13,-0.08,-0.869,9.13,9.14,9.21,9.17,9.28,9.1,4095216.0,37569733.0,11:20:47
sh603970,中农立华,13.56,-0.1,-0.732,13.54,13.56,13.66,13.66,13.72,13.46,1394900.0,18934605.0,11:20:41
sh603976,正川股份,21.71,0.59,2.794,21.71,21.73,21.12,21.12,22.19,20.65,2857500.0,61294878.0,11:20:45
sh603977,国泰集团,13.49,-0.21,-1.533,13.48,13.49,13.7,13.79,13.98,13.38,23525876.0,322215224.0,11:20:47
sh603978,深圳新星,34.91,3.17,9.987,34.91,0.0,31.74,31.9,34.91,31.81,15105000.0,517411707.0,11:20:45
sh603979,金诚信,62.51,0.46,0.741,62.5,62.52,62.05,62.3,63.38,62.2,2662556.0,167722019.0,11:20:46
sh603980,吉华集团,5.57,-0.03,-0.536,5.56,5.57,5.6,5.62,5.68,5.5,9913280.0,55466606.0,11:20:45
sh603982,泉峰汽车,9.13,-0.11,-1.19,9.12,9.13,9.24,9.28,9.32,9.03,4679900.0,42880677.0,11:20:44
sh603983,丸美生物,33.01,-0.71,-2.106,33.0,33.02,33.72,33.72,33.72,32.95,1852900.0,61472222.0,11:20:47
sh603985,恒润股份,15.11,0.04,0.265,15.11,15.12,15.07,15.2,15.22,15.06,2129500.0,32235941.0,11:20:36
sh603986,兆易创新,200.02,-2.5,-1.234,200.02,200.03,202.52,207.5,208.0,199.91,12496115.0,2527599180.0,11:20:47
sh603987,康德莱,8.84,-0.07,-0.786,8.84,8.85,8.91,8.92,9.0,8.78,4226550.0,37473240.0,11:20:45
sh603988,中电电机,24.1,-0.31,-1.27,24.1,24.11,24.41,24.41,24.54,24.08,1923500.0,46780894.0,11:20:45
sh603989,艾华集团,16.8,0.08,0.478,16.8,16.81,16.72,16.81,17.18,16.78,2609090.0,44329544.0,11:20:42
sh603990,麦迪科技,15.39,-0.11,-0.71,15.38,15.39,15.5,15.49,15.69,15.31,3302255.0,50884666.0,11:20:43
sh603991,至正股份,69.07,-0.33,-0.476,68.85,69.08,69.4,69.58,70.32,68.16,820500.0,56700763.0,11:20:40
sh603992,松霖科技,28.84,0.53,1.872,28.75,28.84,28.31,28.29,28.85,28.16,405045.0,11570491.0,11:20:47
sh603993,洛阳钼业,15.79,-0.09,-0.567,15.78,15.79,15.88,15.96,16.12,15.75,75784670.0,1209556795.0,11:20:47
sh603995,甬金股份,17.99,0.06,0.335,17.97,17.98,17.93,17.92,18.16,17.88,2216200.0,39959482.0,11:20:46
sh603997,继峰股份,13.49,0.0,0.0,13.48,13.49,13.49,13.53,13.65,13.4,3447665.0,46578305.0,11:20:43
sh603998,方盛制药,11.95,-0.03,-0.25,11.94,11.95,11.98,11.98,12.06,11.89,4607600.0,55130605.0,11:20:46
sh603999,读者传媒,6.92,-0.01,-0.144,6.91,6.93,6.93,6.96,6.97,6.82,5053400.0,34833786.0,11:20:45
sh605001,威奥股份,7.77,-0.01,-0.129,7.77,7.79,7.78,7.75,7.88,7.72,1903200.0,14836323.0,11:20:44
sh605003,众望布艺,27.16,0.1,0.37,27.15,27.17,27.06,27.24,27.78,26.5,1214375.0,32742213.0,11:20:46
sh605005,合兴股份,18.96,-0.16,-0.837,18.96,18.99,19.12,19.1,19.23,18.92,991000.0,18872731.0,11:20:46
sh605006,山东玻纤,7.47,0.08,1.083,7.47,7.48,7.39,7.44,7.51,7.32,4446560.0,33002936.0,11:20:42
sh605007,五洲特纸,11.91,-0.14,-1.162,11.9,11.91,12.05,12.05,12.11,11.9,1356300.0,16229125.0,11:20:42
sh605008,长鸿高科,16.35,0.02,0.122,16.35,16.36,16.33,16.37,16.46,16.26,806720.0,13175083.0,11:20:30
sh605009,豪悦护理,34.12,-0.73,-2.095,34.12,34.13,34.85,34.86,34.86,33.95,2344638.0,80346395.0,11:20:38
sh605011,杭州热电,21.77,0.2,0.927,21.77,21.78,21.57,21.65,21.89,21.5,2204582.0,47885662.0,11:20:45
sh605016,百龙创园,20.64,-0.24,-1.149,20.64,20.65,20.88,20.89,21.04,20.5,979560.0,20265607.0,11:20:47
sh605018,长华集团,11.27,-0.05,-0.442,11.27,11.28,11.32,11.46,11.46,11.19,1369000.0,15511931.0,11:20:46
sh605020,永和股份,26.11,0.04,0.153,26.11,26.12,26.07,26.26,26.66,26.0,4486800.0,118385635.0,11:20:45
sh605028,世茂能源,31.65,0.21,0.668,31.61,31.65,31.44,30.5,32.37,30.5,4281448.0,134457098.0,11:20:45
sh605033,美邦股份,20.27,-1.19,-5.545,20.27,20.28,21.46,21.23,21.44,20.08,5008800.0,103292559.0,11:20:46
sh605050,福然德,13.43,-0.14,-1.032,13.43,13.44,13.57,13.54,13.64,13.34,2371600.0,31922430.0,11:20:45
sh605055,迎丰股份,9.17,-0.07,-0.758,9.16,9.17,9.24,9.25,9.29,9.01,2579300.0,23546790.0,11:20:38
sh605056,咸亨国际,18.05,-0.49,-2.643,18.05,18.06,18.54,18.98,18.98,17.89,2684092.0,48834423.0,11:20:38
sh605058,澳弘电子,28.23,-0.13,-0.458,28.2,28.23,28.36,28.5,28.72,28.16,617000.0,17518898.0,11:20:46
sh605060,联德股份,34.48,-0.22,-0.634,34.47,34.49,34.7,35.2,36.4,34.41,2155900.0,76426539.0,11:20:45
sh605066,天正电气,7.51,-0.07,-0.923,7.5,7.51,7.58,7.63,7.66,7.47,5325600.0,40199501.0,11:20:41
sh605068,明新旭腾,28.72,-0.16,-0.554,28.68,28.71,28.88,29.16,29.35,28.6,794400.0,23042871.0,11:20:46
sh605069,正和生态,10.3,-0.08,-0.771,10.3,10.32,10.38,10.55,10.55,10.1,2155700.0,22175543.0,11:20:47
sh605077,华康股份,17.06,-0.2,-1.159,17.03,17.06,17.26,17.2,17.41,16.97,1284020.0,22020765.0,11:20:46
sh605080,浙江自然,23.64,-0.24,-1.005,23.63,23.64,23.88,23.88,24.0,23.4,885740.0,20917906.0,11:20:42
sh605081,*ST太和,10.27,0.25,2.495,10.25,10.27,10.02,10.09,10.29,9.93,1429230.0,14473443.0,11:20:43
sh605086,龙高股份,30.71,0.28,0.92,30.71,30.74,30.43,29.93,30.88,29.93,2698700.0,81869456.0,11:20:45
sh605088,冠盛股份,32.35,-0.9,-2.707,32.35,32.37,33.25,33.33,33.5,32.2,1860417.0,60924142.0,11:20:47
sh605089,味知香,26.24,-0.59,-2.199,26.24,26.27,26.83,26.89,26.95,25.78,955150.0,25115956.0,11:20:47
sh605090,九丰能源,34.78,0.78,2.294,34.78,34.83,34.0,34.14,35.17,33.73,5719133.0,197975194.0,11:20:45
sh605098,行动教育,39.97,-0.8,-1.962,39.96,39.97,40.77,40.99,41.25,39.9,879200.0,35478508.0,11:20:47
sh605099,共创草坪,35.7,-0.66,-1.815,35.7,35.72,36.36,36.54,36.54,35.65,689100.0,24837480.0,11:20:45
sh605100,华丰股份,47.67,-1.93,-3.891,47.67,47.9,49.6,48.83,49.89,47.04,9312060.0,451990789.0,11:20:45
sh605108,同庆楼,19.44,-0.34,-1.719,19.43,19.44,19.78,19.66,19.84,19.26,1354234.0,26377441.0,11:20:46
sh605111,新洁能,35.92,-0.8,-2.179,35.91,35.92,36.72,36.95,37.2,35.85,8708680.0,316502205.0,11:20:44
sh605116,奥锐特,22.52,-0.07,-0.31,22.5,22.52,22.59,22.56,22.79,22.33,969500.0,21819690.0,11:20:43
sh605117,德业股份,78.9,-0.87,-1.091,78.89,78.9,79.77,80.5,80.59,78.59,5357872.0,425773183.0,11:20:45
sh605118,力鼎光电,26.33,-0.05,-0.19,26.32,26.33,26.38,26.55,26.68,26.3,694640.0,18375482.0,11:20:47
sh605122,四方新材,14.03,0.07,0.501,14.02,14.03,13.96,14.02,14.16,13.81,1356100.0,18986113.0,11:20:40
sh605123,派克新材,68.99,0.08,0.116,68.97,68.99,68.91,69.5,69.5,68.41,962404.0,66432578.0,11:20:45
sh605128,上海沿浦,35.7,-0.48,-1.327,35.7,35.71,36.18,36.45,36.58,35.55,999372.0,35908535.0,11:20:47
sh605133,嵘泰股份,35.92,-0.58,-1.589,35.92,35.93,36.5,36.9,36.9,35.8,2667608.0,96711086.0,11:20:46
sh605136,丽人丽妆,11.02,-1.12,-9.226,11.01,11.02,12.14,12.45,12.79,10.93,65692060.0,766570204.0,11:20:46
sh605138,盛泰集团,7.73,-0.17,-2.152,7.72,7.73,7.9,7.82,7.91,7.6,4490400.0,34736219.0,11:20:45
sh605151,西上海,20.77,-0.18,-0.859,20.77,20.79,20.95,21.0,21.1,20.5,750400.0,15570577.0,11:20:46
sh605155,西大门,16.07,0.07,0.438,16.07,16.09,16.0,16.14,16.3,15.85,2263460.0,36445579.0,11:20:45
sh605158,华达新材,8.55,-0.06,-0.697,8.54,8.55,8.61,8.62,8.72,8.4,2136050.0,18261033.0,11:20:42
sh605162,新中港,9.42,0.18,1.948,9.42,9.43,9.24,9.26,9.46,9.24,3282700.0,30621178.0,11:20:43
sh605166,聚合顺,10.81,0.01,0.093,10.81,10.82,10.8,10.81,10.96,10.68,3052100.0,32991871.0,11:20:42
sh605167,利柏特,10.4,-0.11,-1.047,10.4,10.41,10.51,10.42,10.53,10.35,2698500.0,28145816.0,11:20:45
sh605168,三人行,28.16,-0.35,-1.228,28.16,28.17,28.51,28.91,28.91,27.97,2815600.0,79648924.0,11:20:46
sh605169,洪通燃气,14.18,-0.08,-0.561,14.16,14.18,14.26,14.25,14.31,14.11,1937380.0,27490736.0,11:20:43
sh605177,东亚药业,20.66,-0.17,-0.816,20.65,20.66,20.83,20.83,20.96,20.38,636400.0,13148779.0,11:20:36
sh605178,时空科技,70.6,-5.34,-7.032,70.52,70.67,75.94,76.28,76.97,70.01,7341340.0,535568603.0,11:20:48
sh605179,一鸣食品,21.58,-0.49,-2.22,21.57,21.58,22.07,22.01,22.06,21.07,4954400.0,106775833.0,11:20:47
sh605180,华生科技,16.3,0.27,1.684,16.3,16.32,16.03,16.04,16.5,15.9,4973159.0,80309527.0,11:20:47
sh605183,确成股份,19.96,-0.03,-0.15,19.96,19.99,19.99,19.91,20.39,19.83,1281100.0,25761567.0,11:20:50
sh605186,健麾信息,21.05,-0.11,-0.52,21.05,21.06,21.16,21.3,21.39,20.8,1019700.0,21466065.0,11:20:39
sh605188,国光连锁,23.03,-0.23,-0.989,23.0,23.03,23.26,23.02,23.26,22.63,9569010.0,218330739.0,11:20:49
sh605189,富春染织,16.56,-0.06,-0.361,16.54,16.56,16.62,16.71,16.71,16.25,1180168.0,19388727.0,11:20:48
sh605196,华通线缆,33.67,-0.49,-1.434,33.63,33.67,34.16,34.5,34.86,33.61,3214100.0,109720276.0,11:20:50
sh605198,安德利,38.51,-0.43,-1.104,38.5,38.52,38.94,38.9,39.13,38.5,600500.0,23246556.0,11:20:45
sh605199,ST葫芦娃,9.68,0.02,0.207,9.67,9.68,9.66,9.66,9.76,9.4,4901300.0,46770375.0,11:20:47
sh605208,永茂泰,13.76,-0.06,-0.434,13.76,13.77,13.82,13.92,14.03,13.69,2605131.0,36062196.0,11:20:50
sh605218,伟时电子,19.58,-0.06,-0.305,19.55,19.59,19.64,19.7,19.95,19.39,967500.0,19045897.0,11:20:48
sh605222,起帆电缆,17.65,-0.02,-0.113,17.65,17.67,17.67,17.68,18.02,17.63,1275600.0,22670737.0,11:20:46
sh605228,神通科技,14.66,-0.07,-0.475,14.65,14.66,14.73,14.85,14.85,14.57,1339698.0,19673549.0,11:20:39
sh605255,天普股份,111.78,-7.63,-6.39,111.72,111.79,119.41,117.0,120.6,109.84,3943638.0,450777588.0,11:20:48
sh605258,协和电子,32.65,-0.31,-0.941,32.6,32.64,32.96,33.3,33.9,32.53,948612.0,31297069.0,11:20:49
sh605259,绿田机械,21.79,-0.13,-0.593,21.78,21.79,21.92,21.93,22.18,21.73,624100.0,13702146.0,11:20:42
sh605266,健之佳,20.6,-0.25,-1.199,20.59,20.6,20.85,20.86,20.98,20.31,1603895.0,32975011.0,11:20:50
sh605268,王力安防,10.5,-0.06,-0.568,10.49,10.5,10.56,10.58,10.65,10.39,2041000.0,21392641.0,11:20:48
sh605277,新亚电子,21.89,0.02,0.091,21.87,21.89,21.87,22.1,22.43,21.82,2442597.0,53949354.0,11:20:40
sh605286,同力日升,40.05,-0.43,-1.062,40.05,40.06,40.48,40.48,40.76,40.01,834800.0,33685381.0,11:20:49
sh605287,德才股份,28.72,0.06,0.209,28.7,28.71,28.66,28.7,29.2,28.48,774996.0,22283102.0,11:20:49
sh605288,凯迪股份,88.15,-1.1,-1.232,88.15,88.16,89.25,89.7,93.87,87.62,894800.0,80529288.0,11:20:41
sh605289,罗曼股份,61.65,-0.75,-1.202,61.67,61.68,62.4,62.4,64.91,61.6,854500.0,53304856.0,11:20:42
sh605296,神农集团,28.14,-0.41,-1.436,28.14,28.15,28.55,28.56,28.68,28.03,940330.0,26589790.0,11:20:46
sh605298,必得科技,38.18,-0.79,-2.027,38.18,38.22,38.97,38.97,39.41,38.09,1108100.0,42621782.0,11:20:46
sh605299,舒华体育,10.04,-0.07,-0.692,10.04,10.05,10.11,10.08,10.2,9.89,5107100.0,51151026.0,11:20:46
sh605300,佳禾食品,12.34,-0.11,-0.884,12.34,12.35,12.45,12.44,12.52,12.2,2132300.0,26309161.0,11:20:42
sh605303,园林股份,23.27,-0.53,-2.227,23.26,23.27,23.8,24.19,24.2,23.0,4675675.0,109449135.0,11:20:50
sh605305,中际联合,41.59,0.26,0.629,41.58,41.59,41.33,41.59,42.77,41.58,3437820.0,144859309.0,11:20:48
sh605318,法狮龙,54.13,0.2,0.371,54.12,54.21,53.93,53.83,55.49,53.2,1183300.0,63897217.0,11:20:50
sh605319,无锡振华,20.67,-0.4,-1.898,20.65,20.67,21.07,21.08,21.22,20.61,1827320.0,38102973.0,11:20:47
sh605333,沪光股份,29.19,0.13,0.447,29.19,29.21,29.06,29.22,29.39,28.96,1043900.0,30426833.0,11:20:50
sh605336,帅丰电器,15.87,-0.19,-1.183,15.87,15.88,16.06,15.92,16.2,15.73,2859479.0,45594883.0,11:20:49
sh605337,李子园,12.46,-0.12,-0.954,12.45,12.46,12.58,12.6,12.6,12.3,2814740.0,34970667.0,11:20:49
sh605338,巴比食品,28.07,-0.22,-0.778,28.06,28.07,28.29,28.14,28.6,27.38,2579649.0,71659112.0,11:20:46
sh605339,南侨食品,19.85,-1.17,-5.566,19.9,19.96,21.02,22.28,22.28,19.18,12739600.0,257816858.0,11:20:47
sh605358,立昂微,31.29,-0.53,-1.666,31.3,31.31,31.82,32.2,32.36,31.22,9149964.0,289401531.0,11:20:48
sh605365,立达信,16.79,-1.87,-10.021,16.79,16.8,18.66,18.14,18.55,16.79,14000062.0,243224776.0,11:20:48
sh605366,宏柏新材,7.06,-0.14,-1.944,7.05,7.06,7.2,7.1,7.4,6.97,36478012.0,261423317.0,11:20:47
sh605368,蓝天燃气,9.66,0.05,0.52,9.65,9.66,9.61,9.62,9.67,9.61,1771760.0,17079642.0,11:20:49
sh605369,拱东医疗,19.4,0.07,0.362,19.39,19.4,19.33,19.38,19.57,19.25,593920.0,11519842.0,11:20:48
sh605376,博迁新材,48.46,-0.44,-0.9,48.44,48.46,48.9,49.13,49.69,48.32,2241877.0,109770379.0,11:20:48
sh605377,华旺科技,8.75,-0.02,-0.228,8.74,8.75,8.77,8.79,8.8,8.72,1788516.0,15637799.0,11:20:49
sh605378,野马电池,23.98,-0.2,-0.827,23.97,23.98,24.18,24.19,24.49,23.93,2977760.0,72096098.0,11:20:50
sh605388,均瑶健康,7.72,-0.14,-1.781,7.71,7.72,7.86,7.85,7.87,7.6,11525400.0,89020447.0,11:20:49
sh605389,长龄液压,68.85,0.75,1.101,68.79,68.86,68.1,69.78,70.7,67.5,1961340.0,135574752.0,11:20:48
sh605398,新炬网络,31.87,-1.05,-3.19,31.85,31.87,32.92,32.6,32.68,31.31,5787940.0,183953095.0,11:20:50
sh605399,晨光新材,19.06,1.37,7.744,19.03,19.07,17.69,18.0,19.46,17.75,40227499.0,762111387.0,11:20:49
sh605488,福莱新材,31.55,-0.41,-1.283,31.55,31.56,31.96,32.3,32.43,31.4,2759516.0,87798784.0,11:20:47
sh605499,东鹏饮料,256.12,-2.88,-1.112,256.12,256.26,259.0,259.43,259.46,255.3,610160.0,156543860.0,11:20:48
sh605500,森林包装,9.11,-0.03,-0.328,9.1,9.11,9.14,9.17,9.23,9.0,2831365.0,25727466.0,11:20:49
sh605507,国邦医药,23.19,0.16,0.695,23.18,23.19,23.03,23.13,23.23,22.98,1059800.0,24499696.0,11:20:48
sh605555,德昌股份,17.26,-0.13,-0.748,17.26,17.27,17.39,17.34,17.46,17.21,2477110.0,42933953.0,11:20:50
sh605566,福莱蒽特,30.09,0.0,0.0,30.09,30.1,30.09,30.36,30.76,29.82,689800.0,20852699.0,11:20:44
sh605567,春雪食品,11.48,-0.05,-0.434,11.48,11.49,11.53,11.6,11.66,11.27,2968300.0,33957673.0,11:20:49
sh605577,龙版传媒,14.02,-0.18,-1.268,14.02,14.03,14.2,14.2,14.29,13.89,2269300.0,31881197.0,11:20:48
sh605580,恒盛能源,40.2,0.93,2.368,40.21,40.28,39.27,39.9,40.79,39.01,3401300.0,136458164.0,11:20:49
sh605588,冠石科技,52.86,-1.34,-2.472,52.85,52.86,54.2,53.6,54.5,52.81,1127600.0,60666059.0,11:20:50
sh605589,圣泉集团,27.46,0.74,2.769,27.45,27.46,26.72,26.98,28.04,26.98,17766669.0,491393674.0,11:20:49
sh605598,上海港湾,43.22,3.28,8.212,43.2,43.22,39.94,40.0,43.93,38.42,14109316.0,601219881.0,11:20:50
sh605599,菜百股份,14.69,0.04,0.273,14.69,14.7,14.65,14.61,14.7,14.5,1338500.0,19535221.0,11:20:49
sh688001,华兴源创,27.45,-0.35,-1.259,27.44,27.45,27.8,28.14,28.26,27.34,1440197.0,39714020.0,11:20:44
sh688002,睿创微纳,78.55,-0.37,-0.469,78.52,78.55,78.92,79.51,79.6,77.5,1954735.0,152940431.0,11:20:47
sh688003,天准科技,50.78,-0.37,-0.723,50.78,50.87,51.15,51.49,51.59,50.7,432529.0,22091969.0,11:20:47
sh688004,博汇科技,27.11,-0.07,-0.258,27.04,27.12,27.18,27.18,27.63,26.77,1052218.0,28613303.0,11:20:38
sh688005,容百科技,35.4,-0.23,-0.646,35.4,35.41,35.63,35.8,37.07,34.57,47699673.0,1715863890.0,11:20:47
sh688006,杭可科技,29.53,-0.37,-1.237,29.53,29.54,29.9,30.1,30.58,29.43,4872528.0,146054837.0,11:20:50
sh688007,光峰科技,16.88,-0.38,-2.202,16.87,16.88,17.26,17.4,17.58,16.81,3851205.0,65687281.0,11:20:48
sh688008,澜起科技,118.1,-1.3,-1.089,118.1,118.14,119.4,122.36,122.8,118.08,11216051.0,1348861155.0,11:20:50
sh688009,中国通号,5.33,0.03,0.566,5.33,5.34,5.3,5.32,5.35,5.31,11764055.0,62692636.0,11:20:48
sh688010,福光股份,27.17,-0.23,-0.839,27.18,27.21,27.4,27.85,27.89,26.96,1551365.0,42659596.0,11:20:48
sh688011,新光光电,41.18,-0.82,-1.952,41.18,41.19,42.0,41.88,42.21,40.5,693636.0,28424338.0,11:20:48
sh688012,中微公司,285.99,-12.51,-4.191,285.96,285.98,298.5,302.33,303.74,285.05,6779572.0,1969599023.0,11:20:47
sh688013,天臣医疗,51.83,-1.69,-3.158,51.83,51.87,53.52,53.9,54.4,51.65,729867.0,38412577.0,11:20:45
sh688015,交控科技,23.16,-0.17,-0.729,23.14,23.15,23.33,23.21,23.56,22.9,960693.0,22240477.0,11:20:47
sh688016,心脉医疗,95.26,-0.3,-0.314,95.3,95.36,95.56,96.0,96.88,95.11,602095.0,57724267.0,11:20:39
sh688017,绿的谐波,142.82,-1.06,-0.737,142.82,142.83,143.88,145.79,146.48,142.67,1247654.0,180200548.0,11:20:48
sh688018,乐鑫科技,153.07,0.07,0.046,153.1,153.18,153.0,154.9,156.33,152.81,1628586.0,251801376.0,11:20:48
sh688019,安集科技,194.63,-3.87,-1.95,194.63,194.84,198.5,200.06,202.12,194.63,1221624.0,240694609.0,11:20:43
sh688020,方邦股份,61.08,-0.92,-1.484,61.07,61.19,62.0,62.8,63.0,60.5,690376.0,42450178.0,11:20:33
sh688021,奥福科技,20.01,-0.29,-1.429,20.01,20.03,20.3,20.42,20.54,19.69,989981.0,19850919.0,11:20:42
sh688022,瀚川智能,15.39,-0.24,-1.536,15.37,15.39,15.63,15.67,15.81,15.25,1876988.0,29055275.0,11:20:42
sh688023,安恒信息,52.45,-1.68,-3.104,52.44,52.45,54.13,54.0,54.71,52.26,1697533.0,90174438.0,11:20:39
sh688025,杰普特,137.7,-3.31,-2.347,137.7,137.88,141.01,143.88,145.0,137.2,388464.0,54435748.0,11:20:40
sh688026,洁特生物,18.01,-0.1,-0.552,18.01,18.03,18.11,18.11,18.34,17.82,1121955.0,20197534.0,11:20:42
sh688027,国盾量子,458.66,-14.34,-3.032,458.01,458.67,473.0,477.7,479.98,458.0,1807864.0,846250209.0,11:20:41
sh688028,沃尔德,62.88,-0.83,-1.303,62.88,62.89,63.71,65.6,67.65,62.8,3143875.0,202941810.0,11:20:41
sh688029,南微医学,78.96,-0.38,-0.479,78.95,79.04,79.34,79.7,80.34,78.75,395251.0,31316145.0,11:20:33
sh688030,山石网科,18.57,-0.26,-1.381,18.56,18.57,18.83,18.92,19.0,18.43,811396.0,15154996.0,11:20:26
sh688031,星环科技,68.42,-1.41,-2.019,68.42,68.47,69.83,69.83,71.06,67.6,2792362.0,193139301.0,11:20:42
sh688032,禾迈股份,107.0,-1.03,-0.953,106.73,106.85,108.03,108.29,109.29,106.4,486817.0,52326887.0,11:20:40
sh688033,天宜新材,5.89,-0.05,-0.842,5.88,5.89,5.94,5.96,6.0,5.85,7479900.0,44252306.0,11:20:42
sh688035,德邦科技,46.73,-1.36,-2.828,46.73,46.74,48.09,48.74,48.79,46.73,1694572.0,80844379.0,11:20:42
sh688036,传音控股,61.37,-0.69,-1.112,61.36,61.37,62.06,62.23,62.85,61.28,4696946.0,290587439.0,11:20:41
sh688037,芯源微,126.47,-2.5,-1.938,126.42,126.46,128.97,129.63,131.79,126.16,2422267.0,310180178.0,11:20:39
sh688038,中科通达,17.0,0.05,0.295,16.99,17.0,16.95,16.87,17.3,16.81,1722995.0,29270570.0,11:20:37
sh688039,当虹科技,46.08,-1.32,-2.785,46.09,46.12,47.4,47.78,47.88,45.46,2081569.0,96433081.0,11:20:36
sh688041,海光信息,215.07,2.04,0.958,214.94,215.05,213.03,218.29,219.79,213.51,7815304.0,1690480803.0,11:20:42
sh688045,必易微,38.14,-0.66,-1.701,38.06,38.12,38.8,39.0,39.39,37.87,619285.0,23818456.0,11:20:41
sh688046,XD药康生,16.89,-0.37,-2.144,16.86,16.89,17.26,17.17,17.46,16.78,1256070.0,21450410.0,11:20:40
sh688047,龙芯中科,129.16,-0.74,-0.57,129.17,129.19,129.9,130.8,131.0,128.31,1065853.0,138014291.0,11:20:41
sh688048,长光华芯,82.01,-3.72,-4.339,82.01,82.08,85.73,89.85,89.99,81.01,10524454.0,880387594.0,11:20:40
sh688049,炬芯科技,50.93,-0.79,-1.527,50.92,50.93,51.72,52.28,52.49,50.86,2540941.0,130810882.0,11:20:38
sh688050,爱博医疗,61.39,-0.92,-1.476,61.35,61.39,62.31,62.31,62.39,61.13,1698325.0,104807896.0,11:20:41
sh688051,佳华科技,48.65,2.61,5.669,48.61,48.74,46.04,46.21,49.3,46.21,1279827.0,61378053.0,11:20:42
sh688052,纳芯微,144.21,-2.77,-1.885,144.21,144.25,146.98,147.0,148.39,144.18,1060329.0,154382260.0,11:20:38
sh688053,ST思科瑞,28.49,-0.19,-0.662,28.42,28.5,28.68,28.68,29.0,28.2,651381.0,18660899.0,11:20:42
sh688055,龙腾光电,3.94,-0.03,-0.756,3.93,3.94,3.97,3.96,4.02,3.89,4212088.0,16576314.0,11:20:41
sh688056,莱伯泰科,35.91,0.34,0.956,35.87,35.91,35.57,35.8,36.2,35.29,181025.0,6467990.0,11:20:42
sh688057,金达莱,12.49,-0.05,-0.399,12.48,12.49,12.54,12.51,12.63,12.43,594256.0,7433366.0,11:20:13
sh688058,宝兰德,29.45,-0.47,-1.571,29.42,29.45,29.92,30.0,30.2,28.99,1147804.0,33835817.0,11:20:41
sh688059,华锐精密,78.2,-2.53,-3.134,78.14,78.19,80.73,80.6,82.0,77.52,789718.0,62337000.0,11:20:34
sh688060,云涌科技,44.56,-1.56,-3.382,44.5,44.56,46.12,46.12,46.43,44.26,458253.0,20609810.0,11:20:41
sh688061,灿瑞科技,32.54,-0.19,-0.581,32.53,32.54,32.73,33.33,33.33,32.47,349021.0,11444799.0,11:20:39
sh688062,迈威生物,41.24,-0.51,-1.222,41.23,41.24,41.75,42.0,42.24,41.1,2335274.0,97280645.0,11:20:42
sh688063,派能科技,62.71,-1.3,-2.031,62.7,62.71,64.01,64.5,64.77,62.2,4353215.0,276037781.0,11:20:41
sh688065,凯赛生物,49.73,0.09,0.181,49.68,49.73,49.64,49.76,50.75,49.52,1599118.0,80074800.0,11:20:41
sh688066,航天宏图,23.64,-0.18,-0.756,23.63,23.64,23.82,23.81,23.96,23.55,3631545.0,86018544.0,11:20:40
sh688067,爱威科技,26.49,-0.2,-0.749,26.47,26.49,26.69,26.69,26.99,26.16,767578.0,20332885.0,11:20:41
sh688068,热景生物,168.82,-0.21,-0.124,167.93,168.72,169.03,170.4,172.2,165.58,820031.0,138528025.0,11:20:42
sh688069,德林海,22.72,0.03,0.132,22.7,22.72,22.69,22.8,22.97,22.43,347741.0,7901278.0,11:20:32
sh688070,纵横股份,47.71,-0.26,-0.542,47.74,47.8,47.97,47.9,48.33,47.66,273920.0,13121896.0,11:20:29
sh688071,华依科技,33.06,-0.55,-1.636,33.04,33.06,33.61,34.0,34.06,32.91,716710.0,23862283.0,11:20:42
sh688072,拓荆科技,309.42,-9.58,-3.003,309.4,309.54,319.0,322.0,323.03,307.11,2927419.0,910799478.0,11:20:40
sh688073,毕得医药,73.3,1.02,1.411,73.3,73.4,72.28,72.51,75.8,72.19,504093.0,37663766.0,11:20:38
sh688075,安旭生物,40.77,-0.08,-0.196,40.68,40.72,40.85,40.5,41.19,40.5,460827.0,18814423.0,11:20:42
sh688076,ST诺泰,38.53,-0.16,-0.414,38.5,38.53,38.69,38.84,39.05,38.38,819826.0,31669806.0,11:20:40
sh688077,大地熊,31.26,-0.54,-1.698,31.26,31.28,31.8,31.01,32.21,31.01,1133603.0,35928296.0,11:20:41
sh688078,龙软科技,30.11,-0.18,-0.594,30.1,30.13,30.29,30.5,30.87,29.8,583422.0,17626469.0,11:20:21
sh688079,美迪凯,10.94,-0.1,-0.906,10.93,10.94,11.04,11.09,11.24,10.87,1876797.0,20675103.0,11:20:40
sh688080,映翰通,48.24,0.09,0.187,48.2,48.25,48.15,48.55,48.87,47.81,722406.0,34913989.0,11:20:37
sh688081,兴图新科,26.47,0.15,0.57,26.46,26.47,26.32,26.39,27.14,26.22,1318002.0,35088563.0,11:20:38
sh688082,盛美上海,161.38,-0.27,-0.167,161.33,161.38,161.65,165.66,167.3,161.38,1738605.0,284538220.0,11:20:41
sh688083,中望软件,71.19,-1.18,-1.631,71.18,71.19,72.37,72.37,73.19,70.8,969753.0,69321947.0,11:20:41
sh688084,晶品特装,77.62,-3.76,-4.62,77.62,77.77,81.38,80.22,81.39,77.57,573419.0,45199734.0,11:20:28
sh688085,三友医疗,19.26,-0.07,-0.362,19.26,19.3,19.33,19.33,19.48,19.17,381593.0,7354381.0,11:20:19
sh688087,英科再生,29.31,-0.02,-0.068,29.26,29.31,29.33,29.4,29.75,29.12,405559.0,11959487.0,11:20:33
sh688088,虹软科技,45.22,-0.52,-1.137,45.21,45.23,45.74,46.03,46.26,45.1,2154494.0,98261830.0,11:20:37
sh688089,嘉必优,23.57,-0.21,-0.883,23.56,23.57,23.78,23.98,23.99,23.5,1059146.0,25040725.0,11:20:37
sh688090,瑞松科技,36.5,-0.59,-1.591,36.45,36.5,37.09,37.09,37.41,36.36,805909.0,29531239.0,11:20:20
sh688091,上海谊众,49.83,-0.17,-0.34,49.79,49.83,50.0,50.16,50.66,49.5,803457.0,40193812.0,11:20:19
sh688092,爱科科技,25.3,-0.12,-0.472,25.31,25.32,25.42,25.6,25.79,25.04,509349.0,12936813.0,11:20:34
sh688093,世华科技,34.34,-0.24,-0.694,34.34,34.35,34.58,34.89,34.97,34.26,666753.0,23013472.0,11:20:42
sh688095,福昕软件,96.77,-3.53,-3.519,96.78,97.08,100.3,98.01,99.5,96.4,3091856.0,301610811.0,11:20:42
sh688096,京源环保,8.11,-0.07,-0.856,8.11,8.12,8.18,8.2,8.27,7.99,1872696.0,15188220.0,11:20:37
sh688097,博众精工,31.29,-0.63,-1.974,31.29,31.3,31.92,31.76,32.1,31.04,1541859.0,48506221.0,11:20:38
sh688098,申联生物,9.94,-0.18,-1.779,9.93,9.94,10.12,10.15,10.15,9.9,1834328.0,18305281.0,11:20:39
sh688099,晶晨股份,89.03,0.0,0.0,89.03,89.06,89.03,91.0,92.87,87.66,9435370.0,844936535.0,11:20:42
sh688100,威胜信息,35.26,0.06,0.17,35.25,35.26,35.2,35.53,35.68,35.18,994853.0,35140839.0,11:20:37
sh688101,三达膜,18.85,1.53,8.834,18.85,18.86,17.32,17.26,19.29,17.2,12082292.0,223851306.0,11:20:42
sh688102,斯瑞新材,21.42,0.97,4.743,21.43,21.44,20.45,20.68,21.69,20.2,15149098.0,319993545.0,11:20:41
sh688103,国力电子,59.85,-0.23,-0.383,59.85,59.91,60.08,60.82,62.7,59.5,757628.0,45741629.0,11:20:40
sh688105,诺唯赞,23.19,-0.11,-0.472,23.19,23.22,23.3,23.42,23.54,23.03,549388.0,12765285.0,11:20:42
sh688106,金宏气体,19.6,-0.07,-0.356,19.59,19.6,19.67,19.88,20.05,19.49,3518939.0,69735753.0,11:20:41
sh688107,安路科技,26.27,-0.3,-1.129,26.26,26.27,26.57,26.7,26.9,26.16,2020859.0,53382276.0,11:20:34
sh688108,赛诺医疗,18.79,0.06,0.32,18.78,18.79,18.73,18.79,19.02,18.68,5047090.0,95116296.0,11:20:41
sh688109,品茗科技,138.4,-4.53,-3.169,138.4,138.88,142.93,140.04,147.0,138.4,833390.0,118105970.0,11:20:41
sh688110,东芯股份,107.6,0.82,0.768,107.62,107.72,106.78,108.0,110.63,103.0,20294064.0,2190131864.0,11:20:42
sh688111,金山办公,312.5,-5.8,-1.822,312.11,312.5,318.3,317.24,319.2,310.53,3570232.0,1120500237.0,11:20:46
sh688112,鼎阳科技,35.66,-0.11,-0.308,35.68,35.71,35.77,35.85,36.24,35.38,555013.0,19842557.0,11:20:47
sh688113,联测科技,38.96,-0.33,-0.84,38.96,39.03,39.29,39.3,39.65,38.7,220140.0,8620287.0,11:20:48
sh688114,华大智造,61.48,-0.31,-0.502,61.47,61.48,61.79,61.85,62.24,60.38,1544984.0,94428545.0,11:20:46
sh688115,思林杰,58.97,-1.78,-2.93,58.95,59.09,60.75,61.09,62.06,58.34,373439.0,22217865.0,11:20:34
sh688116,天奈科技,53.25,-0.77,-1.425,53.18,53.25,54.02,54.39,55.15,53.0,5012464.0,271049493.0,11:20:48
sh688117,圣诺生物,37.6,-0.68,-1.776,37.6,37.63,38.28,38.76,38.8,37.4,1321835.0,50320401.0,11:20:33
sh688118,普元信息,26.39,-0.8,-2.942,26.38,26.42,27.19,27.3,27.38,26.12,1661085.0,44153525.0,11:20:33
sh688119,中钢洛耐,4.47,0.01,0.224,4.46,4.47,4.46,4.46,4.49,4.43,4061732.0,18133081.0,11:20:44
sh688120,华海清科,131.32,-3.38,-2.509,131.31,131.32,134.7,134.0,135.68,131.11,2767404.0,367047311.0,11:20:47
sh688121,卓然股份,12.65,-0.07,-0.55,12.64,12.65,12.72,12.77,12.79,12.53,1408245.0,17829150.0,11:20:46
sh688122,西部超导,67.09,-1.18,-1.728,67.08,67.09,68.27,68.9,69.09,67.01,6658046.0,452379137.0,11:20:45
sh688123,聚辰股份,135.4,-1.9,-1.384,135.4,135.42,137.3,140.3,141.48,135.4,2605280.0,356890927.0,11:20:48
sh688125,安达智能,69.35,0.72,1.049,69.16,69.33,68.63,69.95,72.0,68.66,618751.0,43771368.0,11:20:31
sh688126,沪硅产业,21.64,-0.28,-1.277,21.63,21.64,21.92,22.19,22.28,21.61,11851394.0,259539787.0,11:20:46
sh688127,蓝特光学,29.31,-0.39,-1.313,29.3,29.31,29.7,30.02,30.37,29.23,1807260.0,53650583.0,11:20:48
sh688128,中国电研,29.07,-0.5,-1.691,29.05,29.09,29.57,29.79,29.88,28.91,1178401.0,34466167.0,11:20:33
sh688129,东来技术,21.1,-0.6,-2.765,21.09,21.13,21.7,21.7,21.84,21.0,1462911.0,31027029.0,11:20:48
sh688130,晶华微,22.73,-0.21,-0.915,22.67,22.72,22.94,23.0,23.12,22.45,416021.0,9465622.0,11:20:34
sh688131,皓元医药,72.8,-0.84,-1.141,72.79,72.91,73.64,74.0,74.93,72.5,1213545.0,89328758.0,11:20:35
sh688132,邦彦技术,19.3,-0.13,-0.669,19.3,19.33,19.43,19.51,19.59,19.0,1079154.0,20710036.0,11:20:46
sh688133,泰坦科技,22.92,-0.47,-2.009,22.92,22.95,23.39,23.4,23.53,22.7,1909026.0,44032472.0,11:20:43
sh688135,利扬芯片,27.41,-0.38,-1.367,27.41,27.42,27.79,28.27,28.27,27.31,1980384.0,54861956.0,11:20:46
sh688136,科兴制药,33.53,0.03,0.09,33.53,33.64,33.5,33.7,34.17,33.43,742429.0,25117182.0,11:20:46
sh688137,近岸蛋白,42.47,-0.56,-1.301,42.39,42.47,43.03,43.33,43.5,42.24,212543.0,9075056.0,11:20:31
sh688138,清溢光电,28.01,-0.01,-0.036,28.0,28.01,28.02,28.85,29.16,27.97,3418917.0,97622190.0,11:20:37
sh688139,海尔生物,33.49,-0.12,-0.357,33.49,33.52,33.61,33.74,33.9,33.41,681337.0,22878276.0,11:20:44
sh688141,杰华特,38.77,-0.68,-1.724,38.77,38.78,39.45,39.6,40.2,38.76,4002951.0,157015622.0,11:20:46
sh688143,长盈通,36.22,-0.88,-2.372,36.22,36.24,37.1,37.16,38.07,36.21,1770087.0,65247833.0,11:20:42
sh688146,中船特气,42.35,-1.78,-4.034,42.35,42.36,44.13,44.77,44.79,42.3,4792070.0,207721251.0,11:20:47
sh688147,微导纳米,57.17,-2.93,-4.875,57.05,57.17,60.1,61.3,61.5,56.91,8871779.0,519058462.0,11:20:46
sh688148,芳源股份,10.7,-0.41,-3.69,10.7,10.71,11.11,11.09,11.63,10.58,27677183.0,304860035.0,11:20:46
sh688150,莱特光电,22.49,0.12,0.536,22.48,22.49,22.37,22.53,22.82,22.33,1211407.0,27282721.0,11:20:46
sh688151,华强科技,20.79,-0.31,-1.469,20.77,20.79,21.1,20.77,21.08,20.61,1751743.0,36464608.0,11:20:47
sh688152,麒麟信安,43.3,-1.09,-2.456,43.27,43.28,44.39,44.43,44.68,43.23,980145.0,42844954.0,11:20:47
sh688153,唯捷创芯,32.54,-0.53,-1.603,32.53,32.54,33.07,33.35,33.48,32.49,2010695.0,65999405.0,11:20:38
sh688155,先惠技术,63.28,0.7,1.119,63.28,63.32,62.58,62.1,64.29,62.01,2588758.0,163163241.0,11:20:44
sh688156,路德科技,17.68,-0.17,-0.952,17.68,17.71,17.85,17.85,18.3,17.41,1373097.0,24363845.0,11:20:43
sh688157,松井股份,29.72,-0.95,-3.097,29.72,29.75,30.67,30.7,31.0,29.63,2270575.0,68316483.0,11:20:47
sh688158,优刻得,22.99,-0.15,-0.648,22.99,23.0,23.14,23.34,23.43,22.77,5076279.0,116807182.0,11:20:46
sh688159,有方科技,48.85,-0.05,-0.102,48.85,48.86,48.9,49.6,50.2,48.56,1343079.0,66364759.0,11:20:32
sh688160,步科股份,83.9,-1.64,-1.917,83.82,83.87,85.54,86.22,87.0,83.29,578865.0,48863157.0,11:20:48
sh688161,威高骨科,29.61,-0.04,-0.135,29.61,29.62,29.65,29.66,29.97,29.45,414267.0,12273835.0,11:20:42
sh688162,巨一科技,29.63,-0.2,-0.67,29.6,29.63,29.83,30.12,30.33,29.5,554141.0,16573744.0,11:20:44
sh688163,赛伦生物,23.72,-0.06,-0.252,23.68,23.72,23.78,23.77,24.0,23.45,270588.0,6399449.0,11:20:40
sh688165,埃夫特,20.42,-0.21,-1.018,20.42,20.43,20.63,20.79,20.95,20.35,2388546.0,49185708.0,11:20:47
sh688166,博瑞医药,50.68,-0.07,-0.138,50.68,50.69,50.75,50.99,51.77,50.42,3167541.0,161731624.0,11:20:47
sh688167,炬光科技,126.88,-0.12,-0.094,126.89,126.98,127.0,134.0,138.5,125.59,3117786.0,403418398.0,11:20:48
sh688168,安博通,86.16,-1.84,-2.091,86.15,86.16,88.0,88.27,88.94,85.5,1234727.0,107283059.0,11:20:43
sh688169,石头科技,161.47,2.54,1.598,161.22,161.48,158.93,158.89,161.94,158.56,1223955.0,196238159.0,11:20:46
sh688170,德龙激光,35.28,-0.08,-0.226,35.12,35.28,35.36,35.24,36.57,34.25,3190992.0,112808674.0,11:20:47
sh688171,纬德信息,43.63,-0.87,-1.955,43.63,43.64,44.5,45.35,45.35,43.23,389894.0,17122937.0,11:20:46
sh688172,燕东微,24.26,-1.52,-5.896,24.25,24.26,25.78,25.18,25.46,24.26,7259723.0,179298624.0,11:20:46
sh688173,希荻微,13.99,-0.16,-1.131,13.98,13.99,14.15,14.25,14.35,13.91,3333277.0,46945478.0,11:20:43
sh688175,高凌信息,24.95,-0.31,-1.227,24.9,24.95,25.26,25.21,25.49,24.71,763819.0,19074767.0,11:20:34
sh688176,亚虹医药,9.93,-0.01,-0.101,9.92,9.94,9.94,10.02,10.06,9.9,2843529.0,28335249.0,11:20:48
sh688177,百奥泰,25.4,0.14,0.554,25.4,25.41,25.26,25.35,25.57,25.12,837166.0,21238310.0,11:20:47
sh688178,万德斯,25.68,0.02,0.078,25.64,25.68,25.66,25.99,25.99,25.22,313242.0,8008289.0,11:20:30
sh688179,阿拉丁,13.08,0.09,0.693,13.08,13.09,12.99,13.15,13.15,12.96,2722382.0,35505803.0,11:20:45
sh688180,君实生物,36.88,-0.13,-0.351,36.88,36.89,37.01,37.09,37.36,36.7,2140004.0,79218751.0,11:20:48
sh688181,八亿时空,33.78,-0.52,-1.516,33.78,33.79,34.3,34.5,34.68,33.77,3150765.0,107787320.0,11:20:48
sh688182,灿勤科技,23.42,0.03,0.128,23.41,23.42,23.39,23.55,23.94,23.31,1150587.0,27057040.0,11:20:38
sh688183,生益电子,88.55,-1.03,-1.15,88.55,88.59,89.58,94.0,94.78,88.55,10436631.0,944118110.0,11:20:47
sh688184,ST帕瓦,10.18,-0.15,-1.452,10.19,10.26,10.33,10.34,10.45,10.18,817216.0,8407815.0,11:20:35
sh688185,康希诺,69.53,-0.9,-1.278,69.44,69.53,70.43,71.0,71.5,69.36,636789.0,44668698.0,11:20:45
sh688186,广大特材,22.24,-0.18,-0.803,22.24,22.25,22.42,22.5,22.66,22.21,1721631.0,38553531.0,11:20:45
sh688187,时代电气,50.83,0.03,0.059,50.83,50.84,50.8,50.83,51.49,50.66,960893.0,48959529.0,11:20:43
sh688188,柏楚电子,132.66,-1.81,-1.346,132.65,132.66,134.47,135.34,135.38,132.57,488363.0,65345247.0,11:20:47
sh688189,南新制药,9.2,-0.1,-1.075,9.19,9.2,9.3,9.4,9.4,9.04,4472940.0,41127453.0,11:20:46
sh688190,云路股份,102.92,-0.28,-0.271,102.92,103.22,103.2,103.72,105.43,102.62,295928.0,30847867.0,11:20:44
sh688191,智洋创新,35.84,0.09,0.252,35.83,35.88,35.75,35.99,36.34,35.67,1055070.0,37939845.0,11:20:44
sh688192,迪哲医药,63.59,0.66,1.049,63.56,63.59,62.93,62.51,64.6,62.22,1763416.0,112094796.0,11:20:47
sh688193,仁度生物,48.43,-0.84,-1.705,48.38,48.43,49.27,49.28,50.01,48.19,213271.0,10468701.0,11:20:32
sh688195,腾景科技,156.2,8.79,5.963,156.2,156.21,147.41,162.76,164.7,149.09,11360376.0,1760107319.0,11:20:46
sh688196,卓越新能,55.13,-0.77,-1.377,55.12,55.24,55.9,57.04,57.72,55.1,924535.0,52281417.0,11:20:46
sh688197,首药控股,40.77,0.07,0.172,40.78,40.83,40.7,40.35,41.44,40.35,519820.0,21233244.0,11:20:41
sh688198,佰仁医疗,130.41,3.61,2.847,129.44,130.39,126.8,126.79,132.32,125.5,987717.0,128097107.0,11:20:45
sh688199,久日新材,23.67,-0.06,-0.253,23.62,23.64,23.73,23.99,24.5,23.57,1725004.0,41518434.0,11:20:42
sh688200,华峰测控,171.56,-0.69,-0.401,171.49,171.73,172.25,175.0,175.6,171.18,681193.0,117871013.0,11:20:47
sh688201,信安世纪,13.6,-0.05,-0.366,13.59,13.6,13.65,13.72,13.9,13.54,3455512.0,47327336.0,11:20:47
sh688202,美迪西,55.88,-5.78,-9.374,55.88,55.98,61.66,60.79,60.79,55.6,3964768.0,228163901.0,11:20:48
sh688203,海正生材,12.99,-0.52,-3.849,12.99,13.02,13.51,13.33,13.65,12.93,2451032.0,32390008.0,11:20:48
sh688205,德科立,99.98,0.04,0.04,99.98,100.0,99.94,105.5,106.88,96.55,8039885.0,810953541.0,11:20:48
sh688206,概伦电子,33.62,-1.11,-3.196,33.62,33.64,34.73,34.5,35.69,33.59,3712254.0,128141909.0,11:20:48
sh688207,格灵深瞳,16.48,-0.39,-2.312,16.47,16.48,16.87,16.71,16.92,16.33,4239617.0,70177624.0,11:20:46
sh688208,道通科技,32.81,-0.19,-0.576,32.81,32.83,33.0,33.2,33.78,32.75,3195088.0,105888263.0,11:20:47
sh688209,英集芯,19.48,-0.23,-1.167,19.48,19.5,19.71,19.92,19.97,19.42,1987856.0,39023433.0,11:20:43
sh688210,统联精密,47.78,-0.77,-1.586,47.82,47.86,48.55,48.8,49.98,47.77,1153558.0,56026253.0,11:20:48
sh688211,中科微至,31.06,-0.14,-0.449,31.05,31.09,31.2,31.33,31.49,30.9,227157.0,7075794.0,11:20:40
sh688212,澳华内镜,47.75,-0.35,-0.728,47.76,47.82,48.1,48.66,49.84,47.3,1150053.0,55776851.0,11:20:30
sh688213,思特威,91.65,-0.42,-0.456,91.62,91.65,92.07,92.6,93.23,91.32,1913145.0,176340327.0,11:20:47
sh688215,瑞晟智能,76.37,-1.88,-2.403,76.35,76.39,78.25,80.0,80.0,76.0,709480.0,55040659.0,11:20:48
sh688216,气派科技,22.52,-0.85,-3.637,22.5,22.52,23.37,23.37,23.85,22.48,1870024.0,42913681.0,11:20:45
sh688217,睿昂基因,27.98,-0.13,-0.462,27.93,28.02,28.11,28.37,28.63,27.67,461073.0,12981679.0,11:20:27
sh688218,江苏北人,22.42,-0.3,-1.32,22.41,22.42,22.72,22.8,23.03,22.26,1724593.0,38838752.0,11:20:47
sh688219,会通股份,12.27,-0.1,-0.808,12.27,12.28,12.37,12.5,12.57,12.2,4766892.0,59139592.0,11:20:48
sh688220,翱捷科技,84.12,-0.89,-1.047,84.11,84.12,85.01,86.0,86.5,83.81,2234920.0,189309487.0,11:20:48
sh688221,前沿生物,16.83,0.61,3.761,16.82,16.84,16.22,16.17,17.15,16.15,11074747.0,185945749.0,11:20:49
sh688222,成都先导,22.46,-0.39,-1.707,22.42,22.46,22.85,22.99,23.23,22.3,3187684.0,72143046.0,11:20:43
sh688223,晶科能源,6.01,-0.15,-2.435,6.01,6.02,6.16,6.16,6.19,5.99,56314245.0,341078514.0,11:20:49
sh688225,亚信安全,18.9,-0.28,-1.46,18.89,18.9,19.18,19.21,19.48,18.82,1668622.0,31682182.0,11:20:36
sh688226,威腾电气,32.72,-0.87,-2.59,32.72,32.73,33.59,34.03,34.22,32.61,2290121.0,76074745.0,11:20:48
sh688227,品高股份,40.3,-1.16,-2.798,40.3,40.37,41.46,41.8,44.36,39.8,5218291.0,219065959.0,11:20:47
sh688228,开普云,150.74,-2.14,-1.4,150.64,150.71,152.88,153.02,156.0,150.34,650528.0,99026057.0,11:20:48
sh688229,博睿数据,66.19,-3.15,-4.543,66.08,66.19,69.34,69.19,69.8,65.8,2077372.0,140158558.0,11:20:46
sh688230,芯导科技,66.87,-0.52,-0.772,66.7,66.87,67.39,67.8,68.19,66.5,324175.0,21730883.0,11:20:44
sh688231,隆达股份,23.69,1.13,5.009,23.69,23.7,22.56,22.88,24.2,22.7,6334829.0,150545123.0,11:20:48
sh688232,新点软件,26.4,-0.28,-1.049,26.37,26.4,26.68,26.79,26.9,26.18,680777.0,17998524.0,11:20:48
sh688233,神工股份,66.8,-3.76,-5.329,66.77,66.8,70.56,72.5,72.68,66.28,7620712.0,518963781.0,11:20:48
sh688234,天岳先进,80.91,5.29,6.996,80.89,80.91,75.62,77.0,81.79,77.0,9866577.0,791080236.0,11:20:49
sh688235,百济神州,282.58,-1.44,-0.507,282.58,282.62,284.02,282.5,286.94,282.38,1116129.0,317483709.0,11:20:48
sh688236,春立医疗,25.64,-0.12,-0.466,25.66,25.68,25.76,25.78,25.98,25.55,598089.0,15429182.0,11:20:36
sh688237,超卓航科,52.67,-0.36,-0.679,52.65,52.7,53.03,53.03,53.4,52.56,384943.0,20378669.0,11:20:26
sh688238,和元生物,7.32,-0.08,-1.081,7.31,7.32,7.4,7.39,7.49,7.28,5835464.0,42867972.0,11:20:44
sh688239,航宇科技,51.02,-0.21,-0.41,51.02,51.17,51.23,52.0,52.88,51.01,2422528.0,126196164.0,11:20:48
sh688244,永信至诚,20.25,-0.07,-0.344,20.25,20.26,20.32,20.34,20.65,20.12,1143827.0,23242523.0,11:20:36
sh688246,嘉和美康,23.91,-1.31,-5.194,23.91,23.92,25.22,25.55,25.55,23.5,3240920.0,78535185.0,11:20:47
sh688247,宣泰医药,10.48,-0.15,-1.411,10.48,10.49,10.63,10.69,10.8,10.45,2140592.0,22611314.0,11:20:37
sh688248,南网科技,45.1,-0.85,-1.85,45.1,45.11,45.95,46.15,46.46,45.05,1322364.0,60268594.0,11:20:48
sh688249,晶合集成,29.77,-0.43,-1.424,29.77,29.78,30.2,30.46,30.88,29.77,7688039.0,231514587.0,11:20:47
sh688251,井松智能,23.62,-0.38,-1.583,23.62,23.66,24.0,24.0,24.35,23.59,439920.0,10488187.0,11:20:41
sh688252,天德钰,21.94,-0.01,-0.046,21.94,21.95,21.95,22.23,22.24,21.88,1192109.0,26298066.0,11:20:40
sh688253,英诺特,32.93,-0.42,-1.259,32.91,32.92,33.35,33.36,33.52,32.71,1030639.0,33998391.0,11:20:36
sh688255,凯尔达,32.4,-0.41,-1.25,32.4,32.43,32.81,33.0,33.3,32.24,631041.0,20549103.0,11:20:45
sh688256,寒武纪,1324.12,-7.88,-0.592,1323.5,1324.27,1332.0,1361.01,1365.58,1320.0,2556775.0,3420248132.0,11:20:48
sh688257,新锐股份,26.22,-0.04,-0.152,26.22,26.23,26.26,26.0,26.65,26.0,1661332.0,43835797.0,11:20:47
sh688258,卓易信息,61.65,-1.4,-2.22,61.52,61.65,63.05,63.59,63.8,60.92,1457321.0,90282934.0,11:20:48
sh688259,创耀科技,39.71,-0.46,-1.145,39.71,39.73,40.17,40.5,40.88,39.67,1277864.0,51380792.0,11:20:49
sh688260,昀冢科技,29.33,0.05,0.171,29.33,29.36,29.28,29.29,29.7,28.98,1198030.0,35138681.0,11:20:41
sh688261,东微半导,64.94,-1.65,-2.478,64.93,64.94,66.59,66.95,68.49,64.28,1599439.0,104866003.0,11:20:45
sh688262,国芯科技,28.23,-0.45,-1.569,28.23,28.24,28.68,28.98,29.18,28.2,5125640.0,146067632.0,11:20:38
sh688265,南模生物,42.3,-0.21,-0.494,42.3,42.33,42.51,42.98,43.15,42.01,280986.0,11952416.0,11:20:48
sh688266,泽璟制药,101.03,0.35,0.348,100.95,101.02,100.68,101.1,102.3,100.22,807646.0,81861093.0,11:20:48
sh688267,中触媒,28.1,0.09,0.321,28.09,28.12,28.01,28.62,28.62,27.94,727152.0,20545311.0,11:20:40
sh688268,华特气体,59.93,-0.22,-0.366,59.83,59.94,60.15,60.71,61.03,59.43,1005669.0,60703265.0,11:20:34
sh688269,凯立新材,37.8,-0.32,-0.839,37.8,37.92,38.12,38.4,38.62,37.78,420235.0,16008407.0,11:20:48
sh688270,臻镭科技,58.28,0.02,0.034,58.28,58.29,58.26,58.9,59.06,57.8,2942804.0,171660429.0,11:20:46
sh688271,联影医疗,131.63,0.52,0.397,131.63,131.68,131.11,131.99,132.32,131.03,1433516.0,188708984.0,11:20:48
sh688272,富吉瑞,24.83,-0.45,-1.78,24.8,24.83,25.28,25.28,25.36,24.44,845918.0,21060378.0,11:20:38
sh688273,麦澜德,35.31,-0.08,-0.226,35.25,35.32,35.39,35.48,35.74,35.08,197356.0,6979678.0,11:20:45
sh688275,万润新能,90.3,-0.72,-0.791,90.25,90.3,91.02,91.8,95.87,89.56,4260817.0,394681635.0,11:20:47
sh688276,百克生物,22.54,0.24,1.076,22.52,22.53,22.3,22.41,22.85,22.31,2255166.0,50968221.0,11:20:45
sh688277,天智航,16.57,-0.09,-0.54,16.56,16.57,16.66,16.69,16.79,16.5,874356.0,14527566.0,11:20:44
sh688278,特宝生物,78.16,0.38,0.489,78.16,78.17,77.78,77.78,78.5,77.4,543643.0,42508420.0,11:20:48
sh688279,峰岹科技,168.99,-5.81,-3.324,168.51,169.0,174.8,176.14,177.0,168.08,647692.0,110677201.0,11:20:49
sh688280,精进电动,8.16,-0.08,-0.971,8.15,8.16,8.24,8.32,8.33,8.07,4940891.0,40355223.0,11:20:46
sh688281,华秦科技,66.07,-0.14,-0.211,66.04,66.07,66.21,66.57,67.14,65.85,430074.0,28544812.0,11:20:48
sh688282,理工导航,48.17,-2.67,-5.252,48.14,48.15,50.84,50.69,51.15,48.08,575893.0,28436110.0,11:20:46
sh688283,坤恒顺维,34.28,1.81,5.574,34.26,34.28,32.47,32.66,34.88,32.64,1657299.0,56220563.0,11:20:49
sh688285,高铁电气,9.29,-0.03,-0.322,9.28,9.29,9.32,9.32,9.4,9.12,1728970.0,16019055.0,11:20:31
sh688286,敏芯股份,74.6,-1.0,-1.323,74.57,74.6,75.6,76.45,76.99,74.0,925506.0,69797264.0,11:20:48
sh688287,*ST观典,5.09,0.0,0.0,5.08,5.09,5.09,5.13,5.14,5.05,703680.0,3571946.0,11:20:42
sh688288,鸿泉技术,27.18,-0.67,-2.406,27.18,27.19,27.85,27.87,28.66,26.85,2000624.0,55096675.0,11:20:46
sh688289,圣湘生物,20.69,0.03,0.145,20.66,20.69,20.66,20.78,20.87,20.53,1466764.0,30343136.0,11:20:20
sh688290,景业智能,55.67,-0.84,-1.486,55.57,55.67,56.51,57.08,57.26,55.39,347172.0,19418915.0,11:20:28
sh688291,金橙子,29.62,-0.33,-1.102,29.56,29.59,29.95,30.0,30.3,29.5,617548.0,18428371.0,11:20:47
sh688292,浩瀚深度,21.96,-0.74,-3.26,21.95,21.96,22.7,22.87,22.87,21.82,2321457.0,51545669.0,11:20:47
sh688293,奥浦迈,58.63,0.96,1.665,58.58,58.67,57.67,57.8,58.86,56.81,444753.0,25759383.0,11:20:45
sh688295,中复神鹰,25.8,-0.76,-2.861,25.79,25.8,26.56,26.68,26.73,25.65,1951645.0,50920879.0,11:20:46
sh688296,和达科技,15.19,-0.12,-0.784,15.19,15.2,15.31,15.45,15.47,14.69,1428208.0,21724967.0,11:20:40
sh688297,中无人机,48.03,-0.86,-1.759,48.02,48.03,48.89,48.31,48.68,47.8,3497033.0,168293627.0,11:20:47
sh688298,东方生物,26.37,-0.25,-0.939,26.36,26.37,26.62,26.68,26.88,26.08,1455303.0,38405777.0,11:20:49
sh688299,长阳科技,18.08,-0.02,-0.11,18.08,18.09,18.1,18.25,18.56,18.0,3471322.0,63497821.0,11:20:44
sh688300,联瑞新材,54.76,0.47,0.866,54.71,54.76,54.29,55.0,55.95,54.6,2145019.0,118361360.0,11:20:49
sh688301,奕瑞科技,102.03,-2.19,-2.101,102.03,102.12,104.22,105.0,105.5,102.02,642866.0,66207652.0,11:20:47
sh688302,海创药业,44.44,-0.69,-1.529,44.35,44.4,45.13,45.58,45.69,44.14,553975.0,24780321.0,11:20:43
sh688303,大全能源,29.43,-1.03,-3.381,29.42,29.43,30.46,29.87,30.1,29.35,8496909.0,252732094.0,11:20:50
sh688305,科德数控,59.27,-0.82,-1.365,59.26,59.33,60.09,60.19,60.64,59.15,626285.0,37366731.0,11:20:49
sh688306,均普智能,10.62,-0.1,-0.933,10.61,10.62,10.72,10.79,10.86,10.57,4893199.0,52199491.0,11:20:50
sh688307,中润光学,38.86,0.1,0.258,38.79,38.87,38.76,39.02,39.94,38.08,1824804.0,70593282.0,11:20:49
sh688308,欧科亿,28.37,-0.67,-2.307,28.36,28.37,29.04,28.89,29.48,28.33,1934244.0,55442495.0,11:20:49
sh688309,恒誉环保,25.19,-0.29,-1.138,25.17,25.19,25.48,25.52,25.83,25.01,634774.0,16053372.0,11:20:43
sh688310,迈得医疗,15.96,0.0,0.0,15.95,15.96,15.96,15.92,16.21,15.77,1011729.0,16146139.0,11:20:41
sh688311,盟升电子,31.6,-0.27,-0.847,31.59,31.6,31.87,31.87,32.15,31.34,802816.0,25435417.0,11:20:47
sh688312,燕麦科技,28.73,-0.24,-0.828,28.7,28.73,28.97,29.08,29.37,28.51,741502.0,21387472.0,11:20:48
sh688313,仕佳光子,76.79,-3.01,-3.772,76.79,76.8,79.8,83.0,83.99,75.88,18121238.0,1421730619.0,11:20:48
sh688314,康拓医疗,32.46,-0.16,-0.49,32.39,32.45,32.62,32.89,32.99,32.19,425935.0,13861833.0,11:20:47
sh688315,诺禾致源,14.03,-0.24,-1.682,14.02,14.03,14.27,14.3,14.37,14.0,1681654.0,23769003.0,11:20:50
sh688316,青云科技,62.46,1.38,2.259,62.42,62.46,61.08,61.07,63.8,60.0,1705381.0,105755614.0,11:20:48
sh688317,之江生物,22.41,0.09,0.403,22.41,22.42,22.32,22.33,22.49,22.02,974996.0,21637096.0,11:20:49
sh688318,财富趋势,127.5,-1.1,-0.855,127.44,127.55,128.6,133.7,133.98,127.18,1871273.0,243231151.0,11:20:50
sh688319,欧林生物,22.73,0.18,0.798,22.73,22.74,22.55,22.7,22.99,22.47,1288774.0,29285603.0,11:20:39
sh688320,禾川科技,33.5,-1.23,-3.542,33.5,33.51,34.73,34.9,35.35,33.42,3120939.0,106160967.0,11:20:50
sh688321,微芯生物,27.42,-0.48,-1.72,27.41,27.42,27.9,27.85,28.13,27.06,6865921.0,188978092.0,11:20:49
sh688322,奥比中光,79.21,-0.36,-0.452,79.21,79.23,79.57,80.4,80.56,78.23,2217254.0,175671970.0,11:20:48
sh688323,瑞华泰,14.87,0.07,0.473,14.86,14.88,14.8,14.98,15.15,14.71,1329326.0,19827070.0,11:20:50
sh688325,赛微微电,84.59,-1.41,-1.64,84.59,84.68,86.0,86.39,86.8,84.48,368229.0,31501902.0,11:20:44
sh688326,经纬恒润,92.02,-2.24,-2.376,92.02,92.05,94.26,94.85,95.18,91.77,815932.0,75908063.0,11:20:43
sh688327,云从科技,14.59,-0.23,-1.552,14.58,14.59,14.82,14.97,15.02,14.55,9892025.0,145762195.0,11:20:48
sh688328,深科达,25.63,-0.15,-0.582,25.62,25.65,25.78,25.82,26.14,25.39,1007633.0,25982708.0,11:20:33
sh688329,艾隆科技,22.33,-0.24,-1.063,22.32,22.33,22.57,22.7,22.9,22.08,1154501.0,25824224.0,11:20:50
sh688330,宏力达,38.55,-0.32,-0.823,38.55,38.57,38.87,38.77,39.28,38.51,1448296.0,56257133.0,11:20:48
sh688331,荣昌生物,87.3,-0.36,-0.411,87.3,87.35,87.66,87.88,90.8,87.0,1899361.0,168493689.0,11:20:50
sh688332,中科蓝讯,143.07,1.46,1.031,143.06,143.07,141.61,143.68,143.83,138.51,1767823.0,249055396.0,11:20:44
sh688333,铂力特,73.04,1.44,2.011,73.05,73.06,71.6,71.88,74.8,71.82,4331159.0,317692551.0,11:20:45
sh688334,西高院,19.5,-0.14,-0.713,19.49,19.5,19.64,19.8,19.8,19.4,1409203.0,27561745.0,11:20:27
sh688335,复洁环保,20.4,-0.27,-1.306,20.39,20.4,20.67,20.69,20.94,20.16,1589711.0,32620559.0,11:20:48
sh688336,三生国健,65.46,-0.64,-0.968,65.46,65.5,66.1,66.29,66.49,64.68,2017542.0,131888479.0,11:20:45
sh688337,普源精电,37.32,-0.68,-1.789,37.32,37.36,38.0,38.07,38.5,37.16,1232371.0,46285075.0,11:20:44
sh688338,赛科希德,26.72,-0.22,-0.817,26.7,26.72,26.94,26.97,27.06,26.57,399322.0,10699901.0,11:20:47
sh688339,亿华通,30.71,-1.36,-4.241,30.67,30.71,32.07,32.09,32.44,30.6,4827322.0,151076245.0,11:20:48
sh688343,云天励飞,70.4,-0.28,-0.396,70.4,70.41,70.68,71.45,72.2,69.88,2605001.0,184368282.0,11:20:47
sh688345,博力威,32.83,-0.76,-2.263,32.78,32.83,33.59,33.29,34.39,32.7,1015883.0,33979732.0,11:20:48
sh688347,华虹公司,114.1,-0.4,-0.349,114.09,114.1,114.5,117.8,118.64,114.1,8767920.0,1014379776.0,11:20:48
sh688348,昱能科技,59.64,-1.94,-3.15,59.61,59.63,61.58,61.5,61.82,59.37,1653624.0,99874137.0,11:20:44
sh688349,三一重能,27.38,0.18,0.662,27.38,27.41,27.2,27.39,27.55,27.2,845456.0,23124986.0,11:20:50
sh688350,富淼科技,21.9,0.2,0.922,21.88,21.89,21.7,21.61,21.94,21.61,595232.0,12975550.0,11:20:49
sh688351,微电生理,22.77,0.03,0.132,22.77,22.78,22.74,22.6,23.13,22.6,1680615.0,38502825.0,11:20:48
sh688352,颀中科技,12.93,-0.09,-0.691,12.92,12.93,13.02,13.1,13.14,12.91,4738587.0,61572266.0,11:20:49
sh688353,华盛锂电,109.65,-5.04,-4.394,109.9,109.97,114.69,114.77,120.53,105.36,11122107.0,1261810931.0,11:20:48
sh688355,明志科技,18.8,-0.16,-0.844,18.8,18.81,18.96,19.18,19.21,18.71,1082047.0,20472279.0,11:20:47
sh688356,键凯科技,82.7,-2.66,-3.116,82.7,82.91,85.36,85.3,86.41,82.03,690588.0,57600929.0,11:20:36
sh688357,建龙微纳,35.12,-0.41,-1.154,35.09,35.12,35.53,36.0,36.0,34.89,460935.0,16254459.0,11:20:45
sh688358,祥生医疗,32.28,-0.56,-1.705,32.24,32.28,32.84,33.2,33.32,32.02,570416.0,18602238.0,11:20:33
sh688359,三孚新科,81.15,0.47,0.583,81.1,81.15,80.68,81.99,81.99,80.03,505375.0,40959180.0,11:20:44
sh688360,德马科技,18.82,-0.06,-0.318,18.78,18.82,18.88,19.0,19.2,18.68,1354684.0,25576266.0,11:20:50
sh688361,中科飞测,121.1,-3.41,-2.739,121.16,121.31,124.51,126.19,126.88,119.5,2192069.0,267765358.0,11:20:49
sh688362,甬矽电子,30.47,-0.88,-2.807,30.48,30.49,31.35,31.76,31.9,30.46,3996962.0,123822608.0,11:20:49
sh688363,华熙生物,50.01,-0.54,-1.068,50.0,50.03,50.55,50.42,50.75,49.84,1090721.0,54708819.0,11:20:47
sh688365,光云科技,16.39,-0.83,-4.82,16.38,16.39,17.22,17.1,17.15,16.01,28744124.0,474914219.0,11:20:49
sh688366,昊海生科,50.09,-0.15,-0.299,50.05,50.16,50.24,50.24,50.51,49.91,343069.0,17202448.0,11:20:28
sh688367,工大高科,26.41,2.33,9.676,26.41,26.43,24.08,24.6,27.3,24.29,4857303.0,128085268.0,11:20:48
sh688368,晶丰明源,93.22,0.92,0.997,93.2,93.22,92.3,93.0,95.0,92.78,712714.0,66983939.0,11:20:47
sh688369,致远互联,23.98,-0.48,-1.962,23.93,23.96,24.46,24.85,24.85,23.72,2438767.0,58582534.0,11:20:50
sh688370,丛麟科技,24.46,-0.41,-1.649,24.45,24.46,24.87,24.9,25.05,24.45,263245.0,6524387.0,11:20:42
sh688371,菲沃泰,20.21,-0.62,-2.976,20.2,20.21,20.83,20.83,21.14,20.08,1882278.0,38344870.0,11:20:46
sh688372,伟测科技,87.12,-1.73,-1.947,87.1,87.12,88.85,90.8,91.9,86.6,2616451.0,231652617.0,11:20:50
sh688373,盟科药业,6.67,0.0,0.0,6.66,6.67,6.67,6.65,6.77,6.55,6517749.0,43354153.0,11:20:49
sh688375,国博电子,69.54,-0.54,-0.771,69.53,69.55,70.08,70.18,70.5,69.21,542474.0,37803474.0,11:20:48
sh688376,美埃科技,45.81,-1.22,-2.594,45.72,45.82,47.03,47.18,48.23,45.62,784793.0,36574098.0,11:20:47
sh688377,迪威尔,37.8,0.12,0.318,37.8,37.84,37.68,37.68,39.38,37.5,758173.0,28745578.0,11:20:35
sh688378,奥来德,24.03,-0.02,-0.083,24.04,24.07,24.05,24.1,24.33,23.63,2225081.0,53046085.0,11:20:41
sh688379,华光新材,46.11,0.02,0.043,46.1,46.11,46.09,46.9,46.9,46.07,283427.0,13151293.0,11:20:45
sh688380,中微半导,31.31,-0.21,-0.666,31.31,31.32,31.52,31.84,32.03,31.27,1902232.0,60226163.0,11:20:48
sh688381,帝奥微,23.44,-0.26,-1.097,23.41,23.45,23.7,23.76,23.95,23.31,1119386.0,26358837.0,11:20:45
sh688382,益方生物,26.13,-0.09,-0.343,26.13,26.15,26.22,26.4,26.45,25.88,4689082.0,122430054.0,11:20:48
sh688383,新益昌,63.02,-1.06,-1.654,63.01,63.06,64.08,65.4,65.4,63.01,394905.0,25194011.0,11:20:45
sh688385,复旦微电,57.48,-0.62,-1.067,57.46,57.49,58.1,58.1,58.85,57.2,3565016.0,206709179.0,11:20:49
sh688386,泛亚微透,66.81,-2.47,-3.565,66.81,66.82,69.28,69.28,69.81,66.5,925616.0,62623145.0,11:20:42
sh688387,信科移动,6.7,-0.02,-0.298,6.7,6.72,6.72,6.78,6.82,6.64,16321771.0,109458368.0,11:20:50
sh688388,嘉元科技,36.7,-0.16,-0.434,36.7,36.77,36.86,37.5,38.55,36.7,8272140.0,312727198.0,11:20:48
sh688389,普门科技,13.82,0.02,0.145,13.82,13.83,13.8,13.87,13.9,13.76,1138937.0,15742762.0,11:20:46
sh688390,固德威,58.59,0.23,0.394,58.58,58.6,58.36,59.2,59.5,58.11,3992337.0,234644000.0,11:20:48
sh688391,钜泉科技,30.2,-0.53,-1.725,30.18,30.2,30.73,31.01,31.19,30.08,898232.0,27379735.0,11:20:46
sh688392,骄成超声,99.61,-1.21,-1.2,99.6,99.61,100.82,101.99,103.6,99.0,724967.0,72979680.0,11:20:46
sh688393,安必平,25.11,-0.59,-2.296,25.09,25.11,25.7,25.57,26.09,24.81,733702.0,18548753.0,11:20:36
sh688395,正弦电气,24.98,-0.27,-1.069,24.98,25.03,25.25,25.4,25.55,24.78,474031.0,11899037.0,11:20:37
sh688396,华润微,47.06,0.05,0.106,47.05,47.06,47.01,47.5,47.62,47.06,2582780.0,122320557.0,11:20:49
sh688398,赛特新材,18.53,-0.03,-0.162,18.48,18.54,18.56,18.56,18.87,18.4,453631.0,8436093.0,11:20:46
sh688399,硕世生物,63.85,0.4,0.63,63.82,63.86,63.45,63.11,64.97,63.0,1125604.0,72191627.0,11:20:42
sh688400,凌云光,35.75,-0.77,-2.108,35.72,35.75,36.52,37.0,37.87,35.57,6888620.0,250372707.0,11:20:48
sh688401,路维光电,49.6,-0.42,-0.84,49.6,49.61,50.02,50.55,51.1,48.96,3938423.0,195651861.0,11:20:48
sh688403,汇成股份,13.75,-0.35,-2.482,13.74,13.75,14.1,14.38,14.45,13.74,10140459.0,142286181.0,11:20:48
sh688408,中信博,50.22,-0.74,-1.452,50.22,50.3,50.96,50.76,51.4,49.7,3709490.0,187126082.0,11:20:48
sh688409,富创精密,66.1,-1.0,-1.49,66.1,66.19,67.1,68.0,68.48,66.1,1452858.0,97788761.0,11:20:49
sh688410,山外山,15.73,-0.39,-2.419,15.72,15.73,16.12,16.09,16.27,15.64,2493880.0,39564488.0,11:20:50
sh688411,海博思创,305.49,-2.51,-0.815,305.46,305.48,308.0,314.03,322.5,305.49,2698272.0,850125577.0,11:20:49
sh688416,恒烁股份,55.72,-1.74,-3.028,55.72,55.76,57.46,58.28,58.9,55.7,2289844.0,129604960.0,11:20:48
sh688418,震有科技,27.95,0.2,0.721,27.94,27.95,27.75,28.14,28.27,27.52,1678899.0,46791229.0,11:20:41
sh688419,耐科装备,26.72,-0.17,-0.632,26.72,26.75,26.89,27.0,27.25,26.65,510394.0,13728257.0,11:20:45
sh688420,美腾科技,25.74,-0.13,-0.503,25.69,25.74,25.87,25.93,26.1,25.49,273843.0,7056866.0,11:20:45
sh688425,铁建重工,5.11,0.0,0.0,5.1,5.11,5.11,5.12,5.14,5.09,6137370.0,31382625.0,11:20:48
sh688426,康为世纪,32.77,-0.12,-0.365,32.77,32.78,32.89,32.5,33.67,32.41,852074.0,28223657.0,11:20:38
sh688428,诺诚健华,23.9,-0.28,-1.158,23.9,23.92,24.18,24.31,24.36,23.88,1417284.0,34075774.0,11:20:39
sh688429,时创能源,16.07,-0.34,-2.072,16.05,16.07,16.41,17.0,17.12,16.02,1651525.0,27012174.0,11:20:47
sh688432,有研硅,13.33,0.1,0.756,13.33,13.34,13.23,13.5,13.9,13.33,16478625.0,225023948.0,11:20:46
sh688433,华曙高科,57.86,-3.39,-5.535,57.8,57.9,61.25,61.5,61.85,57.39,3055308.0,180175793.0,11:20:47
sh688435,英方软件,53.69,-1.81,-3.261,53.75,53.89,55.5,57.0,58.5,52.43,4934689.0,270226754.0,11:20:49
sh688439,振华风光,58.51,-0.79,-1.332,58.51,58.54,59.3,59.34,59.54,58.04,2168290.0,127084850.0,11:20:49
sh688443,智翔金泰,27.94,-0.01,-0.036,27.92,27.93,27.95,28.16,28.26,27.81,717881.0,20091133.0,11:20:50
sh688448,磁谷科技,45.59,-0.54,-1.171,45.59,45.6,46.13,46.13,46.78,44.44,1712845.0,77579255.0,11:20:48
sh688449,联芸科技,48.02,-1.08,-2.2,48.02,48.04,49.1,49.9,49.94,48.02,1974347.0,95906378.0,11:20:48
sh688450,光格科技,28.0,-0.49,-1.72,27.97,28.0,28.49,28.54,28.73,27.72,535530.0,15125988.0,11:20:48
sh688455,科捷智能,16.61,-0.12,-0.717,16.57,16.6,16.73,16.73,16.98,16.4,936432.0,15550671.0,11:20:39
sh688456,有研粉材,46.74,0.51,1.103,46.73,46.74,46.23,46.33,47.15,46.31,558172.0,26118970.0,11:20:26
sh688458,美芯晟,37.17,-0.31,-0.827,37.17,37.18,37.48,37.89,38.1,37.09,754544.0,28312055.0,11:20:47
sh688459,哈铁科技,9.78,-0.04,-0.407,9.77,9.78,9.82,9.82,9.86,9.72,964452.0,9442705.0,11:20:47
sh688466,金科环境,19.8,-0.36,-1.786,19.8,19.86,20.16,21.1,21.1,19.58,740209.0,14955498.0,11:20:43
sh688468,科美诊断,8.06,-0.01,-0.124,8.05,8.07,8.07,8.15,8.21,7.99,2059368.0,16663418.0,11:20:50
sh688469,芯联集成,6.81,-0.08,-1.161,6.81,6.82,6.89,6.96,6.99,6.81,49356610.0,339694512.0,11:20:50
sh688472,阿特斯,17.96,-0.26,-1.427,17.96,17.98,18.22,18.5,18.73,17.86,59863024.0,1093410096.0,11:20:47
sh688475,萤石网络,30.0,-0.19,-0.629,29.99,30.0,30.19,30.41,30.42,30.0,1079439.0,32535538.0,11:20:48
sh688478,晶升股份,33.25,-0.13,-0.389,33.23,33.26,33.38,33.81,34.25,32.95,1017399.0,34021456.0,11:20:50
sh688479,友车科技,19.5,-0.17,-0.864,19.49,19.5,19.67,19.65,19.75,19.39,480874.0,9402481.0,11:20:50
sh688480,赛恩斯,48.98,-2.82,-5.444,48.94,49.2,51.8,50.88,52.5,48.01,1058012.0,52409910.0,11:20:46
sh688484,南芯科技,40.33,-0.51,-1.249,40.33,40.36,40.84,41.13,41.36,40.03,2012973.0,81691033.0,11:20:49
sh688485,九州一轨,15.53,0.03,0.194,15.51,15.53,15.5,15.61,15.67,15.39,623432.0,9680160.0,11:20:45
sh688486,龙迅股份,73.48,-1.67,-2.222,73.47,73.48,75.15,75.45,76.55,73.32,3851771.0,288191463.0,11:20:49
sh688488,艾迪药业,14.01,-0.53,-3.645,14.02,14.03,14.54,14.54,14.62,13.89,3746952.0,53093434.0,11:20:47
sh688489,三未信安,44.94,-0.02,-0.044,44.69,44.93,44.96,45.3,45.3,44.62,264312.0,11862984.0,11:20:49
sh688496,清越科技,7.09,0.0,0.0,7.08,7.09,7.09,7.12,7.22,7.0,2128138.0,15093981.0,11:20:46
sh688498,源杰科技,578.61,5.18,0.903,578.0,578.61,573.43,609.99,617.5,568.0,3165240.0,1848780202.0,11:20:48
sh688499,利元亨,54.96,-1.05,-1.875,54.94,54.97,56.01,55.87,57.49,54.55,2757062.0,154298646.0,11:20:39
sh688500,慧辰股份,67.0,-0.59,-0.873,66.88,67.0,67.59,67.8,69.11,66.9,511191.0,34526060.0,11:20:47
sh688501,青达环保,28.62,-0.2,-0.694,28.62,28.63,28.82,29.18,29.45,28.41,1850506.0,53729541.0,11:20:42
sh688502,茂莱光学,347.2,-7.01,-1.979,347.18,347.94,354.21,354.0,356.0,346.2,452868.0,158984894.0,11:20:50
sh688503,聚和材料,53.53,-0.59,-1.09,53.51,53.53,54.12,54.5,54.88,53.5,1869883.0,101165773.0,11:20:49
sh688505,复旦张江,8.76,0.03,0.344,8.76,8.77,8.73,8.74,8.83,8.69,1355283.0,11857111.0,11:20:41
sh688506,百利天恒,374.34,5.04,1.365,374.34,374.89,369.3,373.88,382.34,366.89,450851.0,169723774.0,11:20:49
sh688507,索辰科技,91.3,-0.58,-0.631,91.3,91.45,91.88,93.88,94.45,90.86,389763.0,35913069.0,11:20:49
sh688508,芯朋微,56.93,-0.43,-0.75,56.9,56.93,57.36,57.98,58.09,56.79,819226.0,46998799.0,11:20:47
sh688509,正元地信,4.78,0.03,0.632,4.78,4.79,4.75,4.77,4.8,4.69,10769118.0,51036538.0,11:20:46
sh688510,航亚科技,23.46,-0.08,-0.34,23.43,23.47,23.54,23.5,23.79,23.36,772932.0,18192441.0,11:20:38
sh688511,*ST天微,22.8,-0.2,-0.87,22.8,22.82,23.0,22.92,23.34,22.8,268442.0,6142821.0,11:20:40
sh688512,慧智微,10.73,-0.14,-1.288,10.73,10.74,10.87,10.95,11.08,10.66,3489109.0,37813196.0,11:20:44
sh688513,苑东生物,52.59,-0.69,-1.295,52.62,52.87,53.28,53.17,54.2,52.55,537109.0,28643231.0,11:20:48
sh688515,裕太微,99.83,-1.74,-1.713,99.78,99.89,101.57,102.45,102.45,98.58,567576.0,56771285.0,11:20:46
sh688516,奥特维,40.19,-0.46,-1.132,40.17,40.2,40.65,41.13,41.48,39.97,2175509.0,88381629.0,11:20:47
sh688517,金冠电气,16.64,0.02,0.12,16.63,16.64,16.62,16.67,16.77,16.36,2514615.0,41622478.0,11:20:48
sh688518,联赢激光,25.3,0.38,1.525,25.28,25.3,24.92,25.71,26.18,25.1,10147302.0,260901345.0,11:20:47
sh688519,南亚新材,64.3,-2.14,-3.221,64.2,64.27,66.44,67.7,69.23,64.08,3125016.0,205819897.0,11:20:45
sh688520,神州细胞,47.57,-0.7,-1.45,47.57,47.6,48.27,48.28,48.69,47.16,1139053.0,54437516.0,11:20:44
sh688521,芯原股份,151.9,-0.52,-0.341,151.9,151.91,152.42,156.5,159.0,150.8,7217396.0,1112611696.0,11:20:50
sh688522,纳睿雷达,37.58,-0.44,-1.157,37.58,37.61,38.02,38.11,38.49,37.43,1217015.0,45955862.0,11:20:49
sh688523,航天环宇,26.1,0.17,0.656,26.1,26.13,25.93,26.01,26.68,25.56,4004574.0,104679446.0,11:20:42
sh688525,佰维存储,113.02,-4.67,-3.968,113.03,113.04,117.69,123.0,123.0,112.63,16187199.0,1864627245.0,11:20:48
sh688526,科前生物,15.98,-0.04,-0.25,15.98,16.01,16.02,16.09,16.13,15.94,1035990.0,16586026.0,11:20:40
sh688528,秦川物联,11.54,-0.04,-0.345,11.54,11.55,11.58,11.53,11.85,11.36,1290484.0,14966545.0,11:20:46
sh688529,豪森智能,18.84,-0.13,-0.685,18.81,18.84,18.97,19.0,19.18,18.69,755407.0,14273575.0,11:20:48
sh688530,欧莱新材,17.23,0.01,0.058,17.22,17.24,17.22,17.39,17.64,17.05,896009.0,15499909.0,11:20:46
sh688531,日联科技,60.86,-1.35,-2.17,60.86,60.87,62.21,62.77,62.84,60.86,994186.0,61265524.0,11:20:47
sh688533,上声电子,26.87,0.18,0.674,26.85,26.87,26.69,26.76,26.98,26.76,281053.0,7539932.0,11:20:39
sh688535,华海诚科,90.44,-4.36,-4.599,90.51,90.64,94.8,96.99,97.69,90.0,1831460.0,169952061.0,11:20:49
sh688536,思瑞浦,151.66,-4.7,-3.006,151.66,151.95,156.36,158.34,158.86,151.08,1924657.0,294813880.0,11:20:50
sh688538,和辉光电,2.67,0.02,0.755,2.66,2.67,2.65,2.67,2.68,2.65,19735399.0,52550872.0,11:20:44
sh688539,高华科技,33.5,0.37,1.117,33.48,33.49,33.13,33.3,33.78,33.0,1038851.0,34741487.0,11:20:28
sh688543,国科军工,51.17,-1.83,-3.453,51.17,51.23,53.0,52.0,52.75,51.08,6992176.0,362503767.0,11:20:50
sh688545,兴福电子,35.98,-0.22,-0.608,35.98,35.99,36.2,36.7,37.97,35.98,2973944.0,109790517.0,11:20:42
sh688548,广钢气体,12.38,0.03,0.243,12.37,12.38,12.35,12.41,12.66,12.36,4568323.0,57138124.0,11:20:50
sh688549,中巨芯,9.52,-0.02,-0.21,9.52,9.54,9.54,9.65,9.77,9.52,9316623.0,89957445.0,11:20:51
sh688550,瑞联新材,45.71,-0.44,-0.953,45.7,45.71,46.15,46.4,46.98,45.7,1306161.0,60243031.0,11:20:51
sh688551,科威尔,36.57,-0.92,-2.454,36.58,36.59,37.49,37.61,37.86,36.37,859427.0,31812549.0,11:20:42
sh688552,航天南湖,33.81,-1.51,-4.275,33.81,33.87,35.32,34.9,34.94,33.62,2706016.0,92478095.0,11:20:51
sh688553,汇宇制药,20.69,0.09,0.437,20.64,20.69,20.6,20.79,20.86,20.41,1179433.0,24342877.0,11:20:50
sh688556,高测股份,9.77,-0.24,-2.398,9.77,9.78,10.01,10.09,10.12,9.73,14780213.0,145990477.0,11:20:50
sh688557,兰剑智能,35.97,-0.59,-1.614,35.97,35.98,36.56,36.41,36.81,35.8,643387.0,23276992.0,11:20:45
sh688558,国盛智科,28.38,-0.13,-0.456,28.36,28.38,28.51,28.51,28.83,28.16,524835.0,14890866.0,11:20:44
sh688559,海目星,53.68,1.28,2.443,53.68,53.69,52.4,53.73,55.44,53.17,9095592.0,491977384.0,11:20:45
sh688560,明冠新材,15.22,-0.28,-1.806,15.21,15.22,15.5,15.41,15.57,15.12,2176172.0,33468765.0,11:20:51
sh688561,奇安信,36.96,-0.45,-1.203,36.94,36.96,37.41,37.7,37.85,36.76,3073247.0,114118153.0,11:20:50
sh688562,航天软件,18.4,0.01,0.054,18.37,18.4,18.39,18.36,18.58,18.26,3346631.0,61550953.0,11:20:50
sh688563,航材股份,53.45,-0.36,-0.669,53.46,53.55,53.81,53.99,54.11,53.45,523591.0,28164317.0,11:20:48
sh688565,力源科技,10.37,-0.18,-1.706,10.37,10.38,10.55,10.57,10.65,10.25,1771543.0,18524535.0,11:20:41
sh688566,吉贝尔,29.31,0.02,0.068,29.3,29.32,29.29,29.31,29.67,29.24,554435.0,16315205.0,11:20:49
sh688567,孚能科技,17.19,-0.34,-1.94,17.19,17.2,17.53,17.52,17.76,17.15,11119305.0,194248782.0,11:20:51
sh688568,中科星图,39.83,0.0,0.0,39.81,39.84,39.83,40.26,40.3,39.66,2306523.0,92112627.0,11:20:48
sh688569,铁科轨道,22.05,0.01,0.045,22.0,22.05,22.04,22.24,22.24,21.92,255904.0,5634026.0,11:20:23
sh688570,天玛智控,18.99,-0.01,-0.053,18.97,18.99,19.0,19.1,19.2,18.93,479294.0,9112621.0,11:20:47
sh688571,杭华股份,7.96,0.01,0.126,7.95,7.96,7.95,7.96,8.06,7.91,1216714.0,9707637.0,11:20:46
sh688573,信宇人,24.48,-0.44,-1.766,24.46,24.48,24.92,25.01,25.65,24.32,1855417.0,46272942.0,11:20:47
sh688575,亚辉龙,15.36,0.03,0.196,15.36,15.37,15.33,15.38,15.42,15.27,2017679.0,30989543.0,11:20:50
sh688576,西山科技,65.65,-0.38,-0.575,65.59,65.65,66.03,66.11,66.28,65.36,155361.0,10214102.0,11:20:50
sh688577,浙海德曼,117.12,-0.51,-0.434,117.2,117.38,117.63,118.78,119.97,117.01,297507.0,35267829.0,11:20:51
sh688578,艾力斯,95.87,-0.99,-1.022,95.87,95.9,96.86,97.1,97.38,95.45,1179395.0,113672321.0,11:20:49
sh688579,山大地纬,11.31,-0.05,-0.44,11.3,11.31,11.36,11.38,11.45,11.2,2276923.0,25730124.0,11:20:49
sh688580,伟思医疗,45.88,-0.1,-0.217,45.83,45.87,45.98,46.0,46.27,45.72,315498.0,14492083.0,11:20:46
sh688581,安杰思,59.06,-0.4,-0.673,59.06,59.1,59.46,59.78,59.94,58.92,311647.0,18480185.0,11:20:49
sh688582,芯动联科,56.36,-0.09,-0.159,56.36,56.4,56.45,57.02,57.84,56.3,2381192.0,135458205.0,11:20:48
sh688583,思看科技,82.4,-1.28,-1.53,82.38,82.41,83.68,83.7,84.56,82.4,206508.0,17175566.0,11:20:48
sh688584,上海合晶,21.96,-0.2,-0.903,21.95,21.96,22.16,22.44,22.49,21.9,2215445.0,49045269.0,11:20:46
sh688585,上纬新材,111.7,-2.18,-1.914,111.7,111.71,113.88,113.0,113.95,110.02,2623109.0,293167457.0,11:20:51
sh688586,江航装备,11.29,-0.16,-1.397,11.28,11.3,11.45,11.38,11.43,11.23,4283195.0,48474460.0,11:20:51
sh688588,凌志软件,14.35,-0.38,-2.58,14.34,14.35,14.73,14.76,14.89,14.28,5325730.0,77105699.0,11:20:46
sh688589,力合微,22.13,-0.15,-0.673,22.12,22.13,22.28,22.48,22.58,21.99,1484197.0,32964024.0,11:20:51
sh688590,新致软件,18.74,-0.41,-2.141,18.73,18.74,19.15,19.3,19.42,18.6,3716246.0,70058215.0,11:20:49
sh688591,泰凌微,42.11,-0.66,-1.543,42.11,42.12,42.77,43.2,43.78,42.11,2302198.0,98393113.0,11:20:48
sh688592,司南导航,39.56,0.43,1.099,39.53,39.56,39.13,39.13,39.74,38.66,721701.0,28317775.0,11:20:49
sh688593,新相微,21.35,-0.04,-0.187,21.33,21.34,21.39,21.98,21.98,21.23,5879236.0,126809397.0,11:20:50
sh688595,芯海科技,32.96,-0.54,-1.612,32.96,33.0,33.5,33.68,33.9,32.93,1326729.0,44189422.0,11:20:48
sh688596,正帆科技,28.53,-0.14,-0.488,28.53,28.54,28.67,28.84,28.95,28.34,3022351.0,86689504.0,11:20:48
sh688597,煜邦电力,8.8,-0.02,-0.227,8.8,8.81,8.82,8.8,9.04,8.7,3983891.0,35221085.0,11:20:41
sh688598,金博股份,29.4,-0.24,-0.81,29.4,29.42,29.64,29.75,30.2,29.31,1902383.0,56585254.0,11:20:46
sh688599,天合光能,19.58,-0.59,-2.925,19.57,19.58,20.17,20.21,20.28,19.5,31981220.0,632161101.0,11:20:50
sh688600,皖仪科技,22.64,0.08,0.355,22.6,22.64,22.56,22.9,23.07,22.45,815707.0,18576776.0,11:20:49
sh688601,力芯微,42.62,0.69,1.646,42.62,42.63,41.93,43.0,43.9,41.93,5737481.0,247399378.0,11:20:48
sh688602,康鹏科技,9.26,-0.11,-1.174,9.26,9.27,9.37,9.32,9.58,9.16,16586778.0,155325859.0,11:20:45
sh688603,天承科技,69.69,0.45,0.65,69.46,69.69,69.24,69.93,71.81,69.19,648646.0,45464807.0,11:20:50
sh688605,先锋精科,59.31,-1.4,-2.306,59.3,59.31,60.71,61.24,61.55,59.29,1042835.0,62631179.0,11:20:51
sh688606,奥泰生物,66.45,-0.55,-0.821,66.34,66.45,67.0,67.18,67.66,66.26,183984.0,12259941.0,11:20:41
sh688607,康众医疗,30.01,-0.01,-0.033,29.95,30.04,30.02,30.18,31.27,29.91,1248244.0,38315420.0,11:20:49
sh688608,恒玄科技,203.4,-4.27,-2.056,203.4,203.41,207.67,209.0,210.28,203.07,2332798.0,480127504.0,11:20:49
sh688609,九联科技,10.02,0.02,0.2,10.02,10.03,10.0,10.03,10.15,9.9,4079857.0,40818755.0,11:20:37
sh688610,埃科光电,63.41,-1.6,-2.461,63.46,63.65,65.01,65.01,65.91,63.3,162363.0,10426069.0,11:20:44
sh688611,杭州柯林,43.08,-1.7,-3.796,42.93,43.08,44.78,45.49,45.63,42.77,822735.0,35918201.0,11:20:51
sh688612,威迈斯,32.5,0.12,0.371,32.5,32.52,32.38,32.6,32.97,32.41,598171.0,19483045.0,11:20:51
sh688613,奥精医疗,20.42,-0.08,-0.39,20.42,20.43,20.5,20.63,21.12,20.27,1953442.0,40328419.0,11:20:44
sh688615,合合信息,201.09,-0.41,-0.203,201.09,201.52,201.5,200.8,203.0,193.0,2120035.0,420182168.0,11:20:50
sh688616,西力科技,12.78,-0.06,-0.467,12.76,12.78,12.84,12.89,12.93,12.63,811848.0,10356019.0,11:20:49
sh688617,惠泰医疗,258.3,-10.31,-3.838,258.3,258.99,268.61,267.55,271.0,254.15,641036.0,168382478.0,11:20:49
sh688618,三旺通信,28.12,-0.03,-0.107,28.11,28.12,28.15,28.7,29.02,27.98,2421463.0,68986186.0,11:20:50
sh688619,罗普特,14.11,-0.26,-1.809,14.1,14.11,14.37,14.44,14.61,14.05,1178427.0,16813666.0,11:20:50
sh688620,安凯微,11.58,-0.1,-0.856,11.58,11.59,11.68,11.78,11.82,11.52,2719916.0,31604762.0,11:20:41
sh688621,阳光诺和,57.78,0.67,1.173,57.78,57.83,57.11,57.12,59.5,57.12,1924361.0,112452689.0,11:20:48
sh688622,禾信仪器,96.49,-9.38,-8.86,96.45,96.49,105.87,102.3,109.0,96.3,3238222.0,332540629.0,11:20:49
sh688623,双元科技,74.72,-0.03,-0.04,74.72,74.84,74.75,75.23,75.75,74.6,130185.0,9766170.0,11:20:35
sh688625,呈和科技,37.82,-0.07,-0.185,37.75,37.82,37.89,37.89,38.3,37.18,809815.0,30405543.0,11:20:33
sh688626,翔宇医疗,46.98,-1.39,-2.874,46.98,47.0,48.37,48.93,48.93,46.9,888803.0,42182285.0,11:20:41
sh688627,精智达,187.11,-9.45,-4.808,187.32,188.2,196.56,200.0,202.0,184.51,1754432.0,331215781.0,11:20:51
sh688628,优利德,31.08,-0.22,-0.703,31.08,31.09,31.3,31.51,31.51,30.93,596305.0,18576720.0,11:20:48
sh688629,华丰科技,84.68,-0.82,-0.959,84.67,84.68,85.5,87.1,87.21,83.96,9999823.0,851390896.0,11:20:50
sh688630,芯碁微装,112.71,-1.29,-1.132,112.71,112.84,114.0,115.9,116.97,111.73,2202689.0,250913055.0,11:20:43
sh688631,莱斯信息,62.15,-0.75,-1.192,62.12,62.15,62.9,62.9,63.9,61.71,1066156.0,66618795.0,11:20:50
sh688633,星球石墨,23.96,-0.23,-0.951,23.88,23.96,24.19,24.19,24.29,23.75,456587.0,10960976.0,11:20:50
sh688636,智明达,33.26,-0.19,-0.568,33.26,33.32,33.45,33.45,33.66,33.08,1094133.0,36428272.0,11:20:45
sh688638,誉辰智能,40.13,-0.41,-1.011,40.05,40.13,40.54,40.7,41.19,39.75,381325.0,15406289.0,11:20:32
sh688639,华恒生物,33.91,-1.07,-3.059,33.88,33.91,34.98,35.06,35.28,33.75,3059424.0,105079599.0,11:20:50
sh688646,ST逸飞,36.19,0.26,0.724,36.17,36.19,35.93,36.6,36.74,36.1,251398.0,9154987.0,11:20:42
sh688648,中邮科技,50.06,-0.42,-0.832,49.98,50.09,50.48,50.81,51.19,49.91,636106.0,32053437.0,11:20:40
sh688651,盛邦安全,37.47,-0.73,-1.911,37.31,37.42,38.2,38.32,38.88,37.15,680789.0,25640661.0,11:20:36
sh688652,京仪装备,92.8,-3.0,-3.132,92.81,92.91,95.8,97.5,97.65,92.56,2750040.0,258956999.0,11:20:52
sh688653,康希通信,11.8,-0.16,-1.338,11.79,11.8,11.96,12.01,12.17,11.71,3994080.0,47612590.0,11:20:39
sh688655,迅捷兴,17.33,0.14,0.814,17.33,17.34,17.19,17.46,17.74,17.1,1379099.0,23882368.0,11:20:50
sh688656,浩欧博,174.0,-5.0,-2.793,173.6,173.94,179.0,177.05,179.19,172.88,348168.0,60897745.0,11:20:52
sh688657,浩辰软件,57.18,-1.44,-2.456,57.22,57.25,58.62,58.58,58.98,57.03,798087.0,46020523.0,11:20:46
sh688658,悦康药业,21.76,0.98,4.716,21.76,21.8,20.78,20.74,22.15,20.71,6051003.0,130420812.0,11:20:51
sh688659,元琛科技,10.39,-0.08,-0.764,10.38,10.39,10.47,10.51,10.79,10.2,3008233.0,31456547.0,11:20:44
sh688660,电气风电,15.94,0.08,0.504,15.93,15.94,15.86,16.0,16.3,15.86,10937579.0,175574454.0,11:20:51
sh688661,和林微纳,44.48,0.28,0.633,44.47,44.48,44.2,44.88,45.72,44.48,1392600.0,62713386.0,11:20:43
sh688662,富信科技,38.8,-0.43,-1.096,38.8,38.88,39.23,39.38,40.35,38.79,731824.0,28749777.0,11:20:50
sh688663,新风光,41.47,-0.06,-0.144,41.47,41.48,41.53,41.59,42.32,41.34,521532.0,21737396.0,11:20:50
sh688665,四方光电,47.47,-0.78,-1.617,47.47,47.56,48.25,48.42,48.57,47.4,349762.0,16748658.0,11:20:49
sh688667,菱电电控,58.17,-1.4,-2.35,58.11,58.17,59.57,59.29,60.01,58.07,238168.0,14007859.0,11:20:22
sh688668,鼎通科技,86.64,0.2,0.231,86.5,86.61,86.44,88.99,90.0,85.94,1869101.0,163909589.0,11:20:51
sh688669,聚石化学,24.19,0.06,0.249,24.17,24.19,24.13,24.22,24.62,23.92,1169730.0,28344667.0,11:20:49
sh688670,金迪克,23.29,-1.74,-6.952,23.29,23.3,25.03,24.77,24.8,23.23,4910784.0,116843567.0,11:20:51
sh688671,碧兴物联,22.77,-0.47,-2.022,22.77,22.83,23.24,23.35,23.54,22.54,454238.0,10410944.0,11:20:52
sh688676,金盘科技,75.2,0.35,0.468,75.17,75.2,74.85,78.78,79.43,74.85,9319101.0,711395629.0,11:20:50
sh688677,海泰新光,46.58,-0.53,-1.125,46.57,46.61,47.11,46.88,47.68,46.43,355018.0,16632357.0,11:20:52
sh688678,福立旺,23.37,-0.28,-1.184,23.37,23.38,23.65,23.71,23.97,23.33,1725940.0,40694505.0,11:20:52
sh688679,通源环境,26.78,0.25,0.942,26.76,26.78,26.53,26.66,27.55,26.66,1118074.0,30184423.0,11:20:46
sh688680,海优新材,42.1,-1.11,-2.569,42.1,42.13,43.21,43.48,43.77,42.0,1144821.0,49126372.0,11:20:49
sh688681,科汇股份,18.0,-0.28,-1.532,18.0,18.01,18.28,18.28,18.44,17.78,1289383.0,23322514.0,11:20:41
sh688682,霍莱沃,31.83,-0.36,-1.118,31.74,31.83,32.19,32.23,32.67,31.63,915817.0,29326096.0,11:20:47
sh688683,莱尔科技,31.11,-0.21,-0.67,31.11,31.12,31.32,31.01,31.81,30.9,321694.0,10022801.0,11:20:38
sh688685,迈信林,54.31,-2.34,-4.131,54.26,54.31,56.65,56.65,57.77,53.9,2483663.0,137393541.0,11:20:51
sh688686,奥普特,115.25,0.09,0.078,115.11,115.22,115.16,116.5,117.68,115.05,443290.0,51378583.0,11:20:41
sh688687,凯因科技,26.1,-0.41,-1.547,26.07,26.1,26.51,26.6,26.71,25.9,2189587.0,57417023.0,11:20:51
sh688689,银河微电,25.9,-0.12,-0.461,25.86,25.89,26.02,26.19,26.39,25.66,687582.0,17835111.0,11:20:49
sh688690,纳微科技,28.63,-0.01,-0.035,28.59,28.63,28.64,28.87,29.11,28.5,2245252.0,64654549.0,11:20:48
sh688691,灿芯股份,109.75,-2.25,-2.009,109.52,109.81,112.0,114.4,115.0,109.01,1813376.0,201830984.0,11:20:50
sh688692,达梦数据,250.93,-2.76,-1.088,250.88,250.94,253.69,253.69,255.79,250.38,366608.0,92456781.0,11:20:44
sh688693,锴威特,37.73,-0.37,-0.971,37.71,37.76,38.1,38.38,38.76,37.53,502134.0,19164538.0,11:20:33
sh688695,中创股份,29.82,-0.43,-1.421,29.75,29.89,30.25,30.28,30.5,29.51,557683.0,16678680.0,11:20:52
sh688696,极米科技,114.56,-1.2,-1.037,114.56,114.78,115.76,117.0,117.5,114.3,229586.0,26450290.0,11:20:35
sh688697,纽威数控,15.51,0.02,0.129,15.48,15.5,15.49,15.58,15.58,15.39,1169017.0,18094848.0,11:20:50
sh688698,伟创电气,77.03,-0.13,-0.168,77.03,77.05,77.16,77.21,78.89,75.6,2035633.0,156847946.0,11:20:50
sh688699,明微电子,42.87,-0.77,-1.764,42.86,42.87,43.64,44.19,44.88,42.74,2181691.0,94683317.0,11:20:50
sh688700,东威科技,35.32,-0.43,-1.203,35.32,35.34,35.75,36.33,36.78,35.3,2319106.0,83407413.0,11:20:45
sh688701,卓锦股份,10.34,-0.21,-1.991,10.34,10.35,10.55,10.71,10.71,10.16,1792983.0,18603987.0,11:20:30
sh688702,盛科通信,119.6,-2.01,-1.653,119.61,119.67,121.61,123.78,124.26,118.48,1221750.0,146767873.0,11:20:51
sh688707,振华新材,15.86,-0.27,-1.674,15.86,15.87,16.13,16.13,16.48,15.68,9989033.0,160317737.0,11:20:50
sh688708,佳驰科技,66.89,1.78,2.734,66.75,66.89,65.11,64.91,67.86,64.59,801823.0,53519763.0,11:20:51
sh688709,成都华微,37.46,-0.32,-0.847,37.46,37.47,37.78,38.28,38.78,37.31,2017407.0,76143170.0,11:20:52
sh688710,益诺思,44.75,-1.35,-2.928,44.66,44.75,46.1,46.03,46.29,44.6,482699.0,21793583.0,11:20:30
sh688711,宏微科技,23.79,1.35,6.016,23.78,23.79,22.44,22.88,24.05,22.66,8529561.0,198956240.0,11:20:50
sh688716,中研股份,36.33,-0.42,-1.143,36.3,36.33,36.75,37.16,37.53,36.13,1086361.0,39880281.0,11:20:45
sh688717,艾罗能源,62.47,-2.57,-3.951,62.46,62.48,65.04,64.64,65.18,62.46,3140224.0,198732602.0,11:20:50
sh688718,唯赛勃,16.87,0.21,1.261,16.86,16.87,16.66,16.0,17.17,16.0,5834944.0,97604420.0,11:20:46
sh688719,爱科赛博,37.71,-0.26,-0.685,37.71,37.8,37.97,38.06,38.94,37.2,891838.0,33863838.0,11:20:48
sh688720,艾森股份,55.63,-2.69,-4.612,55.63,55.65,58.32,58.0,58.4,55.63,3899916.0,222580856.0,11:20:50
sh688721,龙图光罩,44.8,-1.38,-2.988,44.65,44.8,46.18,46.18,46.19,44.56,1154616.0,52017071.0,11:20:51
sh688722,同益中,17.68,0.09,0.512,17.68,17.69,17.59,17.73,17.77,17.48,890032.0,15676013.0,11:20:49
sh688726,拉普拉斯,43.79,-0.51,-1.151,43.77,43.79,44.3,44.38,44.72,43.69,1050766.0,46332830.0,11:20:38
sh688727,C恒坤,60.82,0.77,1.282,60.81,60.82,60.05,60.93,65.68,57.69,18237678.0,1121974167.0,11:20:49
sh688728,格科微,14.55,-0.03,-0.206,14.54,14.55,14.58,14.67,14.73,14.5,4278095.0,62464158.0,11:20:49
sh688729,屹唐股份,24.38,-0.4,-1.614,24.38,24.39,24.78,25.0,25.13,24.31,3111702.0,76588688.0,11:20:52
sh688733,壹石通,28.55,-0.65,-2.226,28.53,28.55,29.2,29.5,30.05,28.35,5345368.0,154821472.0,11:20:48
sh688737,中自科技,25.09,-0.76,-2.94,25.09,25.1,25.85,25.35,26.16,24.8,2034560.0,51320616.0,11:20:51
sh688739,成大生物,27.37,0.02,0.073,27.37,27.38,27.35,27.37,27.53,27.25,745019.0,20392363.0,11:20:47
sh688750,金天钛业,19.76,-0.16,-0.803,19.76,19.77,19.92,19.92,20.3,19.76,1572348.0,31468058.0,11:20:41
sh688755,汉邦科技,40.66,-0.3,-0.732,40.71,40.84,40.96,40.98,41.19,40.5,194382.0,7944486.0,11:20:34
sh688757,胜科纳米,26.61,-0.21,-0.783,26.61,26.62,26.82,26.88,27.4,26.61,470288.0,12655948.0,11:20:50
sh688758,赛分科技,20.97,-0.33,-1.549,20.97,20.98,21.3,21.3,21.55,20.89,1501763.0,31842747.0,11:20:51
sh688759,必贝特,29.15,1.32,4.743,29.15,29.17,27.83,28.0,29.18,27.99,3767935.0,108023971.0,11:20:51
sh688765,禾元生物,78.12,-0.26,-0.332,78.12,78.13,78.38,79.3,79.46,77.97,1594001.0,125333047.0,11:20:51
sh688766,普冉股份,138.2,-8.83,-6.006,138.2,138.21,147.03,152.0,152.5,137.25,6807194.0,959337554.0,11:20:50
sh688767,博拓生物,40.61,-1.16,-2.777,40.6,40.61,41.77,41.65,41.87,40.53,683442.0,27981151.0,11:20:43
sh688768,容知日新,42.18,-0.2,-0.472,42.14,42.21,42.38,42.39,42.68,42.08,229326.0,9709868.0,11:20:46
sh688772,珠海冠宇,22.94,-0.51,-2.175,22.93,22.94,23.45,23.69,23.76,22.9,9410249.0,218498477.0,11:20:50
sh688775,影石创新,267.08,-5.83,-2.136,267.08,267.33,272.91,275.0,276.0,266.09,787163.0,211811267.0,11:20:50
sh688776,国光电气,87.04,-2.68,-2.987,87.0,87.04,89.72,90.0,90.62,86.69,1420534.0,124422681.0,11:20:49
sh688777,中控技术,49.16,0.09,0.183,49.13,49.15,49.07,49.4,49.8,48.98,3112587.0,153759821.0,11:20:53
sh688778,厦钨新能,76.54,-1.86,-2.372,76.54,76.6,78.4,78.98,80.68,75.93,6083409.0,476903147.0,11:20:52
sh688779,五矿新能,8.03,-0.17,-2.073,8.02,8.03,8.2,8.19,8.39,7.99,39074437.0,319715408.0,11:20:52
sh688783,西安奕材,25.02,-0.25,-0.989,25.02,25.03,25.27,25.69,25.8,24.9,6591418.0,165679163.0,11:20:51
sh688786,悦安新材,27.83,0.03,0.108,27.82,27.84,27.8,27.8,28.18,27.5,642125.0,17874107.0,11:20:53
sh688787,海天瑞声,102.76,-1.39,-1.335,102.44,102.76,104.15,104.47,105.69,102.0,753996.0,77899734.0,11:20:49
sh688788,科思科技,63.02,-0.16,-0.253,62.9,63.04,63.18,63.78,64.42,62.2,1238922.0,78272884.0,11:20:52
sh688789,宏华数科,76.2,-1.1,-1.423,76.09,76.24,77.3,77.02,77.27,76.0,245891.0,18792948.0,11:20:51
sh688793,倍轻松,29.21,-0.02,-0.068,29.21,29.24,29.23,29.3,29.7,28.91,464782.0,13606095.0,11:20:46
sh688798,艾为电子,75.4,-0.61,-0.803,75.25,75.33,76.01,77.0,77.07,75.2,823040.0,62463133.0,11:20:52
sh688799,华纳药厂,48.63,-0.29,-0.593,48.61,48.63,48.92,49.22,49.42,48.53,355127.0,17391982.0,11:20:31
sh688800,瑞可达,69.75,1.64,2.408,69.75,69.83,68.11,72.0,74.9,69.41,5940654.0,425445190.0,11:20:49
sh688819,天能股份,33.33,-0.17,-0.507,33.33,33.36,33.5,33.54,34.09,33.32,1655555.0,55774312.0,11:20:52
sh688981,中芯国际,117.02,0.74,0.636,117.0,117.01,116.28,117.99,118.29,116.46,21209648.0,2490576019.0,11:20:50
sz000001,平安银行,11.95,0.15,1.271,11.95,11.96,11.8,11.79,11.97,11.74,98428098.0,1171301924.0,11:20:51
sz000002,万 科Ａ,6.22,0.16,2.64,6.21,6.22,6.06,6.06,6.22,6.02,109169233.0,668672282.0,11:20:51
sz000004,*ST国华,11.08,-0.1,-0.894,11.07,11.08,11.18,11.09,11.16,10.86,2648700.0,29095442.0,11:20:51
sz000006,深振业Ａ,10.96,0.01,0.091,10.96,10.97,10.95,10.91,11.03,10.83,15064226.0,164729793.0,11:20:51
sz000007,全新好,10.13,0.4,4.111,10.13,10.15,9.73,9.78,10.37,9.7,9378665.0,94950561.0,11:20:51
sz000008,神州高铁,3.16,-0.01,-0.315,3.16,3.17,3.17,3.18,3.19,3.11,49609199.0,155934399.0,11:20:48
sz000009,中国宝安,11.03,0.0,0.0,11.02,11.03,11.03,11.09,11.27,10.97,30731913.0,341466694.0,11:20:51
sz000010,美丽生态,3.73,0.08,2.192,3.72,3.73,3.65,3.66,3.8,3.66,15072800.0,56033575.0,11:20:51
sz000011,深物业A,9.95,0.11,1.118,9.95,9.96,9.84,9.86,9.97,9.75,4703700.0,46238022.0,11:20:51
sz000012,南 玻Ａ,4.82,0.01,0.208,4.81,4.82,4.81,4.82,4.84,4.78,7571673.0,36423288.0,11:20:51
sz000014,沙河股份,16.24,-0.04,-0.246,16.24,16.26,16.28,16.39,16.72,16.18,12243551.0,201475502.0,11:20:51
sz000016,深康佳Ａ,5.23,0.02,0.384,5.22,5.23,5.21,5.21,5.25,5.17,13677318.0,71201644.0,11:20:51
sz000017,深中华A,8.39,0.76,9.961,8.39,0.0,7.63,7.84,8.39,7.82,49959275.0,411839907.0,11:20:51
sz000019,深粮控股,7.43,0.13,1.781,7.43,7.44,7.3,7.31,7.5,7.15,20705577.0,151137651.0,11:20:51
sz000020,深华发Ａ,16.18,0.06,0.372,16.18,16.19,16.12,15.93,16.69,15.83,8683832.0,141494398.0,11:20:48
sz000021,深科技,23.77,-0.13,-0.544,23.76,23.77,23.9,24.27,24.39,23.76,22674424.0,544611970.0,11:20:51
sz000025,特 力Ａ,19.71,0.58,3.032,19.71,19.72,19.13,18.96,19.96,18.93,16758780.0,328044590.0,11:20:51
sz000026,飞亚达,15.35,-0.32,-2.042,15.33,15.35,15.67,15.78,15.78,15.31,2085400.0,32275353.0,11:20:51
sz000027,深圳能源,6.81,0.04,0.591,6.8,6.81,6.77,6.78,6.83,6.78,9985560.0,67984058.0,11:20:51
sz000028,国药一致,25.51,0.05,0.196,25.5,25.51,25.46,25.49,25.56,25.43,1003270.0,25568027.0,11:20:48
sz000029,深深房Ａ,26.19,1.01,4.011,26.19,26.2,25.18,25.28,26.25,24.91,5461260.0,140039469.0,11:20:51
sz000030,富奥股份,5.48,0.0,0.0,5.47,5.48,5.48,5.48,5.52,5.46,3639603.0,19971588.0,11:20:51
sz000031,大悦城,3.21,0.01,0.312,3.2,3.21,3.2,3.2,3.21,3.09,16018498.0,50408879.0,11:20:51
sz000032,深桑达Ａ,19.24,0.01,0.052,19.23,19.24,19.23,19.31,19.55,19.21,4830914.0,93591772.0,11:20:51
sz000034,神州数码,42.06,-0.29,-0.685,42.06,42.08,42.35,42.8,43.27,41.85,10586454.0,448145442.0,11:20:51
sz000035,中国天楹,6.07,0.12,2.017,6.06,6.07,5.95,5.99,6.23,5.95,34983387.0,214282805.0,11:20:51
sz000036,华联控股,4.65,0.06,1.307,4.65,4.66,4.59,4.59,4.71,4.53,64351241.0,297824046.0,11:20:51
sz000037,深南电A,9.27,-0.04,-0.43,9.26,9.27,9.31,9.31,9.38,9.15,6529400.0,60421028.0,11:20:51
sz000039,中集集团,8.57,-0.17,-1.945,8.57,8.58,8.74,8.69,8.73,8.5,39616029.0,341322086.0,11:20:51
sz000042,中洲控股,7.86,0.06,0.769,7.85,7.86,7.8,7.82,7.87,7.68,3188900.0,24746759.0,11:20:51
sz000045,深纺织Ａ,12.57,0.06,0.48,12.57,12.58,12.51,12.52,12.71,12.52,3331086.0,42005447.0,11:20:51
sz000048,京基智农,16.15,-0.29,-1.764,16.15,16.16,16.44,16.46,16.46,16.04,4544545.0,73770806.0,11:20:51
sz000049,德赛电池,27.53,0.33,1.213,27.52,27.53,27.2,27.21,28.2,27.21,6588803.0,182224469.0,11:20:51
sz000050,深天马Ａ,9.09,0.02,0.221,9.08,9.09,9.07,9.14,9.15,9.07,7081600.0,64489505.0,11:20:51
sz000055,方大集团,4.37,-0.02,-0.456,4.36,4.37,4.39,4.39,4.42,4.31,5468800.0,23816707.0,11:20:51
sz000056,皇庭国际,2.39,0.01,0.42,2.39,2.4,2.38,2.37,2.4,2.31,24385400.0,57272850.0,11:20:51
sz000058,深 赛 格,9.37,0.13,1.407,9.37,9.38,9.24,9.29,9.38,9.25,4723839.0,44002890.0,11:20:51
sz000059,华锦股份,5.37,-0.02,-0.371,5.37,5.38,5.39,5.38,5.39,5.33,7002513.0,37504243.0,11:20:45
sz000060,中金岭南,5.44,0.11,2.064,5.43,5.44,5.33,5.37,5.6,5.34,148899984.0,817994862.0,11:20:51
sz000061,农 产 品,10.38,0.06,0.581,10.37,10.38,10.32,10.31,10.38,10.1,19800080.0,202440968.0,11:20:51
sz000062,深圳华强,27.15,-0.05,-0.184,27.15,27.16,27.2,27.2,27.34,26.8,5592608.0,151499083.0,11:20:51
sz000063,中兴通讯,39.41,0.12,0.305,39.4,39.41,39.29,39.76,39.97,39.31,42738426.0,1694504754.0,11:20:51
sz000065,北方国际,11.9,0.48,4.203,11.89,11.9,11.42,11.65,11.96,11.65,32927302.0,388406855.0,11:20:51
sz000066,中国长城,15.57,-0.3,-1.89,15.56,15.57,15.87,15.97,16.02,15.5,29957623.0,469960878.0,11:20:51
sz000068,华控赛格,3.76,-0.01,-0.265,3.76,3.77,3.77,3.8,3.82,3.72,9643160.0,36280549.0,11:20:51
sz000069,华侨城Ａ,2.66,0.03,1.141,2.65,2.66,2.63,2.65,2.68,2.58,63035899.0,164921347.0,11:20:51
sz000070,特发信息,9.2,0.0,0.0,9.19,9.2,9.2,9.39,9.5,9.17,8616720.0,80155396.0,11:20:51
sz000078,海王生物,2.6,0.0,0.0,2.59,2.6,2.6,2.6,2.62,2.57,13236850.0,34350874.0,11:20:51
sz000088,盐 田 港,4.59,0.02,0.438,4.58,4.59,4.57,4.57,4.59,4.55,10695211.0,48890231.0,11:20:51
sz000089,深圳机场,7.15,0.02,0.281,7.14,7.15,7.13,7.17,7.18,7.11,4268100.0,30458313.0,11:20:48
sz000090,天健集团,4.29,0.02,0.468,4.29,4.3,4.27,4.29,4.33,4.17,64385220.0,273349520.0,11:20:51
sz000096,广聚能源,11.57,-0.22,-1.866,11.57,11.58,11.79,11.77,11.77,11.44,5383800.0,62433079.0,11:20:51
sz000099,中信海直,20.59,-0.14,-0.675,20.58,20.59,20.73,20.73,20.78,20.51,3376801.0,69638153.0,11:20:48
sz000100,TCL科技,4.2,0.01,0.239,4.19,4.2,4.19,4.2,4.23,4.18,115419430.0,484984094.0,11:20:51
sz000151,中成股份,12.76,0.1,0.79,12.75,12.76,12.66,12.75,12.78,12.58,1992165.0,25253781.0,11:20:48
sz000153,丰原药业,6.83,0.01,0.147,6.82,6.83,6.82,6.89,6.9,6.75,4087140.0,27861845.0,11:20:51
sz000155,川能动力,14.29,0.41,2.954,14.28,14.29,13.88,13.88,14.44,13.67,96314232.0,1360542011.0,11:20:51
sz000156,华数传媒,7.92,-0.12,-1.493,7.91,7.92,8.04,8.08,8.08,7.87,8613800.0,68418326.0,11:20:42
sz000157,中联重科,8.06,0.01,0.124,8.05,8.06,8.05,8.06,8.08,8.02,13031318.0,104920474.0,11:20:51
sz000158,常山北明,24.48,0.71,2.987,24.48,24.49,23.77,23.8,24.85,23.54,70496881.0,1708277433.0,11:20:51
sz000159,国际实业,6.45,-0.04,-0.616,6.44,6.45,6.49,6.57,6.58,6.4,11342440.0,73312382.0,11:20:51
sz000166,申万宏源,5.44,0.12,2.256,5.43,5.44,5.32,5.48,5.54,5.42,128969268.0,705784939.0,11:20:51
sz000301,东方盛虹,10.15,0.0,0.0,10.14,10.15,10.15,10.11,10.3,10.07,11199613.0,114294243.0,11:20:51
sz000333,美的集团,78.51,1.11,1.434,78.51,78.52,77.4,77.5,78.77,77.03,14764972.0,1154768004.0,11:20:51
sz000338,潍柴动力,17.4,0.2,1.163,17.39,17.4,17.2,17.71,17.82,17.27,46905077.0,820966252.0,11:20:51
sz000400,许继电气,26.95,-0.03,-0.111,26.94,26.95,26.98,27.22,27.42,26.83,15837281.0,429309862.0,11:20:51
sz000401,金隅冀东,4.81,0.03,0.628,4.81,4.82,4.78,4.8,4.82,4.77,5809965.0,27845901.0,11:20:51
sz000402,金 融 街,3.06,0.04,1.325,3.06,3.07,3.02,3.03,3.07,2.98,34621825.0,104319725.0,11:20:51
sz000403,派林生物,15.94,-0.1,-0.623,15.93,15.94,16.04,16.08,16.09,15.89,2389410.0,38142470.0,11:20:45
sz000404,长虹华意,6.94,0.01,0.144,6.94,6.95,6.93,6.94,6.96,6.92,4638925.0,32175232.0,11:20:51
sz000407,胜利股份,5.43,-0.6,-9.95,0.0,5.43,6.03,5.45,5.61,5.43,78560900.0,428826369.0,11:20:51
sz000408,藏格矿业,63.04,2.2,3.616,63.02,63.04,60.84,61.19,64.0,61.0,17348056.0,1090084993.0,11:20:51
sz000409,云鼎科技,12.12,-0.05,-0.411,12.11,12.12,12.17,12.1,12.2,11.96,14236821.0,171831461.0,11:20:48
sz000410,沈阳机床,7.87,-0.13,-1.625,7.86,7.87,8.0,8.02,8.06,7.82,26869352.0,212455227.0,11:20:51
sz000411,英特集团,11.52,-0.03,-0.26,11.51,11.52,11.55,11.61,11.66,11.37,2634536.0,30298743.0,11:20:51
sz000415,渤海租赁,3.61,0.01,0.278,3.6,3.61,3.6,3.61,3.63,3.57,28232600.0,101379429.0,11:20:51
sz000417,合百集团,7.88,0.72,10.056,7.88,0.0,7.16,7.09,7.88,6.91,80203274.0,605390322.0,11:20:51
sz000419,通程控股,6.35,-0.04,-0.626,6.34,6.35,6.39,6.37,6.4,6.21,5548760.0,34902661.0,11:20:51
sz000420,吉林化纤,4.04,-0.01,-0.247,4.04,4.05,4.05,4.05,4.07,4.02,16027676.0,64754367.0,11:20:51
sz000421,南京公用,7.44,0.15,2.058,7.44,7.45,7.29,7.33,7.62,7.28,23785300.0,177773395.0,11:20:51
sz000422,湖北宜化,16.37,0.39,2.441,16.36,16.37,15.98,15.98,17.07,15.68,67409453.0,1116411982.0,11:20:51
sz000423,东阿阿胶,48.42,0.11,0.228,48.41,48.43,48.31,48.35,48.47,48.18,1760325.0,85015118.0,11:20:51
sz000425,徐工机械,10.37,0.22,2.167,10.36,10.37,10.15,10.17,10.38,10.14,30917684.0,318132895.0,11:20:51
sz000426,兴业银锡,31.77,-0.01,-0.031,31.77,31.78,31.78,31.78,32.67,31.65,34935164.0,1123520021.0,11:20:51
sz000428,华天酒店,3.46,-0.02,-0.575,3.45,3.46,3.48,3.48,3.5,3.39,9540985.0,32793576.0,11:20:51
sz000429,粤高速Ａ,12.27,0.05,0.409,12.27,12.28,12.22,12.22,12.28,12.12,4290081.0,52343111.0,11:20:51
sz000430,*ST张股,8.16,-0.23,-2.741,8.16,8.17,8.39,8.35,8.46,7.99,15346484.0,125043460.0,11:20:30
sz000488,ST晨鸣,2.14,-0.01,-0.465,2.13,2.14,2.15,2.15,2.17,2.13,13726500.0,29463304.0,11:20:51
sz000498,山东路桥,6.17,0.04,0.653,6.16,6.17,6.13,6.15,6.17,6.13,7070100.0,43471769.0,11:20:51
sz000501,武商集团,9.77,-0.1,-1.013,9.77,9.78,9.87,9.86,9.93,9.68,7232700.0,70436991.0,11:20:51
sz000503,国新健康,9.85,-0.06,-0.605,9.85,9.86,9.91,9.92,9.96,9.79,5526200.0,54480638.0,11:20:45
sz000504,*ST生物,9.67,-0.01,-0.103,9.66,9.67,9.68,9.66,9.77,9.59,1251600.0,12100621.0,11:20:51
sz000505,京粮控股,7.94,0.72,9.972,7.94,0.0,7.22,7.18,7.94,7.08,50177758.0,383263588.0,11:20:51
sz000506,招金黄金,12.07,-0.39,-3.13,12.07,12.08,12.46,12.37,12.37,12.0,14696600.0,179229397.0,11:20:51
sz000507,珠海港,5.54,0.06,1.095,5.53,5.54,5.48,5.5,5.54,5.48,5906300.0,32518351.0,11:20:51
sz000509,华塑控股,3.75,0.04,1.078,3.75,3.76,3.71,3.74,3.77,3.67,14785200.0,54981328.0,11:20:51
sz000510,新金路,7.01,0.09,1.301,7.01,7.02,6.92,7.02,7.11,6.86,28321200.0,197956632.0,11:20:51
sz000513,丽珠集团,36.07,0.06,0.167,36.06,36.07,36.01,36.1,36.19,35.92,1854400.0,66854631.0,11:20:51
sz000514,渝 开 发,5.48,0.03,0.55,5.48,5.49,5.45,5.45,5.5,5.32,23054321.0,124499165.0,11:20:51
sz000516,国际医学,4.82,-0.03,-0.619,4.82,4.83,4.85,4.86,4.87,4.79,7366100.0,35520005.0,11:20:51
sz000517,荣安地产,2.06,0.0,0.0,2.06,2.07,2.06,2.06,2.07,2.0,32349600.0,65663767.0,11:20:51
sz000518,*ST四环,2.55,-0.08,-3.042,2.55,2.56,2.63,2.62,2.63,2.52,11077220.0,28517451.0,11:20:39
sz000519,中兵红箭,18.48,-0.26,-1.387,18.48,18.49,18.74,18.47,18.66,18.37,20044291.0,370959971.0,11:20:51
sz000520,凤凰航运,4.67,-0.07,-1.477,4.67,4.68,4.74,4.73,4.76,4.63,11346460.0,53151588.0,11:20:51
sz000521,长虹美菱,6.85,-0.03,-0.436,6.85,6.86,6.88,6.89,6.9,6.84,4596095.0,31563456.0,11:20:51
sz000523,红棉股份,3.33,-0.02,-0.597,3.33,3.34,3.35,3.35,3.36,3.28,10288253.0,34090800.0,11:20:51
sz000524,岭南控股,12.07,-0.17,-1.389,12.06,12.07,12.24,12.29,12.29,11.97,6843374.0,82542460.0,11:20:51
sz000525,红太阳,6.09,-0.02,-0.327,6.08,6.09,6.11,6.1,6.14,6.05,5905730.0,35934884.0,11:20:45
sz000526,学大教育,37.91,-1.88,-4.725,37.91,37.92,39.79,39.79,39.98,37.56,3026256.0,116499406.0,11:20:51
sz000528,柳 工,11.05,0.1,0.913,11.04,11.05,10.95,10.97,11.08,10.96,10160065.0,111924387.0,11:20:51
sz000529,广弘控股,6.18,-0.12,-1.905,6.18,6.19,6.3,6.26,6.29,6.09,5399300.0,33315099.0,11:20:51
sz000530,冰山冷热,6.54,-0.16,-2.388,6.53,6.54,6.7,6.7,6.72,6.47,19838800.0,130174115.0,11:20:51
sz000531,穗恒运Ａ,6.87,0.07,1.029,6.87,6.88,6.8,6.83,6.89,6.81,4099280.0,28073792.0,11:20:48
sz000532,华金资本,14.24,0.1,0.707,14.23,14.24,14.14,14.3,14.34,14.14,2035284.0,28997602.0,11:20:48
sz000533,顺钠股份,8.52,-0.13,-1.503,8.52,8.53,8.65,8.78,8.84,8.44,35230232.0,301470801.0,11:20:51
sz000534,万泽股份,20.16,-0.18,-0.885,20.16,20.17,20.34,20.34,20.74,20.02,8364300.0,170489877.0,11:20:51
sz000536,华映科技,5.62,0.51,9.98,5.62,0.0,5.11,5.21,5.62,5.1,203891414.0,1103407258.0,11:20:51
sz000537,中绿电,8.66,0.03,0.348,8.66,8.67,8.63,8.65,8.68,8.6,6782401.0,58585830.0,11:20:51
sz000538,云南白药,56.44,0.04,0.071,56.43,56.44,56.4,56.36,56.5,56.33,2469163.0,139253493.0,11:20:51
sz000539,粤电力Ａ,4.8,0.0,0.0,4.79,4.8,4.8,4.81,4.82,4.77,9232741.0,44221578.0,11:20:48
sz000541,佛山照明,6.34,0.02,0.316,6.33,6.34,6.32,6.33,6.37,6.3,3827777.0,24239214.0,11:20:51
sz000543,皖能电力,8.01,0.07,0.882,8.0,8.01,7.94,7.96,8.01,7.94,14136956.0,112875205.0,11:20:51
sz000544,中原环保,8.82,0.05,0.57,8.81,8.82,8.77,8.79,8.84,8.78,1758500.0,15484482.0,11:20:39
sz000545,金浦钛业,3.09,-0.01,-0.323,3.08,3.09,3.1,3.15,3.15,3.04,19896256.0,61546632.0,11:20:51
sz000546,金圆股份,7.94,0.34,4.474,7.93,7.94,7.6,8.36,8.36,7.42,207946177.0,1678733533.0,11:20:51
sz000547,航天发展,12.84,0.31,2.474,12.84,12.87,12.53,13.78,13.78,11.8,464051022.0,5934733714.0,11:20:51
sz000548,湖南投资,5.85,0.05,0.862,5.85,5.86,5.8,5.82,5.86,5.74,5578700.0,32303633.0,11:20:48
sz000550,江铃汽车,19.18,-0.09,-0.467,19.17,19.19,19.27,19.35,19.35,19.15,1305352.0,25089873.0,11:20:51
sz000551,创元科技,11.07,-0.01,-0.09,11.06,11.07,11.08,11.19,11.2,11.02,3178100.0,35249316.0,11:20:51
sz000552,甘肃能化,2.63,-0.02,-0.755,2.62,2.63,2.65,2.65,2.66,2.62,21973700.0,57905007.0,11:20:51
sz000553,安道麦A,6.44,-0.03,-0.464,6.44,6.45,6.47,6.51,6.55,6.41,2993700.0,19428429.0,11:20:51
sz000554,泰山石油,7.09,-0.11,-1.528,7.09,7.1,7.2,7.13,7.17,7.01,11993503.0,85129936.0,11:20:51
sz000555,神州信息,18.88,0.72,3.965,18.88,18.9,18.16,18.44,19.71,18.26,80867853.0,1529087262.0,11:20:51
sz000557,西部创业,5.19,0.02,0.387,5.18,5.19,5.17,5.19,5.2,5.15,4282100.0,22162336.0,11:20:48
sz000558,天府文旅,5.56,-0.16,-2.797,5.55,5.56,5.72,5.66,5.69,5.48,51481424.0,286279496.0,11:20:51
sz000559,万向钱潮,11.68,-0.18,-1.518,11.67,11.68,11.86,11.87,11.97,11.61,51120713.0,600854109.0,11:20:51
sz000560,我爱我家,3.18,0.29,10.035,3.18,0.0,2.89,2.89,3.18,2.85,227405876.0,700201714.0,11:20:51
sz000561,烽火电子,10.8,-0.18,-1.639,10.8,10.82,10.98,10.9,10.96,10.74,7507446.0,81364833.0,11:20:45
sz000563,陕国投Ａ,3.58,0.01,0.28,3.58,3.59,3.57,3.6,3.61,3.56,23882500.0,85638874.0,11:20:51
sz000564,供销大集,2.62,-0.01,-0.38,2.61,2.62,2.63,2.63,2.64,2.58,168715469.0,439152606.0,11:20:51
sz000565,渝三峡Ａ,7.7,-0.02,-0.259,7.7,7.71,7.72,7.73,7.83,7.63,6837599.0,52818156.0,11:20:51
sz000566,海南海药,7.92,0.72,10.0,7.92,0.0,7.2,6.96,7.92,6.9,209649471.0,1562395053.0,11:20:51
sz000567,海德股份,7.66,0.22,2.957,7.64,7.65,7.44,7.42,7.69,7.38,18662520.0,139975809.0,11:20:51
sz000568,泸州老窖,138.16,1.02,0.744,138.16,138.18,137.14,137.43,138.29,136.56,2526806.0,346770575.0,11:20:51
sz000570,苏常柴Ａ,6.02,0.01,0.166,6.01,6.02,6.01,6.06,6.1,5.95,8822400.0,53210987.0,11:20:45
sz000571,新大洲A,5.74,0.03,0.525,5.73,5.74,5.71,5.71,5.78,5.56,18005800.0,101403491.0,11:20:51
sz000572,海马汽车,10.67,0.32,3.092,10.67,10.69,10.35,9.8,10.73,9.72,278524393.0,2840073981.0,11:20:51
sz000573,粤宏远Ａ,4.48,0.02,0.448,4.48,4.49,4.46,4.5,4.52,4.37,9163500.0,40715484.0,11:20:51
sz000576,甘化科工,10.12,-0.1,-0.978,10.11,10.12,10.22,10.19,10.22,10.08,3626700.0,36778474.0,11:20:48
sz000581,威孚高科,21.11,-0.09,-0.425,21.1,21.11,21.2,21.19,21.28,21.05,3511583.0,74290835.0,11:20:51
sz000582,北部湾港,8.87,0.03,0.339,8.87,8.88,8.84,8.85,8.88,8.81,6615009.0,58488528.0,11:20:51
sz000586,汇源通信,12.79,-0.9,-6.574,12.78,12.79,13.69,12.99,13.39,12.62,16227500.0,208988833.0,11:20:51
sz000589,贵州轮胎,5.0,-0.01,-0.2,5.0,5.01,5.01,5.03,5.04,4.99,9883420.0,49545124.0,11:20:51
sz000590,启迪药业,11.62,-0.04,-0.343,11.61,11.62,11.66,11.66,11.8,11.5,1808651.0,21009529.0,11:20:42
sz000591,太阳能,4.69,-0.01,-0.213,4.68,4.69,4.7,4.71,4.72,4.67,23272265.0,109269596.0,11:20:51
sz000592,平潭发展,0.0,0.0,0.0,0.0,0.0,11.97,0.0,0.0,0.0,0.0,0.0,11:20:09
sz000593,德龙汇能,11.18,0.83,8.019,11.18,11.19,10.35,10.25,11.24,10.21,33802072.0,370051318.0,11:20:51
sz000595,*ST宝实,5.67,-0.3,-5.025,0.0,5.67,5.97,5.95,5.96,5.67,17669900.0,101243568.0,11:20:51
sz000596,古井贡酒,162.94,2.39,1.489,162.88,162.94,160.55,160.35,163.41,159.2,689900.0,111170193.0,11:20:51
sz000597,东北制药,5.62,-0.01,-0.178,5.62,5.63,5.63,5.63,5.67,5.57,5753179.0,32328461.0,11:20:51
sz000598,兴蓉环境,7.1,0.05,0.709,7.09,7.1,7.05,7.06,7.1,7.05,5926400.0,41928731.0,11:20:51
sz000599,青岛双星,6.73,-0.15,-2.18,6.73,6.74,6.88,6.87,6.99,6.7,17265084.0,117546772.0,11:20:51
sz000600,建投能源,8.29,0.03,0.363,8.29,8.3,8.26,8.3,8.39,8.27,7648202.0,63678279.0,11:20:51
sz000601,韶能股份,5.12,0.03,0.589,5.11,5.12,5.09,5.09,5.12,5.08,5437200.0,27718920.0,11:20:51
sz000603,盛达资源,23.89,-0.38,-1.566,23.88,23.89,24.27,23.92,24.29,23.7,11586628.0,278279168.0,11:20:51
sz000605,渤海股份,7.49,0.04,0.537,7.49,7.5,7.45,7.45,7.53,7.39,2900140.0,21649947.0,11:20:51
sz000607,华媒控股,4.52,0.01,0.222,4.52,4.53,4.51,4.52,4.57,4.47,8958100.0,40469222.0,11:20:48
sz000608,*ST阳光,2.64,-0.14,-5.036,0.0,2.64,2.78,2.72,2.72,2.64,15306900.0,40681632.0,11:20:06
sz000609,ST中迪,12.4,0.59,4.996,12.4,0.0,11.81,12.4,12.4,11.91,23854944.0,295651483.0,11:20:51
sz000610,西安旅游,12.51,-0.19,-1.496,12.51,12.52,12.7,12.64,12.64,12.39,5048100.0,63003488.0,11:20:51
sz000612,焦作万方,10.15,-0.08,-0.782,10.15,10.16,10.23,10.26,10.41,10.13,24382202.0,251083836.0,11:20:51
sz000615,*ST美谷,4.02,-0.12,-2.899,4.02,4.03,4.14,4.17,4.25,3.94,19292080.0,79159614.0,11:20:51
sz000617,中油资本,9.3,0.03,0.324,9.29,9.3,9.27,9.36,9.45,9.27,33107454.0,309290172.0,11:20:51
sz000619,海螺新材,6.59,0.06,0.919,6.58,6.59,6.53,6.53,6.66,6.49,13309200.0,87628118.0,11:20:51
sz000620,盈新发展,3.31,-0.29,-8.056,3.31,3.32,3.6,3.56,3.59,3.25,364172665.0,1224725159.0,11:20:51
sz000623,吉林敖东,20.17,0.06,0.298,20.16,20.17,20.11,20.46,20.88,20.13,8187652.0,166769692.0,11:20:51
sz000625,长安汽车,12.05,-0.03,-0.248,12.05,12.06,12.08,12.07,12.1,12.03,21215140.0,255751650.0,11:20:51
sz000626,远大控股,8.12,-0.07,-0.855,8.12,8.13,8.19,8.35,8.35,8.0,8772900.0,71226357.0,11:20:51
sz000628,高新发展,44.7,0.1,0.224,44.69,44.7,44.6,45.0,45.16,44.44,2938796.0,131447425.0,11:20:51
sz000629,钒钛股份,3.22,0.03,0.94,3.21,3.22,3.19,3.2,3.29,3.18,92371846.0,298213215.0,11:20:51
sz000630,铜陵有色,5.07,-0.05,-0.977,5.07,5.08,5.12,5.12,5.19,5.06,113762293.0,584207190.0,11:20:51
sz000631,顺发恒能,3.47,0.01,0.289,3.46,3.47,3.46,3.46,3.48,3.39,19143100.0,65778461.0,11:20:51
sz000632,三木集团,7.5,0.41,5.783,7.5,7.51,7.09,6.8,7.68,6.61,192307676.0,1350263675.0,11:20:51
sz000633,合金投资,8.09,-0.46,-5.38,8.09,8.1,8.55,8.2,8.36,7.7,49052965.0,391784979.0,11:20:51
sz000635,英 力 特,9.55,-0.74,-7.191,9.55,9.56,10.29,10.4,10.6,9.44,30283890.0,295579312.0,11:20:51
sz000636,风华高科,17.21,0.32,1.895,17.22,17.23,16.89,17.22,17.85,17.16,53992378.0,945530816.0,11:20:51
sz000637,茂化实华,4.89,-0.09,-1.807,4.88,4.89,4.98,4.98,5.0,4.82,7342500.0,35893324.0,11:20:51
sz000638,*ST万方,5.54,-0.16,-2.807,5.53,5.54,5.7,5.62,5.75,5.48,15742300.0,88346624.0,11:20:51
sz000639,西王食品,3.43,-0.07,-2.0,3.43,3.44,3.5,3.55,3.58,3.37,61405232.0,211676081.0,11:20:51
sz000650,仁和药业,6.05,0.02,0.332,6.04,6.05,6.03,6.04,6.07,6.02,7006919.0,42359534.0,11:20:51
sz000651,格力电器,40.48,0.32,0.797,40.48,40.49,40.16,40.18,40.56,40.06,17734422.0,716176592.0,11:20:51
sz000652,泰达股份,4.32,0.04,0.935,4.31,4.32,4.28,4.34,4.36,4.25,8370800.0,35992528.0,11:20:51
sz000655,金岭矿业,9.94,0.15,1.532,9.93,9.94,9.79,9.78,10.11,9.78,8099150.0,80719266.0,11:20:45
sz000656,*ST金科,1.48,0.0,0.0,1.48,1.49,1.48,1.48,1.5,1.46,74679280.0,110156557.0,11:20:51
sz000657,中钨高新,22.53,0.27,1.213,22.52,22.53,22.26,22.6,23.2,22.45,46703066.0,1066260648.0,11:20:51
sz000659,珠海中富,2.85,-0.01,-0.35,2.85,2.86,2.86,2.88,2.89,2.82,12893600.0,36668533.0,11:20:51
sz000661,长春高新,101.8,-0.52,-0.508,101.79,101.8,102.32,102.31,102.93,101.63,2412011.0,246734567.0,11:20:51
sz000663,永安林业,9.8,0.89,9.989,9.8,0.0,8.91,8.67,9.8,8.15,59165644.0,515208437.0,11:20:51
sz000665,湖北广电,6.15,-0.07,-1.125,6.14,6.15,6.22,6.34,6.36,6.07,39152341.0,241537385.0,11:20:51
sz000668,*ST荣控,11.52,-0.11,-0.946,11.49,11.52,11.63,11.75,11.8,11.3,3553102.0,41076205.0,11:20:51
sz000669,ST金鸿,3.03,-0.03,-0.98,3.03,3.04,3.06,3.06,3.07,3.02,4338400.0,13182914.0,11:20:33
sz000670,盈方微,7.83,-0.09,-1.136,7.83,7.84,7.92,7.96,8.0,7.81,8305700.0,65455115.0,11:20:48
sz000672,上峰水泥,10.74,0.16,1.512,10.72,10.74,10.58,10.56,10.81,10.53,7662804.0,81965043.0,11:20:51
sz000676,智度股份,8.92,-0.13,-1.436,8.91,8.92,9.05,9.05,9.1,8.82,22583385.0,201734817.0,11:20:51
sz000677,恒天海龙,4.52,-0.01,-0.221,4.51,4.52,4.53,4.53,4.56,4.47,4914284.0,22170486.0,11:20:51
sz000678,襄阳轴承,12.17,-0.29,-2.327,12.16,12.17,12.46,12.44,12.5,12.15,6284963.0,77152038.0,11:20:51
sz000679,大连友谊,8.36,-0.09,-1.065,8.35,8.36,8.45,8.48,8.5,8.21,4516300.0,37504621.0,11:20:51
sz000680,山推股份,10.24,0.01,0.098,10.23,10.24,10.23,10.22,10.32,10.2,4844400.0,49673405.0,11:20:51
sz000681,视觉中国,23.25,-0.25,-1.064,23.24,23.25,23.5,23.74,23.89,23.13,42980275.0,1006507496.0,11:20:51
sz000682,东方电子,11.77,-0.14,-1.175,11.77,11.78,11.91,11.97,12.03,11.75,9030300.0,107331885.0,11:20:51
sz000683,博源化工,7.41,-0.12,-1.594,7.4,7.41,7.53,7.52,7.63,7.33,38050330.0,284752446.0,11:20:51
sz000685,中山公用,11.96,0.12,1.014,11.96,11.97,11.84,11.92,12.16,11.88,14273377.0,171826358.0,11:20:51
sz000686,东北证券,9.92,-0.51,-4.89,9.91,9.92,10.43,10.9,11.03,9.82,147923677.0,1522698011.0,11:20:51
sz000688,国城矿业,30.21,1.97,6.976,30.2,30.21,28.24,27.96,31.04,27.48,43978499.0,1311958624.0,11:20:51
sz000690,宝新能源,4.53,0.01,0.221,4.53,4.54,4.52,4.55,4.55,4.52,12520720.0,56738069.0,11:20:48
sz000691,*ST亚太,8.8,-0.23,-2.547,8.8,8.81,9.03,9.23,9.39,8.62,14154086.0,126882957.0,11:20:48
sz000692,惠天热电,3.93,0.05,1.289,3.93,3.94,3.88,3.91,3.98,3.85,14872700.0,58212601.0,11:20:51
sz000695,滨海能源,18.53,1.38,8.047,18.51,18.53,17.15,17.96,18.87,17.96,25209509.0,472558857.0,11:20:51
sz000697,*ST炼石,8.32,0.04,0.483,8.31,8.32,8.28,8.3,8.34,8.24,1596300.0,13202239.0,11:20:48
sz000698,ST沈化,3.82,-0.05,-1.292,3.81,3.82,3.87,3.89,3.9,3.78,9664300.0,36978363.0,11:20:48
sz000700,模塑科技,9.53,-0.31,-3.15,9.53,9.54,9.84,9.84,9.91,9.51,18997706.0,183032746.0,11:20:51
sz000701,厦门信达,6.57,0.08,1.233,6.56,6.57,6.49,6.58,6.73,6.38,22059200.0,143558344.0,11:20:51
sz000702,正虹科技,7.41,-0.07,-0.936,7.41,7.42,7.48,7.49,7.53,7.27,5088100.0,37591469.0,11:20:51
sz000703,恒逸石化,7.4,-0.09,-1.202,7.39,7.4,7.49,7.44,7.6,7.38,14445359.0,108076755.0,11:20:51
sz000705,浙江震元,9.84,0.09,0.923,9.84,9.85,9.75,9.77,9.93,9.61,8169321.0,79974155.0,11:20:51
sz000707,双环科技,6.77,0.06,0.894,6.75,6.76,6.71,6.79,6.85,6.7,5067600.0,34381145.0,11:21:00
sz000708,中信特钢,15.11,0.08,0.532,15.11,15.12,15.03,15.0,15.27,14.9,9566900.0,144977632.0,11:20:57
sz000709,河钢股份,2.45,0.03,1.24,2.44,2.45,2.42,2.43,2.45,2.42,39513462.0,96336136.0,11:21:00
sz000710,贝瑞基因,12.9,-1.06,-7.593,12.9,12.91,13.96,13.7,13.73,12.58,23330272.0,307492773.0,11:21:00
sz000711,ST京蓝,1.76,-0.01,-0.565,1.76,1.77,1.77,1.77,1.78,1.75,32092605.0,56579816.0,11:21:00
sz000712,锦龙股份,13.71,-0.14,-1.011,13.71,13.72,13.85,14.1,14.17,13.7,16134732.0,224783168.0,11:21:00
sz000713,国投丰乐,7.06,0.0,0.0,7.06,7.07,7.06,7.06,7.07,6.97,5397968.0,37881686.0,11:21:00
sz000715,中兴商业,6.18,-0.15,-2.37,6.18,6.19,6.33,6.28,6.38,6.05,15584642.0,96068314.0,11:21:00
sz000716,黑芝麻,6.32,-0.12,-1.863,6.32,6.33,6.44,6.46,6.47,6.25,14969394.0,94826144.0,11:21:00
sz000717,中南股份,2.7,0.01,0.372,2.69,2.7,2.69,2.7,2.72,2.67,22498200.0,60611061.0,11:21:00
sz000718,苏宁环球,2.62,0.01,0.383,2.61,2.62,2.61,2.63,2.63,2.53,48956795.0,125762468.0,11:21:00
sz000719,中原传媒,11.95,0.03,0.252,11.94,11.95,11.92,11.89,11.98,11.89,2291200.0,27349054.0,11:20:48
sz000720,新能泰山,3.58,0.0,0.0,3.57,3.58,3.58,3.59,3.59,3.5,11133604.0,39487625.0,11:21:00
sz000721,西安饮食,8.89,-0.16,-1.768,8.88,8.9,9.05,9.03,9.04,8.77,11703584.0,103701357.0,11:21:00
sz000722,湖南发展,13.27,0.08,0.607,13.26,13.27,13.19,13.18,13.34,13.18,3608918.0,47796960.0,11:21:00
sz000723,美锦能源,5.44,-0.07,-1.27,5.43,5.44,5.51,5.52,5.52,5.36,74811702.0,406776002.0,11:21:00
sz000725,京东方Ａ,3.92,0.0,0.0,3.92,3.93,3.92,3.92,3.94,3.9,212435757.0,832835090.0,11:21:00
sz000726,鲁 泰Ａ,7.31,-0.05,-0.679,7.3,7.31,7.36,7.36,7.38,7.24,5243700.0,38308692.0,11:21:00
sz000727,冠捷科技,2.67,0.01,0.376,2.67,2.68,2.66,2.66,2.7,2.65,33480400.0,89340919.0,11:21:00
sz000728,国元证券,8.47,0.05,0.594,8.46,8.47,8.42,8.59,8.63,8.45,26573196.0,226566344.0,11:21:00
sz000729,燕京啤酒,12.14,-0.02,-0.164,12.13,12.14,12.16,12.17,12.22,12.07,3741772.0,45337864.0,11:20:57
sz000731,四川美丰,7.02,-0.01,-0.142,7.0,7.02,7.03,7.04,7.05,6.96,2971400.0,20831726.0,11:21:00
sz000733,振华科技,47.77,-0.42,-0.872,47.76,47.77,48.19,48.21,48.4,47.57,5805915.0,278345159.0,11:21:00
sz000735,罗 牛 山,8.48,0.37,4.562,8.47,8.48,8.11,8.13,8.58,8.05,43141582.0,355631730.0,11:21:00
sz000736,*ST中地,5.74,-0.09,-1.544,5.74,5.75,5.83,5.8,5.81,5.66,10589500.0,60638550.0,11:20:57
sz000737,北方铜业,14.05,-0.13,-0.917,14.04,14.05,14.18,14.2,14.3,14.0,17905757.0,253640257.0,11:21:00
sz000738,航发控制,18.97,-0.18,-0.94,18.96,18.97,19.15,19.15,19.15,18.92,3987100.0,75765597.0,11:21:00
sz000739,普洛药业,15.63,0.34,2.224,15.62,15.63,15.29,15.51,15.86,15.51,6323300.0,99178260.0,11:21:00
sz000750,国海证券,4.38,0.02,0.459,4.38,4.39,4.36,4.45,4.47,4.37,44517333.0,196426113.0,11:21:00
sz000751,锌业股份,4.22,-0.08,-1.86,4.21,4.22,4.3,4.3,4.38,4.18,91316834.0,389685239.0,11:21:00
sz000752,ST西发,12.26,-0.21,-1.684,12.26,12.28,12.47,12.45,12.52,12.13,2842800.0,34825868.0,11:20:45
sz000753,漳州发展,8.68,0.07,0.813,8.67,8.68,8.61,8.71,8.84,8.4,51754590.0,445816259.0,11:21:00
sz000755,山西高速,5.56,0.01,0.18,5.55,5.56,5.55,5.51,5.6,5.51,5038874.0,28007778.0,11:21:00
sz000756,新华制药,16.52,0.01,0.061,16.52,16.53,16.51,16.53,16.7,16.4,5131495.0,84931960.0,11:21:00
sz000757,浩物股份,5.19,0.01,0.193,5.18,5.19,5.18,5.2,5.27,5.14,5801400.0,30134171.0,11:21:00
sz000758,中色股份,6.3,0.06,0.962,6.29,6.3,6.24,6.25,6.38,6.23,29072974.0,183817918.0,11:21:00
sz000759,中百集团,7.69,-0.24,-3.026,7.69,7.7,7.93,7.94,7.96,7.52,49082000.0,375329433.0,11:21:00
sz000761,本钢板材,3.51,0.01,0.286,3.51,3.52,3.5,3.52,3.54,3.48,6766500.0,23753475.0,11:20:54
sz000762,西藏矿业,31.77,0.95,3.082,31.77,31.78,30.82,31.0,32.59,30.52,45045228.0,1432360367.0,11:21:00
sz000766,通化金马,28.91,0.16,0.557,28.9,28.91,28.75,28.95,28.96,28.62,5809265.0,167341319.0,11:20:57
sz000767,晋控电力,2.97,0.0,0.0,2.96,2.97,2.97,2.98,2.99,2.93,17716700.0,52399546.0,11:20:57
sz000768,中航西飞,24.9,-0.2,-0.797,24.89,24.9,25.1,25.0,25.06,24.8,8553134.0,212908872.0,11:21:00
sz000776,广发证券,22.48,-0.28,-1.23,22.48,22.49,22.76,23.29,23.35,22.42,38214000.0,870501838.0,11:21:00
sz000777,中核科技,21.34,-0.26,-1.204,21.33,21.34,21.6,21.75,21.8,21.28,7234232.0,155595804.0,11:21:00
sz000778,新兴铸管,4.17,0.03,0.725,4.16,4.17,4.14,4.15,4.19,4.14,24585600.0,102344213.0,11:21:00
sz000779,甘咨询,8.95,0.03,0.336,8.94,8.95,8.92,8.92,8.95,8.87,2240900.0,19954928.0,11:20:54
sz000782,恒申新材,5.51,-0.01,-0.181,5.5,5.51,5.52,5.58,5.61,5.47,5486100.0,30336989.0,11:21:00
sz000783,长江证券,8.62,-0.03,-0.347,8.61,8.62,8.65,8.81,8.86,8.58,51859967.0,451281418.0,11:21:00
sz000785,居然智家,2.9,-0.02,-0.685,2.89,2.9,2.92,2.92,2.93,2.86,37747322.0,108798233.0,11:21:00
sz000786,北新建材,24.84,0.93,3.89,24.83,24.84,23.91,24.0,24.85,23.93,10312637.0,250867293.0,11:21:00
sz000788,北大医药,6.27,-0.14,-2.184,6.26,6.27,6.41,6.41,6.43,6.16,20729038.0,130013962.0,11:21:00
sz000789,万年青,5.7,0.04,0.707,5.69,5.7,5.66,5.68,5.7,5.64,2250930.0,12773996.0,11:21:00
sz000790,华神科技,4.32,-0.02,-0.461,4.31,4.32,4.34,4.35,4.37,4.24,12769206.0,54953004.0,11:20:51
sz000791,甘肃能源,6.74,-0.02,-0.296,6.74,6.75,6.76,6.75,6.78,6.71,7171720.0,48297200.0,11:21:00
sz000792,盐湖股份,28.69,0.94,3.387,28.68,28.69,27.75,28.0,29.65,27.51,144636150.0,4174951488.0,11:21:00
sz000793,ST华闻,2.98,0.02,0.676,2.98,2.99,2.96,2.99,3.01,2.9,15684354.0,46387431.0,11:21:00
sz000795,英洛华,10.3,-0.01,-0.097,10.29,10.3,10.31,10.31,10.39,10.28,6063200.0,62694661.0,11:21:00
sz000796,凯撒旅业,7.36,0.19,2.65,7.35,7.36,7.17,7.21,7.37,7.06,89269381.0,642312683.0,11:21:00
sz000797,中国武夷,3.81,-0.24,-5.926,3.81,3.82,4.05,3.9,3.93,3.65,186768769.0,696124019.0,11:21:00
sz000798,中水渔业,13.72,1.25,10.024,13.72,0.0,12.47,13.72,13.72,13.56,38189371.0,523824962.0,11:21:00
sz000799,酒鬼酒,62.39,0.1,0.161,62.38,62.4,62.29,62.29,62.43,61.68,3378700.0,209557951.0,11:21:00
sz000800,一汽解放,7.28,0.01,0.138,7.27,7.28,7.27,7.28,7.3,7.23,10993501.0,79743748.0,11:21:00
sz000801,四川九洲,16.09,0.02,0.124,16.08,16.09,16.07,16.19,16.3,15.89,9020886.0,144928816.0,11:21:00
sz000802,北京文化,4.56,-0.04,-0.87,4.55,4.56,4.6,4.59,4.61,4.48,9760000.0,44220719.0,11:21:00
sz000803,山高环能,7.4,0.05,0.68,7.4,7.41,7.35,7.4,7.55,7.34,13452720.0,100274873.0,11:21:00
sz000807,云铝股份,24.18,0.06,0.249,24.18,24.19,24.12,24.29,24.81,24.12,24989971.0,611225861.0,11:21:00
sz000809,和展能源,3.44,-0.02,-0.578,3.44,3.45,3.46,3.49,3.52,3.4,16346300.0,56219143.0,11:21:00
sz000810,创维数字,11.97,-0.04,-0.333,11.97,11.98,12.01,12.09,12.13,11.92,5057548.0,60701069.0,11:21:00
sz000811,冰轮环境,13.91,0.03,0.216,13.9,13.91,13.88,14.03,14.08,13.84,6058110.0,84443140.0,11:20:54
sz000812,陕西金叶,4.82,-0.01,-0.207,4.81,4.82,4.83,4.83,4.87,4.74,13142496.0,62878206.0,11:21:00
sz000813,德展健康,4.31,0.01,0.233,4.3,4.31,4.3,4.32,4.36,4.27,17697500.0,76420847.0,11:21:00
sz000815,美利云,12.15,-0.04,-0.328,12.14,12.15,12.19,12.25,12.28,12.05,5267253.0,63992400.0,11:20:57
sz000816,智慧农业,3.6,0.03,0.84,3.6,3.61,3.57,3.55,3.68,3.52,52974342.0,190796295.0,11:21:00
sz000818,航锦科技,21.51,0.0,0.0,21.51,21.52,21.51,21.62,21.9,21.42,7192200.0,155886148.0,11:21:00
sz000819,岳阳兴长,18.56,-0.14,-0.749,18.54,18.55,18.7,18.79,18.94,18.45,3412862.0,63651483.0,11:21:00
sz000820,*ST节能,3.78,-0.2,-5.025,0.0,3.78,3.98,3.98,3.99,3.78,14138534.0,54121089.0,11:20:57
sz000821,京山轻机,13.33,0.04,0.301,13.32,13.33,13.29,13.33,13.43,13.19,8449300.0,112386263.0,11:21:00
sz000822,山东海化,5.97,-0.04,-0.666,5.96,5.97,6.01,6.05,6.05,5.92,7740183.0,46345000.0,11:20:54
sz000823,超声电子,12.22,0.04,0.328,12.22,12.23,12.18,12.29,12.42,12.22,5395700.0,66487647.0,11:21:00
sz000825,太钢不锈,4.14,-0.03,-0.719,4.13,4.14,4.17,4.16,4.2,4.13,20676442.0,86066044.0,11:21:00
sz000826,启迪环境,2.34,-0.01,-0.426,2.34,2.35,2.35,2.39,2.4,2.32,30692500.0,72296521.0,11:20:57
sz000828,东莞控股,11.5,0.14,1.232,11.49,11.5,11.36,11.48,11.55,11.41,2598500.0,29827054.0,11:21:00
sz000829,天音控股,10.15,0.06,0.595,10.14,10.15,10.09,10.1,10.16,10.01,5414200.0,54593774.0,11:21:00
sz000830,鲁西化工,15.15,-0.54,-3.442,15.15,15.16,15.69,15.6,15.79,14.96,29646149.0,455669397.0,11:21:00
sz000831,中国稀土,48.87,0.61,1.264,48.87,48.88,48.26,48.0,50.15,47.75,38496221.0,1900788625.0,11:21:00
sz000833,粤桂股份,22.38,0.08,0.359,22.38,22.39,22.3,22.1,23.13,21.83,39146461.0,884802912.0,11:21:00
sz000837,秦川机床,12.39,-0.01,-0.081,12.38,12.39,12.4,12.43,12.52,12.31,6208153.0,77002955.0,11:21:00
sz000838,财信发展,3.1,0.01,0.324,3.09,3.1,3.09,3.1,3.11,3.0,21932800.0,66749673.0,11:21:00
sz000839,国安股份,2.83,0.02,0.712,2.83,2.84,2.81,2.84,2.93,2.81,36190431.0,103227923.0,11:21:00
sz000848,承德露露,8.6,-0.03,-0.348,8.6,8.61,8.63,8.64,8.66,8.53,7073149.0,60756105.0,11:21:00
sz000850,华茂股份,4.79,0.08,1.699,4.79,4.8,4.71,4.75,4.81,4.71,9539700.0,45494568.0,11:21:00
sz000852,石化机械,7.25,-0.07,-0.956,7.25,7.26,7.32,7.31,7.38,7.23,15936272.0,116062930.0,11:21:00
sz000856,冀东装备,11.42,0.03,0.263,11.41,11.42,11.39,11.41,11.5,11.31,3023500.0,34445902.0,11:21:00
sz000858,五 粮 液,120.79,0.9,0.751,120.78,120.8,119.89,119.88,120.82,119.6,6362542.0,764171191.0,11:21:00
sz000859,国风新材,7.89,0.72,10.042,7.89,0.0,7.17,7.89,7.89,7.6,69587715.0,548257359.0,11:21:00
sz000860,顺鑫农业,15.72,-0.01,-0.064,15.72,15.73,15.73,15.73,15.76,15.55,4388100.0,68633398.0,11:21:00
sz000862,银星能源,5.78,0.0,0.0,5.77,5.79,5.78,5.81,5.85,5.74,4876981.0,28251576.0,11:21:00
sz000863,三湘印象,5.13,-0.06,-1.156,5.13,5.14,5.19,5.17,5.26,5.01,38550604.0,198623681.0,11:21:00
sz000868,安凯客车,5.28,0.0,0.0,5.28,5.29,5.28,5.29,5.3,5.24,4143120.0,21851030.0,11:21:00
sz000869,张 裕Ａ,21.75,-0.01,-0.046,21.73,21.75,21.76,21.88,21.88,21.65,883774.0,19176882.0,11:20:51
sz000875,吉电股份,5.78,-0.02,-0.345,5.78,5.79,5.8,5.8,5.87,5.76,21201289.0,123298071.0,11:21:00
sz000876,新 希 望,9.69,-0.05,-0.513,9.68,9.69,9.74,9.73,9.75,9.65,12877000.0,124714341.0,11:21:00
sz000877,天山股份,5.86,0.03,0.515,5.86,5.87,5.83,5.83,5.87,5.8,7780630.0,45452929.0,11:20:57
sz000878,云南铜业,17.11,0.01,0.058,17.1,17.11,17.1,17.2,17.5,17.02,31735649.0,549159108.0,11:21:00
sz000880,潍柴重机,26.47,-0.41,-1.525,26.46,26.47,26.88,27.0,27.17,26.4,6058102.0,161510076.0,11:21:00
sz000881,中广核技,8.43,-0.15,-1.748,8.43,8.44,8.58,8.4,8.57,8.32,27034400.0,228143713.0,11:21:00
sz000882,华联股份,2.09,-0.08,-3.687,2.09,2.1,2.17,2.14,2.17,2.05,293200615.0,612576322.0,11:21:00
sz000883,湖北能源,4.72,0.02,0.426,4.71,4.72,4.7,4.72,4.73,4.7,9196000.0,43307482.0,11:20:57
sz000885,城发环境,14.12,0.02,0.142,14.11,14.12,14.1,14.17,14.18,14.05,2372200.0,33504732.0,11:20:54
sz000886,海南高速,7.68,0.07,0.92,7.67,7.68,7.61,7.61,7.72,7.48,26942031.0,203902920.0,11:21:00
sz000887,中鼎股份,20.33,-0.34,-1.645,20.33,20.34,20.67,20.85,20.89,20.3,11165800.0,229416087.0,11:21:00
sz000888,峨眉山Ａ,12.85,-0.19,-1.457,12.84,12.85,13.04,12.96,13.0,12.73,6155100.0,78994375.0,11:21:00
sz000889,中嘉博创,4.05,-0.07,-1.699,4.05,4.06,4.12,4.16,4.16,4.01,13923700.0,56716789.0,11:21:00
sz000890,法尔胜,4.58,-0.03,-0.651,4.57,4.58,4.61,4.62,4.66,4.5,8511169.0,38939661.0,11:21:00
sz000892,欢瑞世纪,6.7,-0.09,-1.325,6.69,6.7,6.79,6.94,6.94,6.65,25786800.0,173988243.0,11:21:00
sz000893,亚钾国际,43.84,-0.29,-0.657,43.83,43.84,44.13,44.69,44.79,43.57,4608612.0,203566721.0,11:20:54
sz000895,双汇发展,27.45,0.05,0.182,27.45,27.46,27.4,27.5,27.5,27.2,5385734.0,147167716.0,11:21:00
sz000897,津滨发展,2.47,0.03,1.23,2.46,2.47,2.44,2.45,2.47,2.39,28311600.0,68736346.0,11:21:00
sz000898,鞍钢股份,2.7,0.04,1.504,2.7,2.71,2.66,2.67,2.72,2.66,27894160.0,75304940.0,11:21:00
sz000899,赣能股份,10.14,0.01,0.099,10.14,10.15,10.13,10.16,10.17,10.09,7090601.0,71822914.0,11:20:57
sz000900,现代投资,4.34,0.02,0.463,4.34,4.35,4.32,4.32,4.36,4.3,6273900.0,27159719.0,11:20:57
sz000901,航天科技,18.5,0.41,2.266,18.48,18.5,18.09,18.27,18.65,18.0,26873330.0,493232990.0,11:21:00
sz000902,新洋丰,16.04,0.04,0.25,16.03,16.04,16.0,15.91,16.35,15.9,8495448.0,136784808.0,11:21:00
sz000903,ST云动,2.99,-0.04,-1.32,2.98,2.99,3.03,3.04,3.05,2.97,25646800.0,77004751.0,11:21:00
sz000905,厦门港务,11.11,-0.08,-0.715,11.1,11.11,11.19,11.16,11.34,10.88,26442714.0,293391899.0,11:21:00
sz000906,浙商中拓,6.16,0.05,0.818,6.15,6.16,6.11,6.13,6.17,6.12,2470224.0,15179559.0,11:20:51
sz000908,*ST景峰,9.13,0.14,1.557,9.12,9.13,8.99,9.05,9.4,8.92,27311429.0,251647314.0,11:21:00
sz000909,ST数源,5.87,-0.05,-0.845,5.87,5.88,5.92,5.92,5.92,5.78,1494800.0,8732030.0,11:20:57
sz000910,大亚圣象,7.8,0.0,0.0,7.79,7.8,7.8,7.82,7.85,7.72,2087200.0,16222218.0,11:20:54
sz000911,广农糖业,8.05,-0.1,-1.227,8.04,8.05,8.15,8.12,8.15,7.96,3365800.0,27065021.0,11:21:00
sz000912,泸天化,4.62,-0.05,-1.071,4.62,4.63,4.67,4.68,4.69,4.58,9816200.0,45442377.0,11:21:00
sz000913,钱江摩托,15.59,-0.22,-1.392,15.58,15.59,15.81,15.82,15.88,15.44,2335800.0,36480020.0,11:20:54
sz000915,华特达因,34.85,0.33,0.956,34.84,34.85,34.52,34.8,34.92,34.68,1465690.0,51024038.0,11:20:48
sz000917,电广传媒,8.38,0.08,0.964,8.37,8.38,8.3,8.34,8.44,8.29,14671267.0,122894541.0,11:21:00
sz000919,金陵药业,7.23,0.05,0.696,7.23,7.24,7.18,7.2,7.24,7.12,4283200.0,30745533.0,11:21:00
sz000920,沃顿科技,13.42,0.44,3.39,13.41,13.42,12.98,12.98,13.69,12.95,11672027.0,156552048.0,11:20:54
sz000921,海信家电,26.05,0.15,0.579,26.05,26.06,25.9,25.94,26.15,25.89,2214032.0,57567709.0,11:21:00
sz000922,佳电股份,12.87,0.03,0.234,12.87,12.88,12.84,13.0,13.05,12.83,6389700.0,82763578.0,11:20:57
sz000923,河钢资源,18.01,0.0,0.0,18.01,18.02,18.01,18.1,18.36,17.91,5083365.0,92386841.0,11:21:00
sz000925,众合科技,8.3,0.01,0.121,8.29,8.3,8.29,8.25,8.43,8.24,8964840.0,74660968.0,11:21:00
sz000926,福星股份,2.59,0.03,1.172,2.59,2.6,2.56,2.57,2.61,2.5,32771922.0,83349044.0,11:21:00
sz000927,中国铁物,2.72,0.02,0.741,2.71,2.72,2.7,2.71,2.73,2.69,25977600.0,70329870.0,11:21:00
sz000928,中钢国际,6.42,0.13,2.067,6.41,6.42,6.29,6.32,6.48,6.32,19432504.0,124720683.0,11:21:00
sz000929,*ST兰黄,8.5,-0.07,-0.817,8.51,8.52,8.57,8.58,8.65,8.48,1085100.0,9307431.0,11:20:45
sz000930,中粮科技,6.06,0.02,0.331,6.06,6.07,6.04,6.05,6.07,6.0,5750900.0,34759390.0,11:21:00
sz000931,中 关 村,5.28,-0.03,-0.565,5.27,5.28,5.31,5.32,5.33,5.21,6346196.0,33406070.0,11:21:00
sz000932,华菱钢铁,5.86,0.05,0.861,5.86,5.87,5.81,5.81,5.92,5.8,33142825.0,194166439.0,11:21:00
sz000933,神火股份,24.9,-0.2,-0.797,24.9,24.92,25.1,25.14,25.5,24.9,18067700.0,455357768.0,11:21:00
sz000935,四川双马,21.46,0.56,2.679,21.43,21.46,20.9,20.9,21.68,20.69,11968633.0,254118049.0,11:21:00
sz000936,华西股份,7.46,0.0,0.0,7.46,7.47,7.46,7.49,7.53,7.41,6870534.0,51348879.0,11:21:00
sz000937,冀中能源,6.09,-0.02,-0.327,6.09,6.1,6.11,6.13,6.13,6.07,5816446.0,35423693.0,11:20:57
sz000938,紫光股份,24.82,-0.52,-2.052,24.81,24.82,25.34,25.3,25.54,24.76,37316729.0,934148966.0,11:21:00
sz000948,南天信息,17.78,-0.27,-1.496,17.77,17.78,18.05,17.98,18.1,17.71,2631032.0,47115281.0,11:21:00
sz000949,新乡化纤,5.01,-0.11,-2.148,5.0,5.01,5.12,5.13,5.15,4.99,28080000.0,141949087.0,11:21:00
sz000950,重药控股,5.38,-0.02,-0.37,5.37,5.38,5.4,5.4,5.41,5.33,9705300.0,52110125.0,11:20:51
sz000951,中国重汽,17.3,0.05,0.29,17.3,17.31,17.25,17.33,17.35,17.23,2996988.0,51821447.0,11:21:00
sz000952,广济药业,7.58,-0.02,-0.263,7.58,7.59,7.6,7.61,7.66,7.41,7407761.0,55733317.0,11:20:36
sz000953,河化股份,7.95,0.19,2.448,7.95,7.96,7.76,7.76,8.37,7.69,27909557.0,224204267.0,11:21:00
sz000955,欣龙控股,7.89,0.05,0.638,7.87,7.9,7.84,7.4,7.98,7.15,76999638.0,574381662.0,11:21:00
sz000957,中通客车,11.07,-0.03,-0.27,11.07,11.08,11.1,11.23,11.23,11.02,5600280.0,62112172.0,11:20:57
sz000958,电投产融,6.83,0.01,0.147,6.83,6.84,6.82,6.86,6.89,6.76,24349867.0,166088205.0,11:20:51
sz000959,首钢股份,4.46,-0.02,-0.446,4.45,4.46,4.48,4.44,4.49,4.4,15508761.0,69009377.0,11:20:51
sz000960,锡业股份,24.13,-0.35,-1.43,24.13,24.14,24.48,24.23,24.66,24.09,18099665.0,441718218.0,11:20:51
sz000962,东方钽业,26.77,0.1,0.375,26.77,26.78,26.67,26.8,27.25,26.57,6812301.0,183725594.0,11:20:51
sz000963,华东医药,41.4,-0.16,-0.385,41.4,41.41,41.56,41.69,41.78,41.36,2178380.0,90483762.0,11:20:51
sz000965,天保基建,4.25,0.02,0.473,4.25,4.26,4.23,4.23,4.28,4.14,26255747.0,110408448.0,11:20:51
sz000966,长源电力,4.39,-0.01,-0.227,4.39,4.4,4.4,4.4,4.41,4.37,9099302.0,39943108.0,11:20:48
sz000967,盈峰环境,6.51,-0.01,-0.153,6.5,6.51,6.52,6.55,6.57,6.48,4565098.0,29771126.0,11:20:48
sz000968,蓝焰控股,7.43,-0.01,-0.134,7.42,7.43,7.44,7.45,7.45,7.35,5165136.0,38216703.0,11:20:51
sz000969,安泰科技,18.06,-0.31,-1.688,18.06,18.07,18.37,18.37,18.47,18.04,20004315.0,365005806.0,11:20:51
sz000970,中科三环,12.95,0.01,0.077,12.94,12.95,12.94,12.95,13.09,12.9,6231773.0,81060708.0,11:20:51
sz000972,*ST中基,4.05,0.02,0.496,4.04,4.05,4.03,4.05,4.07,3.97,8999800.0,36163496.0,11:20:51
sz000973,佛塑科技,14.84,0.97,6.994,14.84,14.85,13.87,13.87,15.18,13.72,146949428.0,2128657838.0,11:20:51
sz000975,山金国际,20.97,-0.14,-0.663,20.97,20.98,21.11,20.9,21.24,20.82,14240698.0,299828121.0,11:20:51
sz000977,浪潮信息,60.79,0.1,0.165,60.77,60.79,60.69,61.55,61.9,60.4,16072310.0,982442703.0,11:20:51
sz000978,桂林旅游,6.72,-0.08,-1.176,6.71,6.72,6.8,6.79,6.8,6.61,5625502.0,37588705.0,11:20:48
sz000980,众泰汽车,3.65,-0.13,-3.439,3.64,3.65,3.78,3.8,3.82,3.63,70443911.0,260012481.0,11:20:51
sz000981,山子高科,3.32,-0.02,-0.599,3.32,3.33,3.34,3.34,3.38,3.31,196476621.0,656200773.0,11:20:51
sz000983,山西焦煤,6.95,-0.07,-0.997,6.95,6.96,7.02,6.99,6.99,6.92,21918940.0,152414951.0,11:20:51
sz000985,大庆华科,19.71,-0.16,-0.805,19.71,19.72,19.87,19.88,20.03,19.51,2138300.0,42098539.0,11:20:48
sz000987,越秀资本,7.44,0.01,0.135,7.43,7.44,7.43,7.52,7.56,7.41,13034409.0,97359825.0,11:20:51
sz000988,华工科技,71.05,-0.93,-1.292,71.04,71.05,71.98,73.82,74.14,71.01,22226620.0,1606731736.0,11:20:51
sz000989,九芝堂,9.77,-0.08,-0.812,9.77,9.78,9.85,9.85,9.95,9.7,7283946.0,71371412.0,11:20:51
sz000990,诚志股份,7.78,0.05,0.647,7.77,7.78,7.73,7.78,7.8,7.73,5317962.0,41296279.0,11:20:51
sz000993,闽东电力,12.25,0.02,0.164,12.24,12.25,12.23,12.24,12.3,11.98,23020699.0,279287633.0,11:20:51
sz000995,皇台酒业,13.21,-0.16,-1.197,13.21,13.22,13.37,13.37,13.42,12.95,5035900.0,66046706.0,11:20:51
sz000997,新 大 陆,25.48,-0.33,-1.279,25.48,25.49,25.81,25.85,25.93,25.35,3909322.0,99971584.0,11:20:51
sz000998,隆平高科,9.86,-0.06,-0.605,9.85,9.86,9.92,9.91,9.91,9.8,8093700.0,79700399.0,11:20:51
sz000999,华润三九,29.27,0.08,0.274,29.27,29.28,29.19,29.2,29.3,29.11,3466336.0,101246040.0,11:20:51
sz001201,东瑞股份,15.76,-0.13,-0.818,15.76,15.77,15.89,15.9,16.0,15.61,1243100.0,19598760.0,11:20:45
sz001202,炬申股份,15.93,-0.19,-1.179,15.93,15.94,16.12,16.1,16.21,15.8,2530010.0,40382710.0,11:20:51
sz001203,大中矿业,34.88,2.59,8.021,34.86,34.88,32.29,32.78,35.52,32.43,60299506.0,2088357854.0,11:20:51
sz001205,盛航股份,17.32,-0.08,-0.46,17.31,17.32,17.4,17.49,17.49,17.17,1642900.0,28424134.0,11:20:45
sz001206,依依股份,33.58,-0.43,-1.264,33.58,33.68,34.01,33.45,34.64,32.8,5036132.0,169982732.0,11:20:45
sz001207,联科科技,23.57,-0.06,-0.254,23.57,23.58,23.63,23.7,23.99,23.49,1735800.0,41225968.0,11:20:51
sz001208,华菱线缆,11.81,-0.07,-0.589,11.8,11.81,11.88,11.9,11.97,11.79,2972500.0,35272489.0,11:20:51
sz001209,洪兴股份,21.21,0.07,0.331,21.21,21.22,21.14,21.2,21.45,20.92,2788000.0,58873292.0,11:20:51
sz001210,金房能源,17.4,0.33,1.933,17.39,17.4,17.07,17.25,18.5,17.11,2156406.0,38256313.0,11:20:45
sz001211,双枪科技,27.32,-0.37,-1.336,27.32,27.35,27.69,27.8,27.89,26.85,1255100.0,34312001.0,11:20:42
sz001212,中旗新材,44.18,-0.18,-0.406,44.17,44.18,44.36,44.44,45.18,43.91,1578217.0,70329395.0,11:20:42
sz001213,中铁特货,4.24,0.05,1.193,4.23,4.24,4.19,4.21,4.24,4.2,6723001.0,28326610.0,11:20:51
sz001215,千味央厨,36.88,-0.77,-2.045,36.88,36.89,37.65,37.67,37.86,36.81,841700.0,31312496.0,11:20:36
sz001216,华瓷股份,20.4,-2.27,-10.013,0.0,20.4,22.67,22.15,22.4,20.4,11091100.0,238041374.0,11:20:51
sz001217,华尔泰,13.94,-0.18,-1.275,13.93,13.94,14.12,14.15,14.26,13.86,4759300.0,66733605.0,11:20:42
sz001218,丽臣实业,23.28,0.18,0.779,23.28,23.29,23.1,23.12,23.57,23.07,796020.0,18557003.0,11:20:45
sz001219,青岛食品,14.77,-0.08,-0.539,14.75,14.77,14.85,14.92,14.92,14.55,1632928.0,24003179.0,11:20:45
sz001221,悍高集团,58.14,0.89,1.555,58.07,58.14,57.25,57.26,58.5,56.86,693701.0,40113531.0,11:20:45
sz001222,源飞宠物,23.92,-0.41,-1.685,23.91,23.92,24.33,24.1,24.93,23.8,3155399.0,76873636.0,11:20:51
sz001223,欧克科技,55.37,-1.02,-1.809,55.37,55.43,56.39,56.39,56.79,55.0,403387.0,22431244.0,11:20:27
sz001225,和泰机电,55.79,-3.16,-5.36,55.79,55.8,58.95,58.18,58.5,55.1,1296000.0,72949703.0,11:20:51
sz001226,拓山重工,38.85,-0.21,-0.538,38.81,38.86,39.06,39.29,39.29,38.41,596000.0,23148199.0,11:20:27
sz001227,兰州银行,2.45,0.03,1.24,2.44,2.45,2.42,2.41,2.45,2.41,60563402.0,147324785.0,11:20:51
sz001228,永泰运,28.0,0.34,1.229,27.97,28.0,27.66,27.68,28.38,27.67,1573600.0,44044508.0,11:20:51
sz001229,魅视科技,41.79,1.39,3.441,41.79,41.8,40.4,40.88,42.55,39.91,5046150.0,209022755.0,11:20:51
sz001230,劲旅环境,22.63,0.04,0.177,22.61,22.63,22.59,22.65,22.8,22.45,577297.0,13064262.0,11:20:42
sz001231,农心科技,23.01,-0.03,-0.13,23.01,23.02,23.04,23.05,23.3,22.74,1253100.0,28813419.0,11:20:45
sz001234,泰慕士,29.98,0.34,1.147,29.94,29.98,29.64,29.3,30.24,28.89,3748400.0,110733425.0,11:20:51
sz001236,弘业期货,10.61,0.04,0.378,10.6,10.61,10.57,10.7,10.8,10.56,5613600.0,59944875.0,11:20:51
sz001238,浙江正特,51.44,-0.79,-1.513,51.38,51.45,52.23,52.49,52.8,51.2,345200.0,17854569.0,11:20:33
sz001239,永达股份,16.25,0.17,1.057,16.24,16.26,16.08,16.1,16.5,16.1,2326978.0,37966803.0,11:20:36
sz001255,博菲电气,32.29,-0.52,-1.585,32.23,32.31,32.81,32.81,32.98,31.94,1127296.0,36495677.0,11:20:51
sz001256,炜冈科技,21.81,-0.05,-0.229,21.79,21.81,21.86,21.91,22.1,21.7,418700.0,9147443.0,11:20:48
sz001258,立新能源,7.98,0.03,0.377,7.97,7.98,7.95,7.96,8.02,7.91,8894500.0,70757167.0,11:20:51
sz001259,利仁科技,30.1,-0.04,-0.133,30.1,30.15,30.14,29.99,30.64,29.67,595800.0,17935604.0,11:20:48
sz001260,坤泰股份,20.49,-0.08,-0.389,20.48,20.49,20.57,20.67,20.89,20.15,1552900.0,31796184.0,11:20:51
sz001266,宏英智能,35.83,0.21,0.59,35.83,35.85,35.62,34.56,36.8,34.3,8873072.0,316159988.0,11:20:51
sz001267,汇绿生态,17.58,-0.35,-1.952,17.58,17.59,17.93,18.51,19.0,17.41,24368450.0,439222955.0,11:20:51
sz001268,联合精密,34.42,0.77,2.288,34.39,34.41,33.65,33.4,35.02,33.4,2682200.0,92027715.0,11:20:51
sz001269,欧晶科技,27.49,-0.41,-1.47,27.49,27.53,27.9,28.0,28.03,27.45,1351904.0,37324070.0,11:20:45
sz001270,*ST铖昌,43.78,-1.15,-2.56,43.76,43.78,44.93,45.06,45.33,43.41,1727819.0,76434978.0,11:20:42
sz001277,速达股份,39.74,-1.06,-2.598,39.73,39.74,40.8,40.2,40.59,39.54,1954489.0,78301659.0,11:20:42
sz001278,一彬科技,18.87,-0.02,-0.106,18.85,18.88,18.89,18.93,19.09,18.68,1180900.0,22252466.0,11:20:51
sz001279,强邦新材,37.23,0.11,0.296,37.23,37.24,37.12,37.2,37.38,37.0,363800.0,13531369.0,11:20:48
sz001282,三联锻造,21.11,-0.33,-1.539,21.1,21.11,21.44,21.59,21.59,21.04,2224192.0,47236261.0,11:20:51
sz001283,豪鹏科技,69.13,-0.8,-1.144,69.11,69.17,69.93,70.25,70.68,69.01,1280916.0,89431017.0,11:20:51
sz001285,瑞立科密,50.58,-0.39,-0.765,50.58,50.59,50.97,50.96,51.28,50.4,1237241.0,62802250.0,11:20:48
sz001286,陕西能源,9.97,0.05,0.504,9.96,9.97,9.92,9.93,10.05,9.93,8734720.0,87216831.0,11:20:51
sz001287,中电港,23.31,-0.14,-0.597,23.31,23.32,23.45,23.82,23.95,23.31,7962024.0,187819141.0,11:20:51
sz001288,运机集团,30.22,0.71,2.406,30.22,30.24,29.51,29.67,30.29,29.52,1674632.0,50056447.0,11:20:51
sz001289,龙源电力,17.15,0.02,0.117,17.15,17.16,17.13,17.13,17.23,17.05,1518421.0,25980915.0,11:20:51
sz001296,长江材料,23.51,0.06,0.256,23.5,23.51,23.45,23.68,24.2,23.28,2508122.0,59429192.0,11:21:00
sz001298,好上好,33.73,-1.33,-3.793,33.73,33.74,35.06,35.4,35.44,33.61,12695148.0,435587138.0,11:21:00
sz001299,美能能源,12.49,0.02,0.16,12.48,12.49,12.47,12.45,12.51,12.34,1767140.0,21930878.0,11:21:00
sz001300,三柏硕,16.31,0.07,0.431,16.31,16.32,16.24,16.24,16.48,15.99,1824900.0,29515994.0,11:20:51
sz001301,尚太科技,94.45,-1.85,-1.921,94.41,94.46,96.3,96.3,98.0,94.1,2152300.0,205562003.0,11:21:00
sz001306,夏厦精密,84.95,-1.25,-1.45,84.95,84.96,86.2,86.5,87.02,84.78,257700.0,22060511.0,11:21:00
sz001308,康冠科技,21.79,-0.01,-0.046,21.78,21.79,21.8,21.93,21.99,21.72,832135.0,18166060.0,11:20:54
sz001309,德明利,250.33,-13.38,-5.074,250.15,250.33,263.71,271.0,271.5,245.0,11282231.0,2854107461.0,11:21:00
sz001311,多利科技,24.79,-0.79,-3.088,24.78,24.79,25.58,25.56,25.86,24.78,2616094.0,65861406.0,11:21:00
sz001313,粤海饲料,7.99,-0.63,-7.309,7.98,7.99,8.62,8.39,8.39,7.88,23031700.0,185267003.0,11:21:00
sz001314,亿道信息,45.91,-0.01,-0.022,45.87,45.91,45.92,46.07,46.5,45.5,913100.0,41920978.0,11:20:42
sz001316,润贝航科,34.86,0.04,0.115,34.84,34.87,34.82,35.0,35.1,34.61,377720.0,13165993.0,11:21:00
sz001317,三羊马,41.73,-0.22,-0.524,41.69,41.73,41.95,41.95,42.31,41.5,829756.0,34725907.0,11:20:54
sz001318,阳光乳业,14.58,-0.13,-0.884,14.57,14.58,14.71,14.71,14.78,14.36,2784100.0,40508575.0,11:21:00
sz001319,铭科精技,25.97,-0.08,-0.307,25.95,25.96,26.05,26.2,26.24,25.71,1083300.0,28131904.0,11:21:00
sz001322,箭牌家居,8.71,0.04,0.461,8.71,8.72,8.67,8.74,8.78,8.58,2290000.0,19878974.0,11:21:00
sz001323,慕思股份,27.56,0.35,1.286,27.55,27.56,27.21,27.21,27.6,27.01,480190.0,13073612.0,11:21:00
sz001324,长青科技,19.33,0.09,0.468,19.31,19.34,19.24,19.32,19.48,19.12,814700.0,15718645.0,11:20:51
sz001326,联域股份,44.98,-0.31,-0.684,44.97,45.05,45.29,45.74,46.32,44.56,346500.0,15616911.0,11:19:36
sz001328,登康口腔,35.58,-1.1,-2.999,35.57,35.58,36.68,36.67,36.79,35.34,991000.0,35561869.0,11:21:00
sz001330,博纳影业,6.58,-0.18,-2.663,6.57,6.58,6.76,6.8,6.88,6.52,51849345.0,345937926.0,11:21:00
sz001331,胜通能源,13.89,-0.16,-1.139,13.88,13.89,14.05,14.08,14.15,13.76,1931854.0,26965043.0,11:21:00
sz001332,锡装股份,54.57,-3.13,-5.425,54.56,54.57,57.7,59.13,59.2,53.89,2403945.0,133894967.0,11:20:57
sz001333,光华股份,23.65,0.1,0.425,23.6,23.63,23.55,23.67,24.09,23.45,755900.0,17970124.0,11:20:45
sz001335,信凯科技,38.6,0.25,0.652,38.59,38.6,38.35,38.21,38.94,38.12,752302.0,29059675.0,11:20:54
sz001336,楚环科技,25.47,0.0,0.0,25.42,25.47,25.47,25.47,25.93,25.05,631300.0,16105472.0,11:20:48
sz001337,四川黄金,27.86,-0.16,-0.571,27.85,27.86,28.02,27.6,28.31,27.52,8891751.0,248924459.0,11:21:00
sz001338,永顺泰,12.01,-0.05,-0.415,12.0,12.01,12.06,12.13,12.13,11.87,3518900.0,42122218.0,11:20:54
sz001339,智微智能,51.87,0.37,0.718,51.87,51.88,51.5,52.01,53.68,51.83,1378321.0,72052169.0,11:20:54
sz001356,富岭股份,13.96,-0.17,-1.203,13.95,13.96,14.13,14.13,14.16,13.82,3032300.0,42360462.0,11:21:00
sz001358,兴欣新材,27.36,0.14,0.514,27.35,27.36,27.22,27.5,28.0,27.18,489300.0,13522579.0,11:20:54
sz001359,平安电工,52.75,0.34,0.649,52.72,52.75,52.41,52.87,54.69,52.63,1556400.0,83410708.0,11:20:45
sz001360,南矿集团,16.63,0.21,1.279,16.63,16.65,16.42,16.52,16.85,16.44,2038200.0,33848926.0,11:20:57
sz001366,播恩集团,14.42,-0.02,-0.139,14.4,14.41,14.44,14.52,14.66,14.17,2542000.0,36721811.0,11:21:00
sz001367,海森药业,23.29,0.07,0.301,23.27,23.29,23.22,23.3,23.47,23.09,358844.0,8352643.0,11:21:00
sz001368,通达创智,26.58,0.15,0.568,26.57,26.58,26.43,26.38,26.61,25.99,1025369.0,26973969.0,11:21:00
sz001373,翔腾新材,31.92,0.12,0.377,31.92,31.95,31.8,32.14,32.46,31.49,719479.0,22924034.0,11:20:57
sz001376,百通能源,13.46,0.04,0.298,13.45,13.46,13.42,13.5,13.53,13.31,3584234.0,48049166.0,11:20:57
sz001378,德冠新材,23.25,0.07,0.302,23.25,23.27,23.18,23.33,23.45,23.11,520100.0,12113507.0,11:19:57
sz001379,腾达科技,21.82,0.15,0.692,21.81,21.82,21.67,21.68,21.92,21.55,1806600.0,39243289.0,11:21:00
sz001380,华纬科技,23.69,0.65,2.821,23.69,23.7,23.04,23.19,24.34,23.19,4823978.0,115691462.0,11:21:00
sz001382,新亚电缆,20.93,-0.04,-0.191,20.92,20.93,20.97,21.03,21.12,20.8,1276703.0,26760515.0,11:20:51
sz001386,马可波罗,23.53,-0.07,-0.297,23.53,23.54,23.6,23.61,23.76,23.41,3461633.0,81414861.0,11:21:00
sz001387,雪祺电气,14.06,0.04,0.285,14.05,14.07,14.02,14.04,14.16,13.86,1174280.0,16465196.0,11:21:00
sz001388,信通电子,44.81,-0.1,-0.223,44.79,44.8,44.91,44.93,45.2,44.64,314153.0,14092941.0,11:20:36
sz001389,广合科技,67.93,-0.01,-0.015,67.93,67.94,67.94,69.59,69.75,67.9,1961000.0,134861219.0,11:20:57
sz001390,古麒绒材,31.07,1.11,3.705,31.05,31.07,29.96,30.0,31.88,29.89,22391702.0,690944464.0,11:21:00
sz001391,国货航,6.49,0.0,0.0,6.48,6.49,6.49,6.49,6.5,6.47,5244172.0,34006434.0,11:21:00
sz001395,亚联机械,45.24,0.09,0.199,45.24,45.26,45.15,45.38,46.06,45.12,256700.0,11693684.0,11:21:00
sz001400,江顺科技,60.93,0.49,0.811,60.71,60.93,60.44,60.67,61.15,60.59,218322.0,13286478.0,11:20:57
sz001696,宗申动力,21.71,-0.38,-1.72,21.7,21.71,22.09,22.06,22.06,21.64,7269785.0,158280407.0,11:21:00
sz001872,招商港口,20.4,0.1,0.493,20.4,20.41,20.3,20.27,20.42,20.23,1125500.0,22880948.0,11:20:57
sz001896,豫能控股,5.8,0.02,0.346,5.8,5.81,5.78,5.78,5.85,5.76,10270900.0,59521966.0,11:21:00
sz001914,招商积余,11.58,0.2,1.757,11.57,11.58,11.38,11.42,11.61,11.33,3440100.0,39382061.0,11:21:00
sz001965,招商公路,10.0,0.08,0.806,9.99,10.0,9.92,9.94,10.0,9.89,6174760.0,61374010.0,11:21:00
sz001979,招商蛇口,9.77,0.38,4.047,9.77,9.78,9.39,9.39,9.79,9.34,39747209.0,379283470.0,11:21:00
sz002001,新 和 成,24.98,0.07,0.281,24.97,24.98,24.91,24.95,25.2,24.89,9637318.0,241634777.0,11:21:00
sz002003,伟星股份,10.98,-0.2,-1.789,10.98,10.99,11.18,11.18,11.2,10.92,5839156.0,64372813.0,11:20:48
sz002004,华邦健康,5.03,-0.02,-0.396,5.02,5.03,5.05,5.05,5.09,5.0,12934898.0,65163180.0,11:21:00
sz002005,ST德豪,2.89,0.08,2.847,2.88,2.89,2.81,2.84,2.94,2.81,13106400.0,37790541.0,11:20:54
sz002006,精工科技,21.11,-2.19,-9.399,21.11,21.13,23.3,23.3,23.52,21.01,36272452.0,805317882.0,11:21:00
sz002007,华兰生物,15.91,0.01,0.063,15.91,15.92,15.9,16.02,16.05,15.87,7736961.0,123422412.0,11:21:00
sz002008,大族激光,36.84,-0.05,-0.136,36.84,36.85,36.89,37.66,37.85,36.84,6790764.0,252469048.0,11:21:00
sz002009,天奇股份,17.69,0.42,2.432,17.68,17.69,17.27,17.23,18.56,17.23,31780471.0,566620796.0,11:21:00
sz002010,传化智联,6.03,-0.02,-0.331,6.03,6.04,6.05,6.07,6.09,6.0,9826900.0,59383700.0,11:21:00
sz002011,盾安环境,12.93,-0.07,-0.538,12.92,12.93,13.0,13.09,13.16,12.87,6688442.0,86991430.0,11:20:57
sz002012,凯恩股份,6.12,0.05,0.824,6.11,6.12,6.07,6.15,6.51,6.0,22861400.0,141172337.0,11:21:00
sz002014,永新股份,11.49,0.16,1.412,11.48,11.49,11.33,11.38,11.49,11.33,1243739.0,14196434.0,11:21:00
sz002015,协鑫能科,10.26,-0.06,-0.581,10.25,10.26,10.32,10.4,10.44,10.18,9832801.0,101185368.0,11:21:00
sz002016,世荣兆业,6.37,0.03,0.473,6.36,6.37,6.34,6.36,6.38,6.16,6945800.0,43598444.0,11:21:00
sz002017,东信和平,21.79,-0.3,-1.358,21.78,21.79,22.09,22.27,22.31,21.7,10481730.0,230224917.0,11:21:00
sz002019,亿帆医药,12.31,-0.13,-1.045,12.31,12.32,12.44,12.5,12.57,12.27,5520000.0,68419777.0,11:20:57
sz002020,京新药业,21.18,0.88,4.335,21.17,21.18,20.3,20.28,21.4,20.04,17060000.0,354986435.0,11:21:00
sz002021,中捷资源,2.69,0.0,0.0,2.69,2.7,2.69,2.72,2.73,2.67,15113143.0,40672643.0,11:21:00
sz002022,科华生物,6.83,0.06,0.886,6.82,6.83,6.77,6.78,6.89,6.73,3836000.0,26111503.0,11:21:00
sz002023,海特高新,12.01,0.02,0.167,12.01,12.02,11.99,12.05,12.12,11.93,5562800.0,66784071.0,11:21:00
sz002024,ST易购,1.78,-0.03,-1.657,1.78,1.79,1.81,1.81,1.81,1.77,27465950.0,48996279.0,11:20:54
sz002025,航天电器,42.59,-0.53,-1.229,42.58,42.59,43.12,43.1,43.1,42.55,2370701.0,101378493.0,11:20:57
sz002026,山东威达,14.22,0.04,0.282,14.2,14.22,14.18,14.18,14.37,14.08,4316600.0,61285581.0,11:20:54
sz002027,分众传媒,7.6,0.04,0.529,7.59,7.6,7.56,7.59,7.66,7.56,29552899.0,225246953.0,11:21:00
sz002028,思源电气,141.22,-0.66,-0.465,141.21,141.36,141.88,144.0,144.55,139.5,4759100.0,677378041.0,11:20:54
sz002029,七 匹 狼,10.37,-0.46,-4.247,10.36,10.37,10.83,10.6,10.95,9.88,55512759.0,568903076.0,11:20:54
sz002030,达安基因,6.72,0.01,0.149,6.71,6.72,6.71,6.71,6.74,6.64,9174754.0,61472095.0,11:20:54
sz002031,巨轮智能,7.29,-0.18,-2.41,7.28,7.29,7.47,7.41,7.41,7.26,26245089.0,192482405.0,11:20:54
sz002032,苏 泊 尔,49.69,0.37,0.75,49.69,49.7,49.32,49.24,49.75,49.14,764850.0,37875310.0,11:20:54
sz002033,丽江股份,9.0,-0.09,-0.99,8.99,9.0,9.09,9.04,9.05,8.91,8155630.0,73103584.0,11:20:54
sz002034,旺能环境,16.89,0.07,0.416,16.88,16.9,16.82,16.93,17.02,16.82,1192187.0,20167778.0,11:20:54
sz002035,华帝股份,6.38,0.0,0.0,6.37,6.38,6.38,6.4,6.41,6.33,4628500.0,29451952.0,11:20:51
sz002036,联创电子,9.97,0.01,0.1,9.97,9.98,9.96,10.01,10.06,9.9,6678425.0,66624668.0,11:20:54
sz002037,保利联合,9.96,-0.05,-0.5,9.96,9.97,10.01,10.02,10.08,9.91,3517430.0,35136371.0,11:20:54
sz002038,双鹭药业,7.66,-0.02,-0.26,7.66,7.67,7.68,7.68,7.75,7.6,7416200.0,56876609.0,11:20:54
sz002039,黔源电力,18.02,-0.11,-0.607,18.02,18.03,18.13,18.11,18.14,17.94,1898100.0,34212521.0,11:20:54
sz002040,南 京 港,10.35,-0.03,-0.289,10.35,10.36,10.38,10.46,10.46,10.26,5659065.0,58459441.0,11:20:54
sz002041,登海种业,9.73,-0.01,-0.103,9.73,9.74,9.74,9.74,9.78,9.63,4523400.0,43827938.0,11:20:54
sz002042,华孚时尚,4.57,-0.03,-0.652,4.57,4.58,4.6,4.63,4.66,4.55,11429577.0,52469831.0,11:20:54
sz002043,兔 宝 宝,13.68,0.25,1.862,13.68,13.69,13.43,13.46,13.69,13.38,3103900.0,41886751.0,11:20:54
sz002044,美年健康,5.35,-0.17,-3.08,5.35,5.36,5.52,5.52,5.54,5.31,69183569.0,373304448.0,11:20:54
sz002045,国光电器,14.37,-0.02,-0.139,14.37,14.39,14.39,14.47,14.53,14.25,6909235.0,99521631.0,11:20:51
sz002046,国机精工,29.22,-0.23,-0.781,29.21,29.22,29.45,29.3,29.98,29.15,14114356.0,418063897.0,11:20:54
sz002047,*ST宝鹰,3.89,-0.2,-4.89,0.0,3.89,4.09,4.0,4.05,3.89,25477900.0,99649610.0,11:20:51
sz002048,宁波华翔,27.96,-0.58,-2.032,27.96,27.97,28.54,28.55,28.93,27.9,9834662.0,277727160.0,11:20:54
sz002049,紫光国微,74.46,-0.76,-1.01,74.45,74.46,75.22,75.91,76.15,74.33,7874308.0,591032596.0,11:20:54
sz002050,三花智控,41.46,-0.57,-1.356,41.46,41.47,42.03,42.34,42.47,41.4,54637079.0,2287178337.0,11:20:54
sz002051,中工国际,8.6,0.2,2.381,8.59,8.6,8.4,8.58,8.74,8.51,12057871.0,103840916.0,11:20:51
sz002052,同洲电子,13.2,0.0,0.0,13.19,13.2,13.2,13.22,13.37,13.15,5221100.0,69257732.0,11:20:54
sz002053,云南能投,13.55,0.0,0.0,13.54,13.55,13.55,13.5,13.68,13.35,7663400.0,103677827.0,11:20:54
sz002054,德美化工,7.98,-0.09,-1.115,7.98,7.99,8.07,8.16,8.19,7.91,9232318.0,74396217.0,11:20:54
sz002055,得润电子,7.14,-0.03,-0.418,7.13,7.14,7.17,7.18,7.26,7.09,10516400.0,75340777.0,11:20:54
sz002056,横店东磁,19.52,-0.11,-0.56,19.51,19.52,19.63,19.75,19.98,19.51,10906300.0,215274718.0,11:20:54
sz002057,中钢天源,10.67,0.19,1.813,10.66,10.67,10.48,10.5,10.93,10.45,16714492.0,179542268.0,11:20:48
sz002058,*ST威尔,24.46,-0.14,-0.569,24.46,24.53,24.6,24.58,24.93,24.24,919543.0,22591248.0,11:20:24
sz002059,云南旅游,5.9,-0.34,-5.449,5.89,5.9,6.24,6.19,6.22,5.84,86643190.0,515033596.0,11:20:54
sz002060,广东建工,3.86,0.0,0.0,3.85,3.86,3.86,3.88,3.89,3.83,10571229.0,40787272.0,11:20:54
sz002061,浙江交科,4.19,0.0,0.0,4.19,4.2,4.19,4.19,4.21,4.17,10942300.0,45867193.0,11:20:51
sz002062,宏润建设,9.42,-0.21,-2.181,9.42,9.43,9.63,9.74,9.74,9.38,10402345.0,98695767.0,11:20:48
sz002063,远光软件,6.44,-0.07,-1.075,6.43,6.44,6.51,6.51,6.53,6.39,26906174.0,173677982.0,11:20:54
sz002064,华峰化学,9.67,0.0,0.0,9.67,9.68,9.67,9.74,9.9,9.62,14496800.0,141967265.0,11:20:54
sz002065,东华软件,10.04,-0.01,-0.1,10.04,10.05,10.05,10.09,10.11,9.99,21769784.0,218780659.0,11:20:54
sz002066,瑞泰科技,17.27,0.35,2.069,17.26,17.27,16.92,16.98,17.42,16.98,2586800.0,44609162.0,11:20:54
sz002067,景兴纸业,5.6,-0.21,-3.614,5.6,5.61,5.81,5.8,5.85,5.53,65132964.0,369170693.0,11:20:54
sz002068,黑猫股份,10.28,0.02,0.195,10.27,10.28,10.26,10.3,10.47,10.19,8811636.0,91050541.0,11:20:51
sz002069,獐子岛,4.41,-0.17,-3.712,4.41,4.42,4.58,4.68,4.9,4.33,105308023.0,482584711.0,11:20:54
sz002072,凯瑞德,7.41,0.04,0.543,7.41,7.42,7.37,7.41,7.68,7.3,4586107.0,34357988.0,11:20:54
sz002073,软控股份,8.87,-0.22,-2.42,8.87,8.88,9.09,9.08,9.18,8.84,31895592.0,286747890.0,11:20:54
sz002074,国轩高科,40.44,-0.46,-1.125,40.43,40.44,40.9,40.94,41.73,40.4,25150161.0,1034223163.0,11:20:54
sz002075,沙钢股份,5.64,0.05,0.894,5.63,5.64,5.59,5.6,5.64,5.59,11042547.0,62020596.0,11:20:54
sz002076,*ST星光,2.16,-0.11,-4.846,0.0,2.16,2.27,2.26,2.26,2.16,37814900.0,82480598.0,11:20:54
sz002077,大港股份,19.03,0.56,3.032,19.02,19.03,18.47,18.53,19.27,18.05,53345260.0,1002820233.0,11:20:54
sz002078,太阳纸业,14.74,0.0,0.0,14.73,14.74,14.74,14.75,14.8,14.65,4435000.0,65230790.0,11:20:54
sz002079,苏州固锝,10.08,-0.09,-0.885,10.08,10.09,10.17,10.23,10.28,10.05,9487587.0,96251574.0,11:20:54
sz002080,中材科技,33.8,1.89,5.923,33.77,33.8,31.91,33.0,34.74,33.0,40205625.0,1361361693.0,11:20:54
sz002081,金 螳 螂,3.39,0.02,0.593,3.39,3.4,3.37,3.38,3.41,3.35,14503231.0,48998515.0,11:20:54
sz002082,万邦德,13.33,-0.05,-0.374,13.32,13.33,13.38,13.37,13.64,13.24,3792165.0,50960844.0,11:20:48
sz002083,孚日股份,11.05,-0.16,-1.427,11.04,11.05,11.21,11.14,11.68,10.66,142466271.0,1586486288.0,11:20:54
sz002084,海鸥住工,4.03,-0.01,-0.248,4.02,4.03,4.04,4.05,4.11,3.96,12088532.0,48631571.0,11:20:54
sz002085,万丰奥威,15.58,-0.21,-1.33,15.58,15.59,15.79,15.87,15.89,15.56,12096740.0,189643413.0,11:20:54
sz002086,东方海洋,3.01,0.03,1.007,3.0,3.01,2.98,3.28,3.28,2.92,369649267.0,1158379487.0,11:20:54
sz002088,鲁阳节能,12.1,-0.01,-0.083,12.09,12.1,12.11,12.09,12.19,12.02,1296669.0,15678354.0,11:20:45
sz002090,金智科技,11.32,-0.1,-0.876,11.31,11.32,11.42,11.42,11.5,11.23,5919000.0,67183196.0,11:20:54
sz002091,江苏国泰,9.67,0.0,0.0,9.67,9.68,9.67,9.7,9.88,9.59,18191089.0,177211628.0,11:20:54
sz002092,中泰化学,4.97,-0.2,-3.868,4.97,4.98,5.17,5.16,5.16,4.95,54529053.0,274566359.0,11:20:54
sz002093,国脉科技,11.87,0.14,1.194,11.87,11.88,11.73,11.79,12.06,11.4,23516240.0,274659582.0,11:20:54
sz002094,青岛金王,7.73,-0.13,-1.654,7.73,7.74,7.86,7.79,7.82,7.71,13940987.0,108171173.0,11:20:54
sz002095,生 意 宝,20.04,-0.09,-0.447,20.04,20.05,20.13,20.13,20.29,19.86,2612443.0,52342369.0,11:20:54
sz002096,易普力,13.85,-0.02,-0.144,13.84,13.85,13.87,13.9,13.94,13.8,2122700.0,29419265.0,11:20:54
sz002097,山河智能,12.05,0.0,0.0,12.04,12.05,12.05,12.09,12.18,12.02,11220751.0,135722763.0,11:20:54
sz002098,浔兴股份,9.49,-0.06,-0.628,9.49,9.5,9.55,9.56,9.68,9.37,3876900.0,36710122.0,11:20:54
sz002099,海翔药业,6.18,0.02,0.325,6.17,6.18,6.16,6.16,6.23,6.13,4803800.0,29649975.0,11:20:42
sz002100,天康生物,7.38,-0.15,-1.992,7.37,7.38,7.53,7.52,7.54,7.35,14458600.0,107287848.0,11:20:54
sz002101,广东鸿图,12.72,-0.06,-0.469,12.71,12.72,12.78,12.82,12.88,12.66,2637292.0,33639462.0,11:20:51
sz002102,能特科技,3.68,0.01,0.272,3.67,3.68,3.67,3.67,3.71,3.65,8742699.0,32187917.0,11:20:54
sz002103,广博股份,9.68,-0.12,-1.224,9.68,9.69,9.8,9.82,9.85,9.56,5746100.0,55698895.0,11:20:48
sz002104,恒宝股份,18.72,-0.26,-1.37,18.72,18.73,18.98,18.99,19.19,18.65,16689579.0,314492952.0,11:20:54
sz002105,信隆健康,7.21,-0.05,-0.689,7.21,7.22,7.26,7.26,7.28,7.07,4384896.0,31436600.0,11:20:54
sz002106,莱宝高科,10.63,-0.02,-0.188,10.63,10.64,10.65,10.7,10.75,10.63,4577008.0,48894869.0,11:20:54
sz002107,沃华医药,6.31,-0.01,-0.158,6.31,6.32,6.32,6.35,6.37,6.25,3061880.0,19312684.0,11:20:54
sz002108,沧州明珠,5.29,0.02,0.38,5.28,5.29,5.27,5.21,5.6,5.18,122674959.0,659476962.0,11:20:54
sz002109,兴化股份,3.9,-0.02,-0.51,3.89,3.9,3.92,3.94,3.96,3.86,7075450.0,27658812.0,11:20:33
sz002110,三钢闽光,4.41,0.0,0.0,4.4,4.41,4.41,4.4,4.44,4.35,12514506.0,54985647.0,11:20:54
sz002111,威海广泰,10.14,0.01,0.099,10.13,10.14,10.13,10.11,10.17,10.05,1840540.0,18629347.0,11:20:45
sz002112,三变科技,13.97,-0.08,-0.569,13.96,13.97,14.05,14.15,14.19,13.9,7661314.0,107455800.0,11:20:54
sz002114,罗平锌电,8.44,0.02,0.238,8.44,8.45,8.42,8.3,8.66,8.26,19251600.0,163582855.0,11:20:54
sz002115,三维通信,10.81,-0.16,-1.459,10.81,10.82,10.97,10.98,11.09,10.68,37559349.0,407149359.0,11:20:54
sz002116,中国海诚,10.95,-0.03,-0.273,10.93,10.95,10.98,10.88,11.05,10.81,8256300.0,90078375.0,11:20:54
sz002117,东港股份,12.34,0.15,1.231,12.33,12.34,12.19,12.17,12.38,12.15,6768497.0,82863411.0,11:20:54
sz002119,康强电子,16.94,-0.04,-0.236,16.93,16.94,16.98,17.2,17.23,16.87,7373661.0,125437855.0,11:20:54
sz002120,韵达股份,7.26,-0.01,-0.138,7.25,7.26,7.27,7.29,7.3,7.23,10217589.0,74038465.0,11:20:54
sz002121,科陆电子,8.07,-0.03,-0.37,8.06,8.07,8.1,8.16,8.23,8.06,17289872.0,140693895.0,11:20:54
sz002122,ST汇洲,3.28,-0.09,-2.671,3.27,3.28,3.37,3.21,3.31,3.2,69077476.0,225447333.0,11:20:54
sz002123,梦网科技,11.84,-0.07,-0.588,11.83,11.84,11.91,11.91,11.98,11.73,7768102.0,91982946.0,11:20:54
sz002124,天邦食品,2.85,-0.05,-1.724,2.85,2.86,2.9,2.89,2.9,2.84,35064614.0,100235525.0,11:20:54
sz002125,湘潭电化,15.86,0.87,5.804,15.85,15.86,14.99,14.99,16.49,14.93,61314831.0,980385040.0,11:20:54
sz002126,银轮股份,32.41,-0.44,-1.339,32.41,32.42,32.85,33.26,33.39,32.35,6898549.0,225997403.0,11:20:54
sz002127,南极电商,3.56,-0.06,-1.657,3.56,3.57,3.62,3.62,3.64,3.5,33268749.0,118018333.0,11:20:54
sz002128,电投能源,27.05,-0.17,-0.625,27.04,27.05,27.22,27.22,27.62,26.75,9468500.0,257511692.0,11:20:54
sz002129,TCL中环,10.22,-0.22,-2.107,10.22,10.23,10.44,10.45,10.45,10.17,68190745.0,701116734.0,11:20:54
sz002130,沃尔核材,25.26,0.03,0.119,25.26,25.27,25.23,25.8,25.89,25.23,16498853.0,420685688.0,11:20:54
sz002131,利欧股份,5.12,-0.08,-1.538,5.12,5.13,5.2,5.17,5.23,5.1,223057901.0,1150450127.0,11:20:54
sz002132,恒星科技,4.08,-0.01,-0.244,4.08,4.09,4.09,4.1,4.18,4.04,25442600.0,104593974.0,11:20:54
sz002133,广宇集团,3.64,0.04,1.111,3.64,3.65,3.6,3.65,3.66,3.55,10032100.0,36199350.0,11:20:51
sz002134,天津普林,22.21,-0.11,-0.493,22.2,22.21,22.32,22.46,22.72,22.02,3374500.0,75393304.0,11:20:51
sz002135,东南网架,4.7,0.01,0.213,4.69,4.7,4.69,4.7,4.73,4.64,5499700.0,25761774.0,11:20:54
sz002136,安 纳 达,13.25,-0.43,-3.143,13.24,13.25,13.68,13.78,14.12,13.09,17986202.0,243857939.0,11:20:54
sz002137,实益达,9.13,0.13,1.444,9.12,9.13,9.0,9.0,9.17,8.89,12113616.0,109546310.0,11:20:54
sz002138,顺络电子,35.18,-0.12,-0.34,35.18,35.19,35.3,35.91,36.25,35.06,6408499.0,227657451.0,11:20:54
sz002139,拓邦股份,13.11,-0.08,-0.607,13.1,13.11,13.19,13.23,13.32,13.07,5017535.0,66146304.0,11:20:54
sz002140,东华科技,11.51,0.19,1.678,11.51,11.52,11.32,11.39,11.61,11.35,6616254.0,75953604.0,11:20:54
sz002141,贤丰控股,3.91,0.21,5.676,3.9,3.91,3.7,3.7,4.07,3.69,52597503.0,207472273.0,11:20:54
sz002142,宁波银行,29.2,0.25,0.864,29.18,29.2,28.95,29.0,29.28,28.91,9813473.0,285929551.0,11:20:54
sz002144,宏达高科,14.32,0.56,4.07,14.31,14.34,13.76,13.9,14.78,13.6,9803300.0,137997041.0,11:20:54
sz002145,钛能化学,5.34,-0.05,-0.928,5.33,5.34,5.39,5.43,5.48,5.3,38091740.0,205149256.0,11:20:54
sz002146,荣盛发展,1.73,0.0,0.0,1.72,1.73,1.73,1.74,1.76,1.66,245942565.0,419925494.0,11:20:54
sz002148,北纬科技,8.9,0.01,0.112,8.9,8.91,8.89,8.95,9.04,8.83,6889612.0,61552133.0,11:20:54
sz002149,西部材料,16.86,-0.05,-0.296,16.85,16.86,16.91,16.9,17.03,16.81,3179500.0,53837290.0,11:20:54
sz002150,通润装备,20.15,-0.53,-2.563,20.14,20.15,20.68,20.8,21.03,20.11,8548041.0,174540917.0,11:20:54
sz002151,北斗星通,29.95,0.2,0.672,29.94,29.95,29.75,29.75,30.03,29.66,3948200.0,117813239.0,11:20:51
sz002152,广电运通,12.46,0.11,0.891,12.46,12.47,12.35,12.48,12.62,12.41,8965700.0,112353782.0,11:20:51
sz002153,石基信息,10.85,-0.4,-3.556,10.85,10.86,11.25,11.21,11.24,10.51,62656135.0,677207149.0,11:20:54
sz002154,报 喜 鸟,4.23,-0.08,-1.856,4.22,4.23,4.31,4.31,4.32,4.12,61567842.0,259039495.0,11:20:54
sz002155,湖南黄金,22.59,0.16,0.713,22.59,22.6,22.43,22.29,22.96,22.25,31904755.0,724356528.0,11:20:54
sz002156,通富微电,36.72,-0.59,-1.581,36.71,36.72,37.31,37.97,38.09,36.7,20935550.0,781367316.0,11:20:54
sz002157,正邦科技,2.96,-0.02,-0.671,2.95,2.96,2.98,2.98,2.98,2.93,45265600.0,133604931.0,11:20:54
sz002158,汉钟精机,22.57,0.02,0.089,22.57,22.58,22.55,22.68,23.0,22.53,4081988.0,92939070.0,11:20:54
sz002159,三特索道,15.64,-0.02,-0.128,15.64,15.66,15.66,15.74,15.77,15.41,1309400.0,20397011.0,11:20:48
sz002160,常铝股份,5.43,-0.16,-2.862,5.43,5.44,5.59,5.56,5.66,5.4,46982259.0,259896815.0,11:20:54
sz002161,远 望 谷,7.43,-0.04,-0.535,7.42,7.43,7.47,7.55,7.58,7.39,8995600.0,67197166.0,11:20:54
sz002162,悦心健康,4.75,0.0,0.0,4.74,4.75,4.75,4.74,4.76,4.66,9067933.0,42765289.0,11:20:54
sz002163,海南发展,14.68,0.29,2.015,14.68,14.69,14.39,14.14,14.81,14.04,54639864.0,783128912.0,11:20:54
sz002164,宁波东力,13.06,0.49,3.898,13.06,13.07,12.57,12.6,13.49,12.57,28172861.0,370464945.0,11:20:54
sz002165,红 宝 丽,8.54,-0.09,-1.043,8.54,8.55,8.63,8.67,8.77,8.5,18304595.0,158000889.0,11:20:54
sz002166,莱茵生物,8.08,-0.03,-0.37,8.08,8.09,8.11,8.13,8.17,8.03,4263400.0,34543840.0,11:20:54
sz002167,东方锆业,12.62,0.06,0.478,12.62,12.63,12.56,12.6,12.8,12.56,11365446.0,144534269.0,11:20:54
sz002168,*ST惠程,3.99,-0.02,-0.499,3.99,4.0,4.01,4.03,4.03,3.98,1925621.0,7702034.0,11:20:48
sz002169,智光电气,7.95,-0.03,-0.376,7.94,7.95,7.98,8.04,8.07,7.87,11842603.0,94335496.0,11:20:54
sz002170,芭田股份,12.26,-0.25,-1.998,12.26,12.27,12.51,12.49,12.63,12.26,21974900.0,273136846.0,11:20:54
sz002171,楚江新材,11.44,-0.02,-0.175,11.44,11.45,11.46,11.57,11.64,11.43,24472092.0,282749368.0,11:20:54
sz002172,澳洋健康,4.36,-0.02,-0.457,4.36,4.37,4.38,4.38,4.4,4.29,9216801.0,40016445.0,11:20:54
sz002173,创新医疗,21.27,-0.45,-2.072,21.26,21.27,21.72,21.72,21.8,21.22,10711254.0,229440439.0,11:20:54
sz002174,游族网络,11.62,-0.21,-1.775,11.61,11.62,11.83,11.89,11.95,11.59,11003673.0,129056620.0,11:20:54
sz002175,东方智造,5.12,0.47,10.108,5.12,0.0,4.65,4.65,5.12,4.6,123026213.0,611187449.0,11:20:54
sz002176,江特电机,12.56,0.38,3.12,12.56,12.57,12.18,12.1,12.87,12.0,154462604.0,1938665075.0,11:20:54
sz002177,御银股份,6.95,-0.02,-0.287,6.94,6.95,6.97,6.96,7.03,6.9,9132700.0,63509642.0,11:20:54
sz002178,延华智能,6.84,0.12,1.786,6.84,6.85,6.72,6.71,6.88,6.61,16138820.0,109248883.0,11:20:54
sz002179,中航光电,35.06,-0.44,-1.239,35.06,35.07,35.5,35.69,35.69,35.03,6678299.0,235622861.0,11:20:54
sz002180,纳思达,19.97,-0.26,-1.285,19.95,19.97,20.23,20.2,20.26,19.9,5242700.0,105110964.0,11:20:54
sz002181,粤 传 媒,9.2,-0.14,-1.499,9.2,9.21,9.34,9.36,9.37,9.19,16695594.0,154886750.0,11:20:54
sz002182,宝武镁业,13.75,0.03,0.219,13.75,13.76,13.72,13.77,13.98,13.74,8533817.0,118386965.0,11:20:51
sz002183,怡 亚 通,5.14,0.03,0.587,5.14,5.15,5.11,5.15,5.19,5.1,22875551.0,117743058.0,11:20:51
sz002184,海得控制,13.58,0.01,0.074,13.58,13.59,13.57,13.65,13.7,13.5,3355394.0,45646769.0,11:20:48
sz002185,华天科技,11.08,-0.03,-0.27,11.07,11.08,11.11,11.22,11.26,11.05,25121748.0,279719378.0,11:20:54
sz002186,全 聚 德,11.83,-0.39,-3.191,11.82,11.83,12.22,12.32,12.38,11.72,10959498.0,130706731.0,11:20:51
sz002187,广百股份,6.81,-0.14,-2.014,6.8,6.81,6.95,6.93,6.98,6.68,9504232.0,64390040.0,11:20:54
sz002188,中天服务,6.45,0.02,0.311,6.44,6.45,6.43,6.43,6.5,6.25,6576900.0,42053655.0,11:20:54
sz002189,中光学,24.27,-0.59,-2.373,24.26,24.27,24.86,24.78,24.81,24.07,4110302.0,99845417.0,11:20:48
sz002190,成飞集成,40.09,-1.29,-3.117,40.08,40.09,41.38,40.3,40.55,39.86,8670754.0,348097430.0,11:20:54
sz002191,劲嘉股份,4.42,0.02,0.455,4.42,4.43,4.4,4.42,4.44,4.37,8826970.0,38891255.0,11:20:54
sz002192,融捷股份,66.8,3.54,5.596,66.87,66.99,63.26,63.5,68.88,62.89,38479489.0,2540266975.0,11:20:54
sz002193,如意集团,6.1,-0.03,-0.489,6.09,6.1,6.13,6.13,6.18,5.95,5174700.0,31351873.0,11:20:54
sz002194,武汉凡谷,12.24,-0.25,-2.002,12.22,12.24,12.49,12.43,12.62,12.19,9915120.0,121860105.0,11:20:51
sz002195,岩山科技,7.12,-0.09,-1.248,7.12,7.13,7.21,7.21,7.27,7.12,72959591.0,523223058.0,11:20:54
sz002196,方正电机,13.32,-0.37,-2.703,13.32,13.34,13.69,13.65,14.0,13.23,48908823.0,666225828.0,11:21:03
sz002197,ST证通,9.97,-0.48,-4.593,9.96,9.97,10.45,10.45,10.54,9.93,17876240.0,180252491.0,11:21:03
sz002198,嘉应制药,7.08,0.03,0.426,7.07,7.08,7.05,7.06,7.14,6.96,20486209.0,144948875.0,11:21:03
sz002199,*ST东晶,8.94,-0.21,-2.295,8.93,8.94,9.15,9.15,9.15,8.91,2180400.0,19642259.0,11:20:30
sz002200,*ST交投,8.32,0.18,2.211,8.31,8.32,8.14,8.19,8.43,8.19,2940983.0,24413205.0,11:21:03
sz002201,九鼎新材,8.13,0.27,3.435,8.12,8.13,7.86,7.86,8.16,7.86,14127306.0,113526659.0,11:21:03
sz002202,金风科技,14.83,-0.06,-0.403,14.83,14.85,14.89,14.89,15.22,14.82,35049337.0,527140454.0,11:21:03
sz002203,海亮股份,11.65,0.32,2.824,11.64,11.65,11.33,11.34,11.73,11.26,28266925.0,327702811.0,11:21:03
sz002204,大连重工,6.92,-0.09,-1.284,6.92,6.93,7.01,6.94,6.97,6.85,28635000.0,197473295.0,11:21:03
sz002205,国统股份,17.22,1.57,10.032,17.22,0.0,15.65,15.72,17.22,15.26,13703620.0,224529484.0,11:20:57
sz002206,海 利 得,5.86,-0.04,-0.678,5.85,5.86,5.9,5.9,5.95,5.82,8066806.0,47458205.0,11:21:03
sz002207,准油股份,8.73,-0.15,-1.689,8.73,8.74,8.88,8.84,8.86,8.62,16153800.0,140633720.0,11:21:03
sz002208,合肥城建,13.98,-0.56,-3.851,13.98,13.99,14.54,14.0,14.46,13.41,87621394.0,1214382412.0,11:21:03
sz002209,达 意 隆,14.43,-0.63,-4.183,14.43,14.44,15.06,15.16,15.23,14.4,8213962.0,120485465.0,11:21:03
sz002210,飞马国际,4.02,-0.02,-0.495,4.02,4.03,4.04,4.04,4.08,4.0,41637500.0,168022049.0,11:21:03
sz002211,ST宏达,3.69,-0.06,-1.6,3.68,3.69,3.75,3.74,3.77,3.64,6730800.0,24892699.0,11:21:00
sz002212,天融信,9.29,0.03,0.324,9.28,9.29,9.26,9.29,9.4,9.26,15132266.0,140980088.0,11:21:03
sz002213,大为股份,36.64,3.33,9.997,36.64,0.0,33.31,34.88,36.64,33.6,53795634.0,1894329249.0,11:21:03
sz002214,*ST大立,16.09,0.0,0.0,16.07,16.09,16.09,16.09,16.21,16.02,832427.0,13400523.0,11:20:39
sz002215,诺 普 信,11.54,-0.01,-0.087,11.53,11.54,11.55,11.6,11.65,11.42,5989700.0,68943184.0,11:20:57
sz002216,三全食品,11.72,-0.05,-0.425,11.72,11.73,11.77,11.76,11.79,11.54,3645874.0,42397526.0,11:21:03
sz002217,合力泰,3.2,0.06,1.911,3.19,3.2,3.14,3.16,3.22,3.14,64568955.0,204891525.0,11:21:03
sz002218,拓日新能,4.14,-0.1,-2.358,4.14,4.15,4.24,4.22,4.24,4.11,77438202.0,321791386.0,11:21:03
sz002219,新里程,2.31,0.0,0.0,2.3,2.31,2.31,2.31,2.33,2.28,33609314.0,77293726.0,11:21:03
sz002221,东华能源,8.28,-0.06,-0.719,8.27,8.28,8.34,8.38,8.38,8.25,4095097.0,33956076.0,11:21:00
sz002222,福晶科技,41.7,-0.2,-0.477,41.7,41.71,41.9,42.28,42.45,41.7,4107082.0,172682501.0,11:21:03
sz002223,鱼跃医疗,35.69,0.41,1.162,35.68,35.69,35.28,35.38,35.8,35.33,3563196.0,126855868.0,11:21:03
sz002224,三 力 士,4.59,0.0,0.0,4.59,4.6,4.59,4.61,4.63,4.54,8366000.0,38386521.0,11:20:57
sz002225,濮耐股份,5.98,0.03,0.504,5.98,5.99,5.95,5.98,6.1,5.92,12249500.0,73711172.0,11:21:03
sz002226,江南化工,6.34,0.02,0.316,6.34,6.35,6.32,6.33,6.43,6.32,11893354.0,75865488.0,11:21:03
sz002227,奥 特 迅,13.4,-0.2,-1.471,13.39,13.4,13.6,13.78,13.8,13.3,7612800.0,102550274.0,11:21:03
sz002228,合兴包装,4.08,-0.12,-2.857,4.07,4.08,4.2,4.16,4.34,4.02,97088664.0,402363988.0,11:21:03
sz002229,鸿博股份,15.77,-0.28,-1.745,15.76,15.77,16.05,16.28,16.33,15.73,11559454.0,184315099.0,11:21:03
sz002230,科大讯飞,50.44,-0.48,-0.943,50.44,50.45,50.92,51.3,51.4,50.3,14397691.0,729334344.0,11:21:03
sz002231,*ST奥维,3.14,-0.07,-2.181,3.14,3.15,3.21,3.21,3.24,3.11,7139100.0,22690385.0,11:21:03
sz002232,启明信息,18.83,-0.07,-0.37,18.83,18.84,18.9,19.08,19.14,18.7,2973350.0,56101956.0,11:21:03
sz002233,塔牌集团,8.57,0.05,0.587,8.57,8.58,8.52,8.52,8.58,8.51,2780620.0,23741174.0,11:21:03
sz002234,民和股份,9.33,-0.12,-1.27,9.32,9.33,9.45,9.48,9.5,9.21,3200500.0,29829011.0,11:21:03
sz002235,安妮股份,8.51,0.77,9.948,8.51,0.0,7.74,7.87,8.51,7.65,72981700.0,613032482.0,11:21:03
sz002236,大华股份,19.11,-0.02,-0.105,19.1,19.11,19.13,19.25,19.3,19.09,12314284.0,236278918.0,11:21:03
sz002237,恒邦股份,13.18,-0.09,-0.678,13.17,13.18,13.27,13.16,13.38,13.12,13798901.0,182984178.0,11:20:57
sz002238,天威视讯,8.24,-0.01,-0.121,8.23,8.24,8.25,8.25,8.29,8.16,2705700.0,22257036.0,11:21:03
sz002239,奥特佳,3.14,-0.01,-0.317,3.14,3.15,3.15,3.15,3.19,3.1,42767860.0,134418379.0,11:21:03
sz002240,盛新锂能,41.21,3.09,8.106,41.2,41.21,38.12,38.19,41.93,37.65,112436528.0,4594678740.0,11:21:03
sz002241,歌尔股份,28.39,0.15,0.531,28.39,28.4,28.24,28.5,28.95,28.39,38095987.0,1092374212.0,11:21:03
sz002242,九阳股份,10.98,0.2,1.855,10.97,10.98,10.78,11.0,11.08,10.7,18262054.0,198893844.0,11:21:03
sz002243,力合科创,9.15,0.05,0.549,9.14,9.15,9.1,9.2,9.26,9.11,10406879.0,95581464.0,11:21:03
sz002244,滨江集团,10.57,0.34,3.324,10.57,10.58,10.23,10.22,10.58,10.09,19286281.0,199145828.0,11:21:03
sz002245,蔚蓝锂芯,16.79,0.06,0.359,16.78,16.79,16.73,16.8,17.05,16.74,18179589.0,307114639.0,11:21:03
sz002246,北化股份,20.21,1.84,10.016,20.21,0.0,18.37,18.47,20.21,18.45,21739797.0,432394472.0,11:20:51
sz002247,聚力文化,3.08,-0.02,-0.645,3.07,3.08,3.1,3.11,3.12,3.01,12687500.0,38887484.0,11:21:03
sz002248,华东数控,11.64,-0.04,-0.342,11.64,11.65,11.68,11.73,11.84,11.58,6850900.0,79991348.0,11:21:03
sz002249,大洋电机,10.28,-0.02,-0.194,10.27,10.28,10.3,10.39,10.45,10.25,29586228.0,305744328.0,11:21:03
sz002250,联化科技,13.29,-0.4,-2.922,13.29,13.3,13.69,13.5,13.82,13.11,50754009.0,681887081.0,11:21:03
sz002251,步步高,5.51,-0.15,-2.65,5.5,5.51,5.66,5.67,5.71,5.4,132502574.0,728354975.0,11:21:03
sz002252,上海莱士,6.72,0.02,0.299,6.71,6.72,6.7,6.71,6.73,6.69,13909265.0,93324132.0,11:21:03
sz002253,*ST智胜,9.25,-0.25,-2.632,9.24,9.25,9.5,9.51,9.58,9.16,3570514.0,33484862.0,11:20:57
sz002254,泰和新材,10.37,0.01,0.097,10.37,10.38,10.36,10.41,10.53,10.32,7316572.0,76450929.0,11:21:03
sz002255,海陆重工,13.38,-0.54,-3.879,13.38,13.39,13.92,14.0,14.0,13.15,114874639.0,1548835203.0,11:21:03
sz002256,兆新股份,3.61,-0.04,-1.096,3.6,3.61,3.65,3.66,3.69,3.57,60447545.0,218495757.0,11:21:03
sz002258,利尔化学,13.53,0.21,1.577,13.52,13.53,13.32,13.32,13.57,13.15,11428431.0,153793456.0,11:21:03
sz002259,升达林业,4.02,-0.01,-0.248,4.01,4.02,4.03,4.04,4.04,3.96,6779724.0,27092994.0,11:21:03
sz002261,拓维信息,33.9,0.38,1.134,33.89,33.9,33.52,33.52,34.09,33.01,35326656.0,1190720207.0,11:21:03
sz002262,恩华药业,24.22,0.01,0.041,24.21,24.22,24.21,24.28,24.38,24.15,1270400.0,30812267.0,11:21:03
sz002263,大东南,3.7,0.06,1.648,3.69,3.7,3.64,3.66,3.79,3.66,58693457.0,218358775.0,11:21:03
sz002264,新 华 都,7.48,-0.07,-0.927,7.48,7.49,7.55,7.55,7.63,7.32,22353100.0,165870240.0,11:21:03
sz002265,建设工业,27.06,-0.84,-3.011,27.06,27.07,27.9,27.35,27.6,27.01,8011767.0,217400290.0,11:21:03
sz002266,浙富控股,4.26,-0.05,-1.16,4.26,4.27,4.31,4.31,4.32,4.25,40212565.0,172050765.0,11:21:03
sz002267,陕天然气,8.18,0.07,0.863,8.17,8.18,8.11,8.12,8.18,8.12,3297880.0,26884043.0,11:20:57
sz002268,电科网安,17.2,-0.03,-0.174,17.19,17.2,17.23,17.28,17.4,17.13,2775118.0,47794799.0,11:21:03
sz002269,美邦服饰,2.21,-0.09,-3.913,2.21,2.22,2.3,2.3,2.31,2.18,164158000.0,365029810.0,11:21:03
sz002270,华明装备,25.27,0.07,0.278,25.26,25.27,25.2,25.42,25.88,25.26,5535792.0,141635821.0,11:21:03
sz002271,东方雨虹,12.8,0.12,0.946,12.8,12.82,12.68,12.73,12.83,12.68,6857945.0,87506208.0,11:21:03
sz002272,川润股份,14.39,-0.07,-0.484,14.38,14.39,14.46,14.48,14.65,14.35,8288429.0,120222878.0,11:21:03
sz002273,水晶光电,23.01,0.05,0.218,23.01,23.02,22.96,23.19,23.42,23.0,9235748.0,214274790.0,11:21:03
sz002274,华昌化工,6.51,-0.02,-0.306,6.5,6.51,6.53,6.53,6.54,6.47,4718853.0,30714510.0,11:21:00
sz002275,桂林三金,14.97,0.09,0.605,14.96,14.97,14.88,14.94,14.98,14.85,1333889.0,19906743.0,11:21:00
sz002276,万马股份,16.15,-0.16,-0.981,16.15,16.16,16.31,16.4,16.49,16.11,14997916.0,244410819.0,11:21:03
sz002277,友阿股份,6.38,-0.1,-1.543,6.37,6.38,6.48,6.47,6.52,6.3,16521900.0,105526765.0,11:21:03
sz002278,神开股份,11.29,-0.15,-1.311,11.28,11.29,11.44,11.4,11.47,11.22,13540199.0,153347753.0,11:21:03
sz002279,久其软件,8.16,-0.01,-0.122,8.15,8.16,8.17,8.19,8.42,8.1,59461939.0,488595474.0,11:20:54
sz002281,光迅科技,56.68,-0.5,-0.874,56.68,56.72,57.18,58.44,58.64,56.4,11263077.0,645492408.0,11:20:54
sz002282,博深股份,7.61,0.01,0.132,7.61,7.62,7.6,7.63,7.69,7.54,3294800.0,25056045.0,11:20:54
sz002283,天润工业,6.15,-0.01,-0.162,6.15,6.16,6.16,6.18,6.18,6.13,3943700.0,24278058.0,11:20:54
sz002284,亚太股份,12.03,0.06,0.501,12.02,12.03,11.97,12.02,12.15,11.95,3891263.0,46842753.0,11:20:54
sz002285,世联行,2.65,0.19,7.724,2.65,2.67,2.46,2.46,2.7,2.41,98429257.0,249848657.0,11:20:54
sz002286,保龄宝,9.58,-0.27,-2.741,9.57,9.58,9.85,9.86,9.95,9.48,9414300.0,90597855.0,11:20:54
sz002287,奇正藏药,25.07,0.11,0.441,25.06,25.07,24.96,24.96,25.13,24.88,881943.0,22055513.0,11:20:51
sz002289,*ST宇顺,37.4,0.61,1.658,37.35,37.4,36.79,36.79,37.5,36.43,1984879.0,73556044.0,11:20:54
sz002290,禾盛新材,37.48,0.03,0.08,37.47,37.48,37.45,37.5,37.9,36.7,3240000.0,120729650.0,11:20:09
sz002291,遥望科技,7.15,0.09,1.275,7.15,7.16,7.06,7.11,7.34,7.06,56006605.0,404104466.0,11:20:54
sz002292,奥飞娱乐,9.16,0.11,1.215,9.16,9.17,9.05,9.15,9.29,8.94,54916756.0,502399289.0,11:20:54
sz002293,罗莱生活,9.58,0.01,0.104,9.57,9.58,9.57,9.59,9.66,9.48,2171600.0,20768989.0,11:20:54
sz002294,信立泰,60.55,0.15,0.248,60.53,60.55,60.4,60.28,61.13,59.85,1395500.0,84697371.0,11:20:54
sz002295,精艺股份,11.8,0.01,0.085,11.79,11.8,11.79,11.8,11.99,11.71,3316477.0,39388672.0,11:20:54
sz002296,辉煌科技,10.78,-0.13,-1.192,10.78,10.79,10.91,10.97,10.97,10.72,4021200.0,43512431.0,11:20:54
sz002297,博云新材,8.97,-0.07,-0.774,8.96,8.98,9.04,8.98,9.06,8.92,6947581.0,62371810.0,11:20:54
sz002298,中电鑫龙,12.93,-0.71,-5.205,12.92,12.93,13.64,13.28,13.46,12.8,96136359.0,1257393975.0,11:20:54
sz002299,圣农发展,16.26,-0.23,-1.395,16.26,16.27,16.49,16.51,16.56,16.14,6074101.0,99055158.0,11:20:54
sz002300,太阳电缆,7.03,-0.03,-0.425,7.03,7.04,7.06,7.1,7.21,6.92,26657448.0,187847016.0,11:20:54
sz002301,齐心集团,7.58,-0.59,-7.222,7.57,7.58,8.17,8.17,8.17,7.35,94303095.0,719251394.0,11:20:54
sz002302,西部建设,6.56,0.09,1.391,6.55,6.56,6.47,6.5,6.58,6.49,5047837.0,32989036.0,11:20:54
sz002303,美盈森,4.26,-0.01,-0.234,4.26,4.27,4.27,4.28,4.3,4.25,5200600.0,22235700.0,11:20:54
sz002304,洋河股份,68.63,0.15,0.219,68.62,68.63,68.48,68.5,68.65,68.1,1197533.0,81796462.0,11:20:54
sz002305,*ST南置,2.35,0.03,1.293,2.34,2.35,2.32,2.33,2.37,2.32,22386600.0,52477667.0,11:20:54
sz002306,*ST云网,2.18,-0.11,-4.803,0.0,2.18,2.29,2.2,2.21,2.18,28069100.0,61354240.0,11:20:54
sz002307,北新路桥,4.79,0.14,3.011,4.78,4.79,4.65,4.75,4.95,4.72,35781600.0,172851149.0,11:20:51
sz002309,中利集团,3.31,-0.12,-3.499,3.3,3.31,3.43,3.41,3.43,3.27,66245811.0,221278267.0,11:20:54
sz002310,东方园林,2.46,0.02,0.82,2.46,2.47,2.44,2.46,2.47,2.44,18806200.0,46116529.0,11:20:54
sz002311,海大集团,58.35,-0.19,-0.325,58.31,58.34,58.54,58.64,58.64,57.78,1456207.0,84616071.0,11:20:54
sz002312,川发龙蟒,13.21,0.42,3.284,13.21,13.22,12.79,12.79,13.63,12.65,110453014.0,1467252675.0,11:20:54
sz002313,日海智能,10.71,0.07,0.658,10.7,10.71,10.64,10.66,10.99,10.5,6072500.0,65077753.0,11:20:54
sz002314,南山控股,3.16,0.01,0.317,3.15,3.16,3.15,3.14,3.16,3.07,30482700.0,94867842.0,11:20:54
sz002315,焦点科技,43.85,-0.58,-1.305,43.82,43.87,44.43,44.81,44.96,43.65,2583600.0,113892027.0,11:20:54
sz002316,亚联发展,5.39,-0.02,-0.37,5.38,5.39,5.41,5.43,5.49,5.28,8256400.0,44308687.0,11:20:54
sz002317,众生药业,23.13,0.39,1.715,23.12,23.13,22.74,22.67,23.52,22.26,73275355.0,1672102622.0,11:20:54
sz002318,久立特材,25.31,-0.16,-0.628,25.29,25.31,25.47,25.5,25.66,25.23,2851308.0,72576925.0,11:20:48
sz002319,乐通股份,12.51,0.11,0.887,12.51,12.52,12.4,12.45,12.56,12.25,3135300.0,38938351.0,11:20:54
sz002320,海峡股份,13.78,0.51,3.843,13.77,13.78,13.27,13.29,13.9,13.24,40682271.0,549039196.0,11:20:54
sz002321,华英农业,3.54,0.03,0.855,3.53,3.54,3.51,3.69,3.86,3.5,268792830.0,991822645.0,11:20:54
sz002322,理工能科,12.48,0.01,0.08,12.47,12.48,12.47,12.57,12.58,12.43,1476700.0,18458473.0,11:20:54
sz002323,雅博股份,1.85,0.0,0.0,1.85,1.86,1.85,1.86,1.89,1.82,48141300.0,89168744.0,11:20:54
sz002324,普利特,13.32,-0.14,-1.04,13.32,13.34,13.46,13.57,13.68,13.29,6795890.0,91709418.0,11:20:54
sz002326,永太科技,28.84,-1.16,-3.867,28.83,28.84,30.0,29.54,30.53,28.26,86752015.0,2538071360.0,11:20:54
sz002327,富安娜,7.39,-0.01,-0.135,7.38,7.39,7.4,7.42,7.43,7.29,4057100.0,29784324.0,11:20:54
sz002328,新朋股份,6.6,-0.1,-1.493,6.59,6.6,6.7,6.78,6.78,6.56,17505547.0,116131369.0,11:20:54
sz002329,皇氏集团,3.81,-0.07,-1.804,3.81,3.82,3.88,3.89,3.9,3.72,14960701.0,56612787.0,11:20:54
sz002330,得利斯,5.29,-0.07,-1.306,5.28,5.29,5.36,5.42,5.49,5.19,15671902.0,82777912.0,11:20:54
sz002331,皖通科技,10.08,0.92,10.044,10.08,0.0,9.16,9.4,10.08,9.35,24118560.0,237454689.0,11:20:45
sz002332,仙琚制药,9.61,0.01,0.104,9.6,9.61,9.6,9.63,9.65,9.56,3771614.0,36239103.0,11:20:54
sz002333,罗普斯金,5.98,-0.12,-1.967,5.97,5.98,6.1,6.17,6.19,5.91,10524100.0,63146358.0,11:20:54
sz002334,英威腾,8.59,-0.06,-0.694,8.59,8.6,8.65,8.68,8.73,8.56,7846700.0,67803314.0,11:20:54
sz002335,科华数据,52.75,-0.75,-1.402,52.74,52.75,53.5,54.1,54.87,52.64,8021369.0,428118362.0,11:20:54
sz002337,赛象科技,6.1,0.03,0.494,6.09,6.1,6.07,6.08,6.13,6.04,8979403.0,54606037.0,11:20:54
sz002338,奥普光电,50.21,-0.5,-0.986,50.2,50.21,50.71,50.72,51.25,50.16,2241970.0,113685247.0,11:20:54
sz002339,积成电子,8.1,-0.13,-1.58,8.1,8.11,8.23,8.24,8.3,8.04,6519300.0,53052727.0,11:20:54
sz002340,格林美,8.48,0.18,2.169,8.47,8.48,8.3,8.32,8.75,8.3,291912510.0,2498495158.0,11:20:54
sz002342,巨力索具,7.49,-0.21,-2.727,7.48,7.49,7.7,7.56,7.56,7.46,24411702.0,183113409.0,11:20:54
sz002343,慈文传媒,8.02,-0.13,-1.595,8.02,8.03,8.15,8.15,8.18,7.97,8557320.0,69132016.0,11:20:48
sz002344,海宁皮城,4.73,-0.07,-1.458,4.72,4.73,4.8,4.81,4.81,4.64,14248400.0,67090614.0,11:20:54
sz002345,潮宏基,12.19,0.07,0.578,12.19,12.2,12.12,12.13,12.21,11.96,4538700.0,54956162.0,11:20:54
sz002346,柘中股份,17.63,-0.16,-0.899,17.63,17.65,17.79,17.88,17.93,17.49,1239360.0,21912405.0,11:19:48
sz002347,泰尔股份,6.96,-0.12,-1.695,6.96,6.97,7.08,7.09,7.11,6.94,6896500.0,48324743.0,11:20:54
sz002348,高乐股份,4.75,0.06,1.279,4.75,4.76,4.69,4.73,4.81,4.67,13326900.0,63014299.0,11:20:54
sz002349,精华制药,8.05,0.03,0.374,8.04,8.05,8.02,8.02,8.05,7.92,11857400.0,94813610.0,11:20:48
sz002350,北京科锐,8.61,0.01,0.116,8.6,8.61,8.6,8.6,8.8,8.54,10118633.0,87778695.0,11:20:54
sz002351,漫步者,12.76,0.03,0.236,12.75,12.76,12.73,12.76,12.82,12.65,3159200.0,40202358.0,11:20:51
sz002352,顺丰控股,39.71,0.03,0.076,39.7,39.71,39.68,39.67,39.84,39.63,6808748.0,270315105.0,11:20:54
sz002353,杰瑞股份,52.96,-1.04,-1.926,52.94,52.96,54.0,53.5,53.8,52.6,2277634.0,120869095.0,11:20:45
sz002354,天娱数科,6.69,-0.14,-2.05,6.69,6.7,6.83,6.8,6.85,6.65,30334800.0,203944632.0,11:20:54
sz002355,兴民智通,5.98,-0.01,-0.167,5.97,5.98,5.99,5.98,6.05,5.91,4683044.0,27974961.0,11:20:51
sz002356,赫美集团,3.91,0.1,2.625,3.9,3.91,3.81,3.89,4.18,3.8,134066683.0,535830167.0,11:20:54
sz002357,富临运业,10.07,0.02,0.199,10.07,10.08,10.05,10.13,10.38,10.02,6436200.0,65466305.0,11:20:54
sz002358,森源电气,5.55,-0.07,-1.246,5.55,5.56,5.62,5.64,5.66,5.54,13113600.0,73228168.0,11:20:54
sz002360,同德化工,5.45,0.0,0.0,5.44,5.45,5.45,5.45,5.51,5.36,5628300.0,30611170.0,11:20:51
sz002361,神剑股份,6.59,0.09,1.385,6.59,6.6,6.5,6.51,6.66,6.49,14069104.0,92605407.0,11:20:54
sz002362,汉王科技,22.04,-0.13,-0.586,22.03,22.06,22.17,22.28,22.42,21.86,2538700.0,56147945.0,11:20:54
sz002363,隆基机械,8.92,0.04,0.45,8.92,8.93,8.88,8.92,8.95,8.81,5800100.0,51514662.0,11:20:54
sz002364,中恒电气,22.34,-0.34,-1.499,22.34,22.35,22.68,22.96,23.2,22.33,10611546.0,240616592.0,11:20:54
sz002365,永安药业,16.49,-0.16,-0.961,16.49,16.5,16.65,16.77,16.82,16.34,4343801.0,71862320.0,11:20:54
sz002366,融发核电,7.52,-0.18,-2.338,7.52,7.53,7.7,7.68,7.69,7.51,34022020.0,257380222.0,11:20:54
sz002367,康力电梯,7.22,0.0,0.0,7.21,7.22,7.22,7.25,7.27,7.18,2908100.0,21008823.0,11:20:54
sz002368,太极股份,24.21,-0.26,-1.063,24.22,24.24,24.47,24.6,24.66,24.1,3408719.0,82939204.0,11:20:45
sz002369,卓翼科技,9.91,0.9,9.989,9.91,0.0,9.01,9.06,9.91,8.9,89037222.0,860194057.0,11:20:54
sz002370,亚太药业,7.77,-0.02,-0.257,7.77,7.78,7.79,7.8,7.94,7.66,33125508.0,258252100.0,11:20:54
sz002371,北方华创,405.45,-13.84,-3.301,405.43,405.57,419.29,424.0,425.0,405.01,4641472.0,1905782812.0,11:20:54
sz002372,伟星新材,10.81,0.07,0.652,10.81,10.82,10.74,10.74,10.82,10.64,4522738.0,48411875.0,11:20:54
sz002373,千方科技,11.11,-0.23,-2.028,11.1,11.11,11.34,11.34,11.43,11.03,19418071.0,217015685.0,11:20:54
sz002374,中锐股份,3.49,-0.04,-1.133,3.48,3.49,3.53,3.59,3.62,3.44,50194164.0,175659693.0,11:20:54
sz002375,亚厦股份,4.11,0.0,0.0,4.11,4.12,4.11,4.12,4.15,4.05,6456000.0,26436643.0,11:20:51
sz002376,新北洋,7.58,-0.03,-0.394,7.57,7.58,7.61,7.64,7.68,7.53,5281109.0,40112650.0,11:20:54
sz002377,国创高新,3.16,0.0,0.0,3.16,3.17,3.16,3.17,3.18,3.1,10219100.0,32077986.0,11:20:48
sz002378,章源钨业,12.79,-0.02,-0.156,12.78,12.8,12.81,12.76,13.13,12.66,26142065.0,336880797.0,11:20:54
sz002379,宏创控股,20.4,0.13,0.641,20.4,20.41,20.27,20.39,20.85,20.27,9618384.0,198203058.0,11:20:54
sz002380,科远智慧,27.05,-0.36,-1.313,27.04,27.06,27.41,27.52,27.65,26.92,2265300.0,61529835.0,11:20:48
sz002381,双箭股份,6.95,0.05,0.725,6.95,6.96,6.9,6.98,6.98,6.87,3726959.0,25852830.0,11:20:48
sz002382,蓝帆医疗,5.77,0.04,0.698,5.77,5.78,5.73,5.75,5.79,5.71,3812098.0,21906875.0,11:20:54
sz002383,合众思壮,9.31,0.05,0.54,9.3,9.31,9.26,9.26,9.32,9.13,4690400.0,43472214.0,11:20:54
sz002384,东山精密,70.66,-1.03,-1.437,70.65,70.66,71.69,73.65,74.93,70.61,22166014.0,1608568395.0,11:20:54
sz002385,大北农,4.17,-0.03,-0.714,4.16,4.17,4.2,4.21,4.23,4.13,50418450.0,209916630.0,11:20:54
sz002386,天原股份,6.0,-0.03,-0.498,6.0,6.01,6.03,6.04,6.13,5.96,17941270.0,108687295.0,11:20:54
sz002387,维信诺,9.29,0.13,1.419,9.29,9.3,9.16,9.16,9.42,9.08,19920918.0,184027639.0,11:20:54
sz002388,ST新亚,6.13,-0.24,-3.768,6.12,6.13,6.37,6.37,6.4,6.05,21095784.0,130198094.0,11:20:54
sz002389,航天彩虹,21.81,-0.27,-1.223,21.81,21.83,22.08,21.82,22.01,21.7,8165304.0,178204806.0,11:20:54
sz002390,信邦制药,3.82,0.02,0.526,3.82,3.83,3.8,3.83,3.85,3.78,14663400.0,55962122.0,11:20:54
sz002391,长青股份,6.44,-0.04,-0.617,6.43,6.44,6.48,6.53,6.55,6.35,7162500.0,46149746.0,11:20:54
sz002392,北京利尔,7.52,-0.04,-0.529,7.52,7.53,7.56,7.6,7.62,7.49,7003300.0,52827552.0,11:20:54
sz002393,力生制药,21.13,-0.03,-0.142,21.13,21.15,21.16,21.16,21.3,21.07,694100.0,14700541.0,11:20:33
sz002394,联发股份,13.61,0.67,5.178,13.61,13.64,12.94,12.99,13.8,12.91,17061656.0,227496856.0,11:20:54
sz002395,双象股份,17.09,-0.01,-0.058,17.09,17.1,17.1,17.13,17.25,17.04,1046200.0,17924665.0,11:20:24
sz002396,星网锐捷,25.03,-0.22,-0.871,25.02,25.03,25.25,25.5,25.76,24.95,8225100.0,207397886.0,11:20:54
sz002397,梦洁股份,4.19,-0.13,-3.009,4.19,4.2,4.32,4.33,4.36,4.08,19344907.0,81072439.0,11:20:51
sz002398,垒知集团,5.74,0.11,1.954,5.73,5.74,5.63,5.66,5.88,5.5,53038160.0,301297559.0,11:20:54
sz002399,海普瑞,12.04,0.02,0.166,12.03,12.04,12.02,12.03,12.16,12.0,1751300.0,21151325.0,11:20:54
sz002400,省广集团,8.7,0.04,0.462,8.69,8.7,8.66,8.73,8.81,8.62,90115385.0,786047228.0,11:20:54
sz002401,中远海科,16.86,-0.2,-1.172,16.85,16.86,17.06,17.06,17.07,16.76,2828009.0,47755065.0,11:20:48
sz002402,和而泰,52.62,1.53,2.995,52.61,52.62,51.09,51.5,53.0,51.0,40624347.0,2116678402.0,11:20:54
sz002403,爱仕达,13.08,-0.09,-0.683,13.07,13.08,13.17,13.21,13.24,13.01,1988900.0,26068757.0,11:20:48
sz002404,嘉欣丝绸,7.84,0.1,1.292,7.83,7.84,7.74,7.51,8.0,7.51,59991364.0,466675551.0,11:20:54
sz002405,四维图新,8.52,-0.09,-1.045,8.51,8.52,8.61,8.6,8.64,8.48,16351376.0,139929466.0,11:20:54
sz002406,远东传动,7.94,-0.1,-1.244,7.94,7.95,8.04,8.05,8.08,7.9,13824246.0,110210100.0,11:20:54
sz002407,多氟多,37.06,-0.96,-2.525,37.04,37.06,38.02,37.64,38.7,36.08,127293388.0,4758259569.0,11:20:54
sz002408,齐翔腾达,5.02,-0.06,-1.181,5.02,5.03,5.08,5.06,5.09,5.01,8520720.0,42958876.0,11:20:48
sz002409,雅克科技,70.9,-0.98,-1.363,70.9,70.91,71.88,73.32,73.65,70.9,6481012.0,468129011.0,11:20:54
sz002410,广联达,13.24,-0.18,-1.341,13.23,13.24,13.42,13.47,13.54,13.11,22727380.0,301293944.0,11:20:54
sz002412,汉森制药,6.79,-0.01,-0.147,6.78,6.79,6.8,6.85,6.86,6.68,3861170.0,26136229.0,11:20:51
sz002413,雷科防务,5.9,-0.09,-1.503,5.89,5.9,5.99,5.99,5.99,5.85,49885935.0,294436785.0,11:20:54
sz002414,高德红外,12.35,0.1,0.816,12.34,12.35,12.25,12.25,12.43,12.1,18562898.0,228718849.0,11:20:54
sz002415,海康威视,30.47,0.05,0.164,30.46,30.47,30.42,30.63,30.69,30.41,10507326.0,320810421.0,11:20:54
sz002416,爱施德,11.86,-0.03,-0.252,11.87,11.88,11.89,11.91,11.97,11.82,4650760.0,55254289.0,11:20:54
sz002418,康盛股份,5.15,-0.09,-1.718,5.14,5.15,5.24,5.41,5.47,5.12,47017100.0,247820670.0,11:20:54
sz002419,天虹股份,5.51,-0.08,-1.431,5.51,5.52,5.59,5.62,5.62,5.43,10373626.0,56974713.0,11:20:54
sz002420,毅昌科技,7.26,0.08,1.114,7.26,7.27,7.18,7.24,7.34,7.18,7161300.0,52075171.0,11:20:54
sz002421,达实智能,2.96,0.0,0.0,2.95,2.96,2.96,2.97,2.98,2.92,25729561.0,75833942.0,11:20:54
sz002422,科伦药业,32.92,-0.48,-1.437,32.92,32.94,33.4,33.51,33.58,32.9,4364364.0,144703883.0,11:20:54
sz002423,中粮资本,12.09,0.0,0.0,12.08,12.09,12.09,12.19,12.24,12.04,5323200.0,64491968.0,11:20:54
sz002424,贵州百灵,5.82,0.01,0.172,5.81,5.82,5.81,5.82,5.83,5.74,8907112.0,51537225.0,11:20:54
sz002425,ST凯文,4.02,-0.13,-3.133,4.02,4.03,4.15,4.13,4.15,3.94,38580314.0,154308956.0,11:20:48
sz002426,胜利精密,3.7,-0.06,-1.596,3.7,3.71,3.76,3.8,3.85,3.67,109134147.0,408863172.0,11:20:54
sz002427,尤夫股份,6.72,-0.1,-1.466,6.72,6.73,6.82,6.8,6.88,6.66,6787600.0,45773738.0,11:20:54
sz002428,云南锗业,26.59,-1.0,-3.625,26.59,26.6,27.59,27.11,27.45,26.53,27624743.0,745919860.0,11:20:54
sz002429,兆驰股份,6.17,0.05,0.817,6.16,6.17,6.12,6.2,6.32,6.14,25180973.0,156674623.0,11:20:54
sz002430,杭氧股份,27.61,-0.61,-2.162,27.6,27.61,28.22,28.28,28.49,27.5,6949364.0,193893052.0,11:20:54
sz002431,棕榈股份,2.7,-0.06,-2.174,2.7,2.71,2.76,2.75,2.77,2.65,41101497.0,110603209.0,11:20:54
sz002432,九安医疗,41.97,-0.64,-1.502,41.96,41.97,42.61,42.68,42.88,41.72,6618398.0,279009295.0,11:20:54
sz002434,万里扬,8.57,-0.03,-0.349,8.56,8.57,8.6,8.65,8.69,8.54,5525100.0,47589503.0,11:20:54
sz002436,兴森科技,20.01,-0.57,-2.77,20.01,20.03,20.58,21.11,21.2,19.98,37898310.0,772832055.0,11:20:54
sz002437,誉衡药业,3.23,0.02,0.623,3.22,3.23,3.21,3.23,3.25,3.19,19248300.0,61995932.0,11:20:51
sz002438,江苏神通,13.54,-0.37,-2.66,13.53,13.55,13.91,13.92,13.99,13.53,5766936.0,79154105.0,11:20:54
sz002439,启明星辰,14.93,-0.07,-0.467,14.93,14.94,15.0,15.0,15.05,14.88,5524087.0,82526082.0,11:20:51
sz002440,闰土股份,7.39,-0.07,-0.938,7.38,7.39,7.46,7.48,7.49,7.35,4338600.0,32164887.0,11:20:45
sz002441,众业达,9.55,-0.05,-0.521,9.54,9.55,9.6,9.62,9.71,9.47,3604264.0,34449174.0,11:20:54
sz002442,龙星科技,6.41,0.04,0.628,6.41,6.42,6.37,6.38,6.47,6.35,3448500.0,22104368.0,11:20:54
sz002443,金洲管道,7.78,-0.04,-0.512,7.78,7.79,7.82,7.86,7.86,7.75,4110800.0,32058798.0,11:20:54
sz002444,巨星科技,30.54,-0.24,-0.78,30.53,30.54,30.78,30.76,31.06,30.48,4428447.0,136118939.0,11:20:54
sz002445,中南文化,2.65,0.01,0.379,2.65,2.66,2.64,2.65,2.66,2.6,43557950.0,114645756.0,11:20:54
sz002446,盛路通信,8.23,0.02,0.244,8.23,8.24,8.21,8.24,8.3,8.16,9422800.0,77410421.0,11:20:54
sz002448,中原内配,10.28,-0.15,-1.438,10.28,10.29,10.43,10.53,10.57,10.28,6960050.0,72412542.0,11:20:54
sz002449,国星光电,8.81,0.04,0.456,8.81,8.82,8.77,8.8,8.85,8.74,4232708.0,37255857.0,11:20:54
sz002451,摩恩电气,11.73,0.09,0.773,11.73,11.74,11.64,11.05,12.0,10.61,74592763.0,830461332.0,11:20:54
sz002452,长高电新,8.17,-0.02,-0.244,8.16,8.17,8.19,8.24,8.26,8.14,5936535.0,48598065.0,11:21:06
sz002453,华软科技,7.89,0.27,3.543,7.89,7.9,7.62,7.58,7.98,7.35,70477520.0,548205666.0,11:21:06
sz002454,松芝股份,8.6,0.03,0.35,8.6,8.61,8.57,8.65,8.69,8.56,3351900.0,28908940.0,11:21:06
sz002455,百川股份,8.62,0.78,9.949,8.62,0.0,7.84,7.9,8.62,7.9,39959123.0,340592624.0,11:21:06
sz002456,欧菲光,11.72,0.07,0.601,11.71,11.72,11.65,11.75,11.81,11.58,32513625.0,379833290.0,11:21:06
sz002457,青龙管业,11.32,0.07,0.622,11.31,11.32,11.25,11.3,11.39,11.19,3938422.0,44439206.0,11:21:06
sz002458,益生股份,8.91,-0.06,-0.669,8.9,8.91,8.97,8.94,9.01,8.81,5260460.0,46778450.0,11:21:06
sz002459,晶澳科技,13.5,-0.35,-2.527,13.49,13.5,13.85,13.93,13.95,13.46,32406556.0,442223731.0,11:21:06
sz002460,赣锋锂业,73.74,1.12,1.542,73.74,73.77,72.62,72.52,76.19,72.1,71301492.0,5320165948.0,11:21:06
sz002461,珠江啤酒,9.55,-0.03,-0.313,9.55,9.56,9.58,9.58,9.58,9.49,2651499.0,25244054.0,11:21:06
sz002462,嘉事堂,15.03,0.1,0.67,15.02,15.03,14.93,15.0,15.17,14.75,3777036.0,56477100.0,11:21:06
sz002463,沪电股份,64.86,1.28,2.013,64.86,64.87,63.58,65.8,66.75,63.86,37538231.0,2442585027.0,11:21:06
sz002465,海格通信,11.72,0.03,0.257,11.71,11.72,11.69,11.69,11.81,11.64,19475697.0,228457728.0,11:21:06
sz002466,天齐锂业,64.43,0.84,1.321,64.43,64.44,63.59,63.36,66.65,62.5,91850175.0,5967755642.0,11:21:06
sz002467,二六三,6.35,0.0,0.0,6.34,6.35,6.35,6.39,6.46,6.3,37239829.0,238006506.0,11:21:06
sz002468,申通快递,14.54,0.25,1.749,14.54,14.55,14.29,14.34,14.59,14.22,13664800.0,197347701.0,11:21:06
sz002469,三维化学,8.76,-0.07,-0.793,8.75,8.76,8.83,8.85,8.98,8.73,8426191.0,74577291.0,11:21:06
sz002470,金正大,1.99,0.03,1.531,1.98,1.99,1.96,1.97,1.99,1.96,40727100.0,80438344.0,11:21:06
sz002471,中超控股,4.26,-0.07,-1.617,4.25,4.26,4.33,4.33,4.35,4.24,25927082.0,111096251.0,11:21:06
sz002472,双环传动,38.14,-0.66,-1.701,38.14,38.15,38.8,38.98,39.19,38.09,6926708.0,266546460.0,11:21:06
sz002474,榕基软件,11.32,1.03,10.01,11.32,0.0,10.29,11.1,11.32,10.81,54003842.0,602046809.0,11:21:06
sz002475,立讯精密,56.02,-0.73,-1.286,56.01,56.02,56.75,58.1,58.2,56.01,58952458.0,3364396200.0,11:21:06
sz002476,宝莫股份,6.17,0.33,5.651,6.16,6.17,5.84,5.85,6.25,5.8,20327842.0,122393914.0,11:21:06
sz002478,常宝股份,7.47,-0.04,-0.533,7.46,7.47,7.51,7.47,7.7,7.42,16399636.0,123710154.0,11:21:06
sz002479,富春环保,5.2,0.04,0.775,5.19,5.2,5.16,5.18,5.21,5.16,4615900.0,23958536.0,11:20:57
sz002480,新筑股份,6.51,-0.12,-1.81,6.51,6.54,6.63,6.6,6.63,6.45,6895900.0,45110170.0,11:21:06
sz002481,双塔食品,5.81,-0.04,-0.684,5.81,5.82,5.85,5.85,5.86,5.73,11553800.0,66837793.0,11:21:06
sz002482,广田集团,1.9,0.01,0.529,1.9,1.91,1.89,1.9,1.91,1.87,42249618.0,79831364.0,11:21:06
sz002483,润邦股份,6.74,0.06,0.898,6.73,6.74,6.68,6.69,6.74,6.67,3963300.0,26557391.0,11:20:42
sz002484,江海股份,27.68,1.06,3.982,27.68,27.69,26.62,28.41,29.28,27.51,52478941.0,1509659946.0,11:21:06
sz002485,ST雪发,4.85,-0.25,-4.902,0.0,4.85,5.1,5.19,5.19,4.85,9917447.0,49040719.0,11:21:03
sz002486,嘉麟杰,3.16,-0.03,-0.94,3.16,3.17,3.19,3.19,3.22,3.1,17488894.0,55070380.0,11:21:06
sz002487,大金重工,46.61,-0.11,-0.235,46.61,46.65,46.72,47.01,47.9,46.5,7320924.0,345414417.0,11:21:06
sz002488,金固股份,9.41,-0.04,-0.423,9.39,9.41,9.45,9.5,9.55,9.37,4426550.0,41854984.0,11:21:06
sz002489,浙江永强,4.0,-0.03,-0.744,4.0,4.01,4.03,4.04,4.04,3.94,17481500.0,69610699.0,11:21:06
sz002490,山东墨龙,7.89,-0.29,-3.545,7.87,7.9,8.18,7.95,8.08,7.63,43364502.0,340407580.0,11:21:06
sz002491,通鼎互联,5.2,0.0,0.0,5.19,5.2,5.2,5.24,5.35,5.13,11608400.0,60384476.0,11:21:06
sz002492,恒基达鑫,8.25,-0.19,-2.251,8.25,8.26,8.44,8.45,8.5,8.18,6829550.0,56566747.0,11:21:06
sz002493,荣盛石化,10.41,-0.2,-1.885,10.41,10.42,10.61,10.6,10.72,10.34,18910637.0,198798791.0,11:21:06
sz002494,华斯股份,5.75,0.01,0.174,5.74,5.75,5.74,5.78,5.82,5.61,6502300.0,37163190.0,11:21:06
sz002495,佳隆股份,2.85,-0.03,-1.042,2.85,2.86,2.88,2.88,2.89,2.79,15676840.0,44505766.0,11:21:06
sz002496,*ST辉丰,1.8,-0.04,-2.174,1.8,1.81,1.84,1.83,1.84,1.77,18422680.0,33341766.0,11:21:03
sz002497,雅化集团,25.69,0.86,3.464,25.69,25.7,24.83,25.38,26.79,25.08,84109786.0,2181718629.0,11:21:06
sz002498,汉缆股份,3.71,-0.01,-0.269,3.71,3.72,3.72,3.73,3.76,3.7,12253306.0,45717035.0,11:21:06
sz002500,山西证券,6.26,0.02,0.321,6.26,6.27,6.24,6.34,6.34,6.25,15641181.0,98351167.0,11:21:06
sz002501,利源股份,2.32,-0.02,-0.855,2.32,2.33,2.34,2.34,2.36,2.32,23042881.0,53907477.0,11:21:06
sz002506,协鑫集成,2.81,-0.06,-2.091,2.81,2.82,2.87,2.9,2.92,2.8,156516087.0,444004334.0,11:21:06
sz002507,涪陵榨菜,13.35,-0.01,-0.075,13.35,13.36,13.36,13.39,13.4,13.25,5790060.0,77170440.0,11:21:06
sz002508,老板电器,19.9,0.16,0.811,19.89,19.9,19.74,19.74,19.9,19.68,2046300.0,40442217.0,11:21:06
sz002510,天汽模,6.59,-0.02,-0.303,6.58,6.59,6.61,6.62,6.65,6.56,10120000.0,66772155.0,11:21:06
sz002511,中顺洁柔,8.31,-0.02,-0.24,8.31,8.32,8.33,8.3,8.36,8.25,3481000.0,28887597.0,11:21:03
sz002512,达华智能,5.5,-0.32,-5.498,5.49,5.5,5.82,5.59,5.82,5.3,145177047.0,796627936.0,11:21:06
sz002513,蓝丰生化,9.03,-0.62,-6.425,9.03,9.04,9.65,9.72,9.8,8.97,53252080.0,494365379.0,11:21:06
sz002514,宝馨科技,6.41,0.0,0.0,6.4,6.41,6.41,6.44,6.47,6.36,6549400.0,41950757.0,11:21:06
sz002515,金字火腿,6.2,0.01,0.162,6.2,6.21,6.19,6.21,6.31,6.18,14045575.0,87684619.0,11:21:06
sz002516,旷达科技,5.95,-0.04,-0.668,5.94,5.95,5.99,6.0,6.02,5.91,5793100.0,34511505.0,11:21:06
sz002517,恺英网络,21.0,-0.15,-0.709,20.99,21.0,21.15,21.32,21.48,20.99,11510039.0,243507740.0,11:21:06
sz002518,科士达,45.86,-0.54,-1.164,45.86,45.87,46.4,47.25,48.0,45.59,7789874.0,363293822.0,11:21:06
sz002519,银河电子,4.81,-0.08,-1.636,4.81,4.82,4.89,4.9,4.91,4.77,16803970.0,80983154.0,11:21:03
sz002520,日发精机,6.1,-0.13,-2.087,6.09,6.1,6.23,6.19,6.22,6.08,14886892.0,91025695.0,11:21:06
sz002521,齐峰新材,8.88,0.02,0.226,8.87,8.88,8.86,8.88,8.92,8.85,1176816.0,10459308.0,11:20:48
sz002522,浙江众成,5.33,0.01,0.188,5.32,5.33,5.32,5.34,5.42,5.28,14656299.0,78547872.0,11:21:06
sz002523,天桥起重,4.18,0.02,0.481,4.17,4.18,4.16,4.17,4.2,4.13,14729651.0,61269964.0,11:21:06
sz002524,光正眼科,4.68,-0.01,-0.213,4.67,4.68,4.69,4.71,4.74,4.61,4974302.0,23232515.0,11:21:06
sz002526,山东矿机,3.77,0.0,0.0,3.76,3.77,3.77,3.77,3.79,3.74,14563967.0,54791350.0,11:21:06
sz002527,新时达,16.43,-0.13,-0.785,16.43,16.44,16.56,16.66,16.74,16.4,2600047.0,42997844.0,11:21:06
sz002528,ST英飞拓,3.12,-0.11,-3.406,3.12,3.13,3.23,3.21,3.24,3.11,17698872.0,55985023.0,11:21:06
sz002529,*ST海源,7.45,-0.18,-2.359,7.44,7.45,7.63,7.65,7.72,7.41,3220000.0,24147077.0,11:21:06
sz002530,金财互联,10.22,-0.07,-0.68,10.22,10.23,10.29,10.4,10.44,10.17,13317136.0,136940641.0,11:21:06
sz002531,天顺风能,7.14,0.01,0.14,7.13,7.14,7.13,7.14,7.22,7.11,6838210.0,49044092.0,11:21:06
sz002532,天山铝业,12.98,-0.2,-1.517,12.98,13.0,13.18,13.26,13.38,12.97,22297297.0,294176698.0,11:21:06
sz002533,金杯电工,12.03,-0.05,-0.414,12.03,12.04,12.08,12.2,12.23,12.03,6369299.0,77368862.0,11:21:06
sz002534,西子洁能,15.46,-0.71,-4.391,15.46,15.49,16.17,16.3,16.35,15.4,8478150.0,134569343.0,11:21:06
sz002535,林州重机,4.08,-0.02,-0.488,4.08,4.09,4.1,4.11,4.12,4.04,8035290.0,32747452.0,11:21:06
sz002536,飞龙股份,21.95,-0.61,-2.704,21.95,21.96,22.56,23.05,23.35,21.95,12880395.0,289052582.0,11:21:06
sz002537,海联金汇,8.35,-0.09,-1.066,8.35,8.36,8.44,8.47,8.52,8.31,11754829.0,98628005.0,11:21:06
sz002538,司尔特,6.62,0.08,1.223,6.62,6.63,6.54,6.58,6.72,6.53,12609900.0,83605512.0,11:21:06
sz002539,云图控股,12.04,0.01,0.083,12.04,12.05,12.03,11.98,12.38,11.96,25736462.0,313679466.0,11:21:06
sz002540,亚太科技,7.1,0.16,2.305,7.1,7.11,6.94,6.94,7.43,6.93,21357418.0,153046843.0,11:21:06
sz002541,鸿路钢构,17.54,0.21,1.212,17.54,17.55,17.33,17.34,17.57,17.28,1762095.0,30667197.0,11:21:06
sz002542,中化岩土,3.67,0.02,0.548,3.66,3.67,3.65,3.66,3.68,3.62,15037078.0,54822026.0,11:21:06
sz002543,万和电气,11.01,0.07,0.64,11.0,11.01,10.94,10.95,11.07,10.91,2027408.0,22272447.0,11:20:57
sz002544,普天科技,26.6,0.4,1.527,26.6,26.62,26.2,26.51,26.74,26.23,8402950.0,222661469.0,11:21:06
sz002545,东方铁塔,16.78,-0.14,-0.827,16.78,16.8,16.92,16.98,17.38,16.65,7614300.0,129558148.0,11:21:06
sz002546,新联电子,6.92,-0.05,-0.717,6.91,6.92,6.97,7.01,7.05,6.89,11920000.0,83054640.0,11:21:06
sz002547,春兴精工,4.98,-0.06,-1.19,4.97,4.98,5.04,5.06,5.09,4.95,22084034.0,110473337.0,11:21:06
sz002548,金新农,5.12,-0.11,-2.103,5.12,5.13,5.23,5.23,5.32,5.06,17533480.0,90443410.0,11:21:06
sz002549,凯美特气,22.43,0.42,1.908,22.42,22.43,22.01,22.3,23.3,22.12,62025472.0,1414687337.0,11:21:06
sz002550,千红制药,8.52,-0.02,-0.234,8.52,8.53,8.54,8.56,8.64,8.5,9630799.0,82596073.0,11:21:06
sz002551,尚荣医疗,3.94,-0.05,-1.253,3.93,3.94,3.99,4.0,4.01,3.88,10323057.0,40633829.0,11:21:06
sz002552,宝鼎科技,16.34,0.03,0.184,16.33,16.35,16.31,16.32,16.46,16.25,1674300.0,27389508.0,11:21:06
sz002553,南方精工,27.27,-0.27,-0.98,27.26,27.27,27.54,27.71,27.8,27.22,3295543.0,90424459.0,11:21:06
sz002554,惠博普,3.7,-0.06,-1.596,3.7,3.71,3.76,3.77,3.78,3.64,27978400.0,103066426.0,11:21:06
sz002555,三七互娱,20.08,-0.01,-0.05,20.08,20.09,20.09,20.2,20.28,20.01,18140029.0,365101324.0,11:21:06
sz002556,辉隆股份,6.12,0.01,0.164,6.11,6.12,6.11,6.12,6.15,6.06,11956577.0,72971264.0,11:21:06
sz002557,洽洽食品,22.53,-0.12,-0.53,22.52,22.53,22.65,22.75,22.77,22.38,1720210.0,38701767.0,11:20:57
sz002558,巨人网络,35.57,-0.45,-1.249,35.56,35.57,36.02,35.76,36.39,35.5,7301645.0,261704931.0,11:21:06
sz002559,亚威股份,10.55,-0.01,-0.095,10.54,10.55,10.56,10.63,10.68,10.49,6328850.0,66972229.0,11:21:06
sz002560,通达股份,8.37,-0.05,-0.594,8.36,8.37,8.42,8.47,8.49,8.33,7726300.0,64881053.0,11:21:06
sz002561,徐家汇,8.9,-0.13,-1.44,8.89,8.9,9.03,9.03,9.06,8.76,6792356.0,60113883.0,11:21:06
sz002562,兄弟科技,6.89,0.02,0.291,6.88,6.89,6.87,6.91,6.96,6.84,12763600.0,88143885.0,11:21:06
sz002563,森马服饰,5.95,-0.02,-0.335,5.94,5.95,5.97,5.98,6.19,5.88,25620879.0,153914254.0,11:21:06
sz002564,天沃科技,8.45,-0.2,-2.312,8.44,8.45,8.65,8.65,8.71,8.39,14137182.0,120035919.0,11:21:03
sz002565,顺灏股份,7.13,0.03,0.423,7.13,7.14,7.1,7.15,7.25,7.07,11542173.0,82397449.0,11:21:03
sz002566,益盛药业,8.32,0.03,0.362,8.31,8.32,8.29,8.32,8.34,8.18,1694600.0,14006336.0,11:21:06
sz002567,唐人神,4.8,-0.06,-1.235,4.79,4.8,4.86,4.84,4.85,4.77,22534100.0,108201608.0,11:21:06
sz002568,百润股份,24.01,-0.14,-0.58,24.0,24.01,24.15,24.18,24.22,23.81,2891902.0,69335241.0,11:21:03
sz002569,*ST步森,11.1,0.22,2.022,11.08,11.1,10.88,10.95,11.19,10.89,1523000.0,16826630.0,11:21:06
sz002570,贝因美,6.23,-0.1,-1.58,6.23,6.24,6.33,6.32,6.36,6.2,27505303.0,172072396.0,11:21:06
sz002571,德力股份,8.67,0.06,0.697,8.65,8.66,8.61,8.66,8.78,8.55,5653600.0,48990738.0,11:21:06
sz002572,索菲亚,13.94,0.47,3.489,13.94,13.95,13.47,13.44,13.95,13.44,11892926.0,163479730.0,11:21:06
sz002573,清新环境,4.09,0.03,0.739,4.08,4.09,4.06,4.09,4.1,4.04,4785843.0,19494981.0,11:21:03
sz002574,明牌珠宝,6.05,0.0,0.0,6.05,6.06,6.05,6.08,6.1,5.91,4933970.0,29682039.0,11:21:06
sz002575,群兴玩具,6.04,-0.06,-0.984,6.03,6.04,6.1,6.12,6.15,5.93,15811800.0,95337559.0,11:21:06
sz002576,通达动力,17.33,0.03,0.173,17.32,17.33,17.3,17.57,17.61,17.15,1591200.0,27631670.0,11:21:06
sz002577,雷柏科技,18.71,0.01,0.053,18.71,18.72,18.7,18.73,18.99,18.64,1084974.0,20390613.0,11:21:06
sz002578,闽发铝业,4.17,0.02,0.482,4.17,4.18,4.15,4.29,4.33,4.07,86304057.0,364025079.0,11:21:06
sz002579,中京电子,11.14,0.06,0.542,11.14,11.15,11.08,11.2,11.36,11.11,9529560.0,107080920.0,11:21:03
sz002580,圣阳股份,13.64,0.01,0.073,13.64,13.65,13.63,13.71,13.92,13.58,8196860.0,112399363.0,11:21:06
sz002581,ST未名,8.06,-0.03,-0.371,8.07,8.08,8.09,8.09,8.16,7.97,2115900.0,17035716.0,11:20:24
sz002582,好想你,10.41,-0.06,-0.573,10.41,10.43,10.47,10.45,10.45,10.23,5964500.0,61688290.0,11:21:06
sz002583,海能达,11.73,0.24,2.089,11.73,11.74,11.49,11.51,11.84,11.37,31815445.0,369169472.0,11:21:06
sz002584,西陇科学,8.86,0.18,2.074,8.86,8.87,8.68,8.69,8.95,8.65,32011375.0,283294681.0,11:21:06
sz002585,双星新材,6.03,0.14,2.377,6.02,6.03,5.89,5.9,6.13,5.9,21940464.0,132546251.0,11:21:06
sz002586,*ST围海,4.18,-0.04,-0.948,4.18,4.19,4.22,4.23,4.27,4.17,3722100.0,15651597.0,11:21:06
sz002587,奥拓电子,6.59,0.06,0.919,6.58,6.59,6.53,6.56,6.61,6.48,8924600.0,58472270.0,11:21:06
sz002588,史丹利,9.93,0.01,0.101,9.93,9.94,9.92,9.92,10.07,9.88,4893700.0,48851742.0,11:21:06
sz002589,瑞康医药,2.97,0.0,0.0,2.96,2.97,2.97,2.96,2.99,2.93,15174000.0,44920027.0,11:21:06
sz002590,万安科技,13.07,-0.03,-0.229,13.06,13.07,13.1,13.17,13.22,13.03,2844699.0,37328797.0,11:21:06
sz002591,恒大高新,7.18,0.02,0.279,7.17,7.18,7.16,7.17,7.33,7.11,11261700.0,80943784.0,11:21:06
sz002592,ST八菱,7.29,0.01,0.137,7.27,7.29,7.28,7.3,7.36,7.2,2137900.0,15557209.0,11:21:03
sz002593,日上集团,5.93,-0.19,-3.105,5.92,5.93,6.12,6.14,6.18,5.77,68962038.0,408675409.0,11:21:06
sz002594,比亚迪,94.01,-1.16,-1.219,94.0,94.01,95.17,95.17,95.5,93.5,25951850.0,2449994431.0,11:21:06
sz002595,豪迈科技,67.37,0.15,0.223,67.36,67.37,67.22,67.22,68.07,66.5,1529900.0,103064153.0,11:21:03
sz002596,海南瑞泽,4.93,0.18,3.789,4.93,4.94,4.75,4.84,4.95,4.66,65925938.0,317353519.0,11:21:06
sz002597,金禾实业,20.89,-0.36,-1.694,20.89,20.9,21.25,21.2,21.5,20.87,4294774.0,90892644.0,11:21:06
sz002598,山东章鼓,11.54,0.01,0.087,11.53,11.54,11.53,11.56,11.73,11.47,2919300.0,33815201.0,11:21:03
sz002599,盛通股份,8.15,0.01,0.123,8.14,8.15,8.14,8.15,8.21,8.07,3923804.0,31905715.0,11:21:03
sz002600,领益智造,13.42,-0.01,-0.074,13.41,13.42,13.43,13.58,13.68,13.4,43977478.0,595419301.0,11:21:06
sz002601,龙佰集团,18.24,0.04,0.22,18.24,18.25,18.2,18.2,18.5,18.16,6121511.0,112244889.0,11:21:06
sz002602,世纪华通,17.34,0.56,3.337,17.34,17.35,16.78,16.71,17.5,16.67,115439399.0,1981732572.0,11:21:06
sz002603,以岭药业,18.91,0.05,0.265,18.91,18.92,18.86,18.85,19.15,18.69,18268052.0,345164815.0,11:21:06
sz002605,姚记科技,24.26,-0.77,-3.076,24.26,24.27,25.03,25.03,25.15,24.2,3984200.0,98027215.0,11:21:06
sz002606,大连电瓷,9.13,0.01,0.11,9.12,9.13,9.12,9.15,9.22,9.11,4045200.0,37094293.0,11:21:06
sz002607,中公教育,2.68,-0.02,-0.741,2.68,2.69,2.7,2.7,2.7,2.66,75156100.0,201109011.0,11:21:06
sz002608,江苏国信,7.92,0.02,0.253,7.91,7.92,7.9,7.92,7.96,7.89,7140000.0,56510734.0,11:21:06
sz002609,捷顺科技,9.49,-0.04,-0.42,9.48,9.49,9.53,9.56,9.59,9.41,3497800.0,33165531.0,11:21:06
sz002611,东方精工,18.09,0.18,1.005,18.08,18.09,17.91,18.12,18.45,18.03,44615932.0,812144233.0,11:21:06
sz002612,朗姿股份,22.38,-1.26,-5.33,22.37,22.38,23.64,23.63,23.64,22.06,27825882.0,626393958.0,11:21:06
sz002613,北玻股份,4.04,0.02,0.498,4.04,4.05,4.02,4.05,4.07,3.99,6975900.0,28080961.0,11:21:06
sz002614,奥佳华,7.35,-0.03,-0.407,7.35,7.36,7.38,7.4,7.46,7.23,8267585.0,60391337.0,11:21:06
sz002615,哈尔斯,8.36,0.1,1.211,8.35,8.36,8.26,8.26,8.54,8.23,9289400.0,77851265.0,11:21:06
sz002616,长青集团,6.25,-0.01,-0.16,6.24,6.25,6.26,6.28,6.31,6.22,4679948.0,29312885.0,11:20:51
sz002617,露笑科技,8.49,0.04,0.473,8.49,8.5,8.45,8.55,8.61,8.46,28993017.0,247368268.0,11:21:06
sz002620,ST瑞和,6.55,-0.34,-4.935,0.0,6.55,6.89,6.77,6.87,6.55,7623200.0,50540978.0,11:21:00
sz002622,皓宸医疗,3.39,0.02,0.593,3.38,3.39,3.37,3.41,3.46,3.32,17721700.0,60115521.0,11:21:06
sz002623,亚玛顿,19.39,-0.16,-0.818,19.38,19.39,19.55,19.54,19.86,19.31,1622035.0,31545123.0,11:21:06
sz002624,完美世界,15.0,-0.1,-0.662,15.0,15.01,15.1,15.16,15.21,15.0,10032838.0,151452851.0,11:21:06
sz002625,光启技术,42.07,-0.46,-1.082,42.07,42.08,42.53,42.5,42.7,41.98,8976838.0,379003545.0,11:21:06
sz002626,金达威,19.49,-0.29,-1.466,19.49,19.5,19.78,19.79,19.88,19.46,2839897.0,55742134.0,11:21:06
sz002627,三峡旅游,6.39,-0.15,-2.294,6.38,6.39,6.54,6.51,6.55,6.34,8286700.0,53109550.0,11:21:06
sz002628,成都路桥,4.51,0.01,0.222,4.5,4.51,4.5,4.5,4.51,4.45,5820400.0,26087494.0,11:20:57
sz002629,仁智股份,9.11,-0.3,-3.188,9.09,9.11,9.41,9.5,9.5,9.05,8726500.0,80838227.0,11:21:06
sz002630,ST华西,2.81,-0.03,-1.056,2.8,2.81,2.84,2.82,2.84,2.77,20815769.0,58426155.0,11:21:03
sz002631,德尔未来,5.42,-0.05,-0.914,5.41,5.42,5.47,5.5,5.5,5.35,5457800.0,29498627.0,11:21:06
sz002632,道明光学,10.29,0.05,0.488,10.28,10.29,10.24,10.28,10.43,10.24,5483300.0,56724531.0,11:21:06
sz002633,申科股份,17.37,-0.09,-0.515,17.36,17.37,17.46,17.46,17.74,17.21,1208200.0,21058002.0,11:20:54
sz002634,棒杰股份,6.06,0.32,5.575,6.06,6.07,5.74,5.75,6.1,5.68,17045163.0,100305530.0,11:21:06
sz002635,安洁科技,13.72,0.07,0.513,13.72,13.73,13.65,13.75,13.78,13.66,2136100.0,29303593.0,11:21:06
sz002636,金安国纪,15.11,-0.07,-0.461,15.1,15.11,15.18,15.53,15.75,15.1,14251462.0,219617068.0,11:21:06
sz002637,赞宇科技,11.2,-0.09,-0.797,11.19,11.2,11.29,11.28,11.42,11.11,3025247.0,34146681.0,11:21:06
sz002638,勤上股份,2.78,-0.03,-1.068,2.78,2.79,2.81,2.81,2.83,2.76,11071400.0,30931022.0,11:21:06
sz002639,雪人集团,15.12,-0.53,-3.387,15.12,15.13,15.65,15.01,15.5,14.39,123357723.0,1838637482.0,11:21:06
sz002640,跨境通,4.74,-0.08,-1.66,4.73,4.74,4.82,4.8,4.85,4.71,36326700.0,172666664.0,11:21:06
sz002641,公元股份,4.36,0.01,0.23,4.35,4.36,4.35,4.37,4.38,4.3,8616870.0,37409246.0,11:21:06
sz002642,荣联科技,8.82,0.19,2.202,8.81,8.82,8.63,8.7,9.08,8.65,23409850.0,207390239.0,11:21:06
sz002643,万润股份,13.75,0.15,1.103,13.75,13.76,13.6,13.74,14.09,13.7,16458961.0,229454768.0,11:21:06
sz002644,佛慈制药,9.04,-0.04,-0.441,9.04,9.05,9.08,9.12,9.14,8.94,3850900.0,34759725.0,11:21:06
sz002645,华宏科技,14.97,-0.01,-0.067,14.97,14.98,14.98,14.9,15.22,14.86,6920537.0,104454343.0,11:21:06
sz002646,天佑德酒,9.8,0.0,0.0,9.78,9.8,9.8,9.81,9.82,9.66,2320265.0,22602204.0,11:21:03
sz002647,*ST仁东,7.15,-0.06,-0.832,7.15,7.16,7.21,7.16,7.28,7.08,5442100.0,39037189.0,11:21:03
sz002648,卫星化学,17.45,-0.04,-0.229,17.45,17.47,17.49,17.55,17.68,17.43,16486417.0,289414145.0,11:21:06
sz002649,博彦科技,13.32,-0.07,-0.523,13.31,13.32,13.39,13.44,13.47,13.19,5618641.0,74883719.0,11:21:03
sz002650,ST加加,7.07,-0.02,-0.282,7.06,7.07,7.09,7.09,7.13,7.05,2142700.0,15192733.0,11:20:57
sz002651,利君股份,10.96,-0.29,-2.578,10.95,10.96,11.25,11.1,11.1,10.95,9129000.0,100577257.0,11:21:06
sz002652,扬子新材,3.85,-0.01,-0.259,3.84,3.85,3.86,3.87,3.88,3.76,9913878.0,37927689.0,11:21:06
sz002653,海思科,56.55,0.1,0.177,56.48,56.55,56.45,56.24,58.0,56.24,1394100.0,79362423.0,11:21:03
sz002654,万润科技,14.55,-0.42,-2.806,14.54,14.55,14.97,15.2,15.37,14.49,30899210.0,457182425.0,11:21:06
sz002655,共达电声,12.22,0.07,0.576,12.22,12.23,12.15,12.17,12.36,12.15,5353544.0,65559299.0,11:21:06
sz002656,*ST摩登,2.54,-0.07,-2.682,2.54,2.55,2.61,2.59,2.61,2.5,17312240.0,43913029.0,11:21:06
sz002657,中科金财,27.45,-0.21,-0.759,27.44,27.45,27.66,27.69,28.15,27.31,7755900.0,214669932.0,11:21:06
sz002658,雪迪龙,8.92,0.01,0.112,8.91,8.92,8.91,8.92,9.09,8.8,9608154.0,86021369.0,11:21:06
sz002659,凯文教育,5.97,-0.1,-1.647,5.97,5.98,6.07,6.07,6.13,5.8,36100522.0,214923338.0,11:21:06
sz002660,茂硕电源,9.84,-0.04,-0.405,9.83,9.84,9.88,9.9,9.99,9.76,2839400.0,27994910.0,11:21:06
sz002661,克明食品,9.74,-0.06,-0.612,9.74,9.75,9.8,9.79,9.86,9.64,1872600.0,18195897.0,11:21:06
sz002662,峰璟股份,3.82,0.0,0.0,3.82,3.83,3.82,3.84,3.85,3.78,9891300.0,37757616.0,11:21:06
sz002663,普邦股份,2.29,0.01,0.439,2.28,2.29,2.28,2.28,2.32,2.25,14105895.0,32141461.0,11:21:06
sz002664,信质集团,23.13,-0.14,-0.602,23.11,23.13,23.27,23.33,23.6,23.05,1895962.0,44104651.0,11:21:06
sz002666,德联集团,5.43,-0.01,-0.184,5.42,5.43,5.44,5.45,5.51,5.37,4714400.0,25678454.0,11:21:06
sz002667,威领股份,16.96,1.54,9.987,16.96,0.0,15.42,15.43,16.96,15.42,31924468.0,525878578.0,11:21:06
sz002668,TCL智家,10.67,-0.12,-1.112,10.66,10.67,10.79,10.86,10.86,10.62,7297327.0,78033389.0,11:21:06
sz002669,康达新材,13.48,0.62,4.821,13.47,13.48,12.86,13.53,14.1,13.33,23786059.0,325349983.0,11:21:06
sz002670,国盛证券,17.69,-0.16,-0.896,17.69,17.7,17.85,18.48,18.56,17.69,25944896.0,468661191.0,11:21:06
sz002671,龙泉股份,5.34,0.03,0.565,5.33,5.34,5.31,5.34,5.37,5.27,6983512.0,37149357.0,11:21:06
sz002672,东江环保,5.4,-0.09,-1.639,5.4,5.41,5.49,5.51,5.51,5.39,5408663.0,29467575.0,11:21:03
sz002673,西部证券,8.33,0.06,0.726,8.32,8.33,8.27,8.39,8.41,8.3,23549873.0,196722369.0,11:21:06
sz002674,兴业科技,13.3,-0.02,-0.15,13.3,13.31,13.32,13.55,13.55,13.14,1584300.0,21085557.0,11:21:06
sz002675,东诚药业,15.17,0.12,0.797,15.16,15.17,15.05,15.03,15.24,15.03,2825600.0,42792105.0,11:21:03
sz002676,顺威股份,8.21,-0.08,-0.965,8.2,8.21,8.29,8.35,8.43,8.14,10926800.0,90338893.0,11:21:06
sz002677,浙江美大,8.48,0.09,1.073,8.48,8.49,8.39,8.38,8.63,8.29,10691359.0,90092356.0,11:21:06
sz002678,珠江钢琴,5.08,0.02,0.395,5.08,5.09,5.06,5.06,5.13,5.01,9328710.0,47231395.0,11:21:06
sz002679,福建金森,14.55,0.17,1.182,14.52,14.55,14.38,13.86,14.61,13.1,18033994.0,246850814.0,11:21:06
sz002681,奋达科技,7.07,0.16,2.315,7.06,7.07,6.91,6.91,7.18,6.85,68200670.0,479448777.0,11:21:06
sz002682,龙洲股份,6.38,-0.68,-9.632,6.37,6.38,7.06,6.57,6.6,6.35,113477358.0,724430521.0,11:21:06
sz002683,广东宏大,38.57,-2.33,-5.697,38.56,38.57,40.9,41.11,41.65,38.0,12908805.0,505495819.0,11:21:06
sz002685,华东重机,7.61,-0.02,-0.262,7.6,7.61,7.63,7.78,7.79,7.51,13056500.0,99166811.0,11:21:06
sz002686,亿利达,6.73,0.22,3.379,6.73,6.74,6.51,6.53,6.88,6.43,12477902.0,83402447.0,11:21:06
sz002687,乔治白,5.15,-0.02,-0.387,5.15,5.16,5.17,5.2,5.22,5.04,8899096.0,45582488.0,11:21:06
sz002688,金河生物,6.16,-0.03,-0.485,6.16,6.17,6.19,6.2,6.21,6.14,5222100.0,32230984.0,11:21:06
sz002689,远大智能,4.57,0.0,0.0,4.56,4.57,4.57,4.58,4.63,4.53,9941600.0,45525809.0,11:21:06
sz002690,美亚光电,19.77,-0.19,-0.952,19.76,19.77,19.96,19.97,20.0,19.68,1659840.0,32857152.0,11:21:06
sz002691,冀凯股份,10.13,-0.27,-2.596,10.13,10.14,10.4,10.66,10.72,10.05,24358202.0,251989399.0,11:21:06
sz002692,远程股份,5.32,-0.05,-0.931,5.32,5.33,5.37,5.4,5.41,5.27,7138600.0,38014523.0,11:21:03
sz002693,*ST双成,7.81,-0.23,-2.861,7.81,7.82,8.04,7.99,8.03,7.67,10593000.0,83066945.0,11:21:06
sz002694,顾地科技,4.69,0.02,0.428,4.68,4.69,4.67,4.68,4.73,4.62,3525160.0,16456123.0,11:21:06
sz002695,煌上煌,12.19,-0.19,-1.535,12.19,12.2,12.38,12.35,12.44,12.11,3229618.0,39420504.0,11:21:06
sz002696,百洋股份,7.34,-0.57,-7.206,7.33,7.34,7.91,7.84,7.84,7.17,34636910.0,254847147.0,11:21:06
sz002697,红旗连锁,5.7,-0.12,-2.062,5.69,5.7,5.82,5.81,5.82,5.65,24508100.0,139598824.0,11:21:06
sz002698,博实股份,15.17,0.03,0.198,15.16,15.17,15.14,15.22,15.25,15.1,1812600.0,27495041.0,11:20:57
sz002700,万憬能源,7.26,0.05,0.693,7.25,7.26,7.21,7.22,7.3,7.2,2582800.0,18707361.0,11:21:03
sz002701,奥瑞金,5.7,0.01,0.176,5.7,5.71,5.69,5.71,5.73,5.67,8827300.0,50358831.0,11:21:06
sz002702,海欣食品,5.27,-0.32,-5.725,5.26,5.27,5.59,5.46,5.58,5.13,54895409.0,289901836.0,11:21:06
sz002703,浙江世宝,12.18,-0.58,-4.545,12.17,12.18,12.76,12.63,12.64,12.12,24696942.0,303806766.0,11:21:06
sz002705,新宝股份,15.03,0.03,0.2,15.02,15.03,15.0,15.05,15.13,14.97,2144100.0,32263842.0,11:21:06
sz002706,良信股份,10.18,-0.17,-1.643,10.17,10.18,10.35,10.39,10.42,10.14,18235909.0,187067044.0,11:21:06
sz002707,众信旅游,7.01,-0.09,-1.268,7.01,7.02,7.1,7.11,7.14,6.95,12216900.0,85788501.0,11:21:06
sz002708,光洋股份,12.43,-0.02,-0.161,12.42,12.43,12.45,12.55,12.65,12.41,3831800.0,47824031.0,11:21:06
sz002709,天赐材料,46.63,1.78,3.969,46.62,46.63,44.85,45.48,47.87,45.12,127113553.0,5925949904.0,11:21:06
sz002712,思美传媒,5.94,0.02,0.338,5.94,5.95,5.92,5.93,5.98,5.85,8452100.0,50027829.0,11:21:06
sz002713,*ST东易,17.61,-0.93,-5.016,0.0,17.61,18.54,18.6,18.6,17.61,12543200.0,227640755.0,11:21:06
sz002714,牧原股份,48.34,-0.11,-0.227,48.34,48.36,48.45,48.45,48.8,48.11,7450858.0,360326658.0,11:21:09
sz002715,登云股份,22.87,-0.49,-2.098,22.87,22.88,23.36,23.2,23.5,22.82,4325800.0,99726306.0,11:21:09
sz002716,湖南白银,6.16,-0.18,-2.839,6.16,6.17,6.34,6.22,6.27,6.11,69777341.0,432006143.0,11:21:09
sz002717,ST岭南,1.93,-0.01,-0.515,1.92,1.93,1.94,1.91,1.95,1.89,39134603.0,74981103.0,11:21:09
sz002718,友邦吊顶,32.7,1.1,3.481,32.63,32.7,31.6,31.62,32.87,30.88,1887660.0,59800474.0,11:21:09
sz002719,麦趣尔,9.62,-0.12,-1.232,9.61,9.62,9.74,9.73,9.78,9.4,4594366.0,44044154.0,11:21:06
sz002721,金一文化,3.43,-0.04,-1.153,3.43,3.44,3.47,3.45,3.47,3.41,25869200.0,88790928.0,11:21:09
sz002722,物产金轮,16.26,-0.2,-1.215,16.25,16.26,16.46,16.48,16.55,16.06,3244996.0,52800931.0,11:21:09
sz002723,小崧股份,7.46,-0.23,-2.991,7.46,7.47,7.69,7.66,7.74,7.4,7118960.0,53714816.0,11:21:09
sz002724,海洋王,7.09,-0.11,-1.528,7.08,7.09,7.2,7.18,7.23,7.05,7322000.0,52115319.0,11:21:09
sz002725,跃岭股份,14.28,0.17,1.205,14.27,14.28,14.11,14.13,14.5,14.13,3530520.0,50634264.0,11:21:09
sz002726,龙大美食,4.81,-0.07,-1.434,4.81,4.82,4.88,4.88,4.88,4.77,14294060.0,68703917.0,11:21:09
sz002727,一心堂,13.36,-0.12,-0.89,13.36,13.37,13.48,13.49,13.54,13.3,5240600.0,70186126.0,11:21:09
sz002728,特一药业,12.29,-0.06,-0.486,12.28,12.29,12.35,12.32,12.56,12.05,38308724.0,470123822.0,11:21:09
sz002729,好利科技,15.6,0.31,2.027,15.59,15.6,15.29,15.4,15.74,15.22,4406400.0,68217466.0,11:21:06
sz002730,电光科技,15.14,-0.23,-1.496,15.14,15.15,15.37,15.37,15.45,15.02,2692731.0,40952718.0,11:21:09
sz002731,萃华珠宝,16.13,-0.18,-1.104,16.13,16.14,16.31,16.25,16.56,15.91,7776815.0,125751427.0,11:21:09
sz002732,燕塘乳业,17.94,-0.16,-0.884,17.94,17.95,18.1,18.1,18.12,17.68,1813700.0,32437821.0,11:21:00
sz002733,雄韬股份,20.96,-0.12,-0.569,20.96,20.98,21.08,21.2,21.38,20.86,7026140.0,148322112.0,11:21:09
sz002734,利民股份,18.02,-0.48,-2.595,18.01,18.02,18.5,18.66,18.66,17.91,13729790.0,248771790.0,11:21:06
sz002735,王子新材,14.97,-0.12,-0.795,14.97,14.98,15.09,15.09,15.19,14.9,6574035.0,98636629.0,11:21:06
sz002736,国信证券,13.56,0.02,0.148,13.55,13.56,13.54,13.79,13.83,13.53,19131800.0,260911349.0,11:21:06
sz002737,葵花药业,14.79,0.02,0.135,14.78,14.79,14.77,14.77,14.8,14.68,984892.0,14525269.0,11:21:09
sz002738,中矿资源,73.14,3.27,4.68,73.14,73.15,69.87,70.5,75.0,69.87,29744477.0,2173699737.0,11:21:09
sz002739,万达电影,11.4,-0.09,-0.783,11.39,11.4,11.49,11.55,11.64,11.33,16704750.0,190955242.0,11:21:06
sz002741,光华科技,26.05,2.37,10.008,26.05,0.0,23.68,23.59,26.05,23.49,26761848.0,682741114.0,11:21:09
sz002742,*ST三圣,4.85,-0.06,-1.222,4.84,4.85,4.91,4.96,4.99,4.78,6231900.0,30387128.0,11:21:03
sz002743,富煌钢构,5.62,-0.03,-0.531,5.61,5.62,5.65,5.65,5.69,5.53,4848000.0,27174678.0,11:21:06
sz002745,木林森,8.84,-0.04,-0.45,8.84,8.85,8.88,8.89,8.95,8.82,7569700.0,67171310.0,11:21:09
sz002746,仙坛股份,6.42,-0.09,-1.382,6.41,6.42,6.51,6.52,6.53,6.37,8849800.0,56891957.0,11:21:09
sz002747,埃斯顿,21.97,-0.15,-0.678,21.96,21.97,22.12,22.26,22.36,21.91,4671806.0,103307358.0,11:21:03
sz002748,世龙实业,12.15,-0.25,-2.016,12.14,12.15,12.4,12.44,12.53,11.99,10926000.0,134013558.0,11:21:09
sz002749,国光股份,14.69,0.02,0.136,14.69,14.7,14.67,14.65,14.75,14.61,769200.0,11288564.0,11:21:09
sz002752,昇兴股份,6.61,0.39,6.27,6.6,6.61,6.22,6.26,6.84,6.23,61876742.0,416686381.0,11:21:09
sz002753,永东股份,8.23,0.75,10.027,8.23,0.0,7.48,7.49,8.23,7.48,11077928.0,89974132.0,11:21:06
sz002755,奥赛康,17.24,-0.14,-0.806,17.23,17.24,17.38,17.37,17.49,17.13,8356900.0,144734556.0,11:21:09
sz002756,永兴材料,55.89,1.47,2.701,55.89,55.9,54.42,55.32,58.0,53.81,24862025.0,1404005400.0,11:21:09
sz002757,南兴股份,16.99,-0.11,-0.643,16.97,16.99,17.1,17.15,17.23,16.86,2467200.0,41935856.0,11:21:09
sz002758,浙农股份,9.8,-0.04,-0.407,9.79,9.8,9.84,9.88,9.9,9.73,3583650.0,35077934.0,11:21:09
sz002759,天际股份,41.96,-1.21,-2.803,41.96,41.98,43.17,42.0,43.49,40.41,48938556.0,2060460977.0,11:21:09
sz002760,凤形股份,22.53,-0.12,-0.53,22.52,22.53,22.65,22.7,22.94,22.23,1667300.0,37573002.0,11:21:09
sz002761,浙江建投,9.57,0.18,1.917,9.56,9.57,9.39,9.62,9.66,9.41,15927000.0,151858200.0,11:21:09
sz002762,*ST金比,7.22,-0.29,-3.862,7.21,7.23,7.51,7.45,7.5,7.18,4662570.0,34045484.0,11:21:06
sz002763,汇洁股份,7.66,-0.01,-0.13,7.65,7.66,7.67,7.71,7.77,7.53,5309600.0,40511800.0,11:21:00
sz002765,蓝黛科技,12.08,-0.17,-1.388,12.08,12.09,12.25,12.24,12.36,12.07,7516618.0,91478298.0,11:21:06
sz002766,索菱股份,5.19,0.0,0.0,5.18,5.19,5.19,5.2,5.24,5.15,4884500.0,25357957.0,11:21:09
sz002767,先锋电子,19.91,-0.15,-0.748,19.91,19.92,20.06,20.07,20.19,19.66,3551700.0,70523035.0,11:21:09
sz002768,国恩股份,54.33,-1.55,-2.774,54.28,54.37,55.88,55.86,55.86,54.04,1135000.0,62267537.0,11:21:09
sz002769,普路通,10.31,0.12,1.178,10.3,10.31,10.19,10.22,10.33,10.14,3647300.0,37317914.0,11:21:09
sz002771,真视通,16.38,0.02,0.122,16.37,16.38,16.36,16.3,16.49,16.14,3600990.0,58609447.0,11:21:06
sz002772,众兴菌业,12.56,-0.04,-0.317,12.56,12.57,12.6,12.62,12.72,12.52,3840044.0,48368875.0,11:21:09
sz002773,康弘药业,31.19,0.38,1.233,31.18,31.19,30.81,30.9,31.45,30.86,2643398.0,82450130.0,11:21:06
sz002774,快意电梯,10.6,-0.11,-1.027,10.6,10.61,10.71,10.71,10.85,10.51,1634000.0,17424776.0,11:21:09
sz002775,文科股份,4.45,-0.02,-0.447,4.45,4.46,4.47,4.49,4.51,4.39,6507503.0,28902879.0,11:21:09
sz002777,久远银海,18.83,-0.4,-2.08,18.82,18.83,19.23,19.38,19.46,18.55,9184505.0,173471943.0,11:21:09
sz002778,中晟高科,21.69,-0.12,-0.55,21.68,21.71,21.81,22.05,22.19,21.33,1735200.0,37699894.0,11:21:00
sz002779,中坚科技,122.0,-3.18,-2.54,121.8,122.0,125.18,124.5,125.5,121.15,1600100.0,196349405.0,11:21:09
sz002780,三夫户外,15.24,-0.5,-3.177,15.24,15.25,15.74,15.45,15.64,15.02,14789140.0,225858220.0,11:21:09
sz002782,可立克,18.19,0.01,0.055,18.18,18.19,18.18,18.47,18.54,18.15,4342500.0,79580923.0,11:21:09
sz002783,凯龙股份,9.89,0.04,0.406,9.88,9.89,9.85,9.92,10.09,9.87,7196357.0,71846366.0,11:21:03
sz002785,万里石,39.35,1.07,2.795,39.32,39.35,38.28,38.28,39.85,38.24,6380500.0,249354641.0,11:21:09
sz002786,银宝山新,9.43,0.36,3.969,9.43,9.44,9.07,9.49,9.97,9.35,24489356.0,234240375.0,11:21:09
sz002787,华源控股,10.23,-0.18,-1.729,10.22,10.23,10.41,10.52,10.58,10.17,7241300.0,74896578.0,11:21:09
sz002788,鹭燕医药,9.84,0.12,1.235,9.84,9.85,9.72,9.99,10.45,9.67,27122559.0,271190537.0,11:21:09
sz002789,*ST建艺,11.96,-0.63,-5.004,0.0,11.96,12.59,12.71,12.88,11.96,3339500.0,41132052.0,11:20:54
sz002790,瑞尔特,8.91,0.01,0.112,8.9,8.91,8.9,8.92,8.97,8.74,8236728.0,72837048.0,11:21:06
sz002791,坚朗五金,24.4,0.19,0.785,24.4,24.42,24.21,24.36,24.46,23.82,3659055.0,88014169.0,11:21:09
sz002792,通宇通讯,17.84,0.31,1.768,17.84,17.85,17.53,17.88,18.11,17.3,11836663.0,209846983.0,11:21:09
sz002793,罗欣药业,5.37,-0.02,-0.371,5.37,5.38,5.39,5.41,5.45,5.3,8573057.0,46054071.0,11:21:09
sz002795,永和智控,6.17,-0.13,-2.063,6.16,6.17,6.3,6.3,6.36,6.01,23554328.0,144545054.0,11:21:09
sz002796,世嘉科技,18.16,-0.38,-2.05,18.16,18.17,18.54,19.0,19.19,18.07,7466397.0,138490699.0,11:21:09
sz002797,第一创业,7.06,0.09,1.291,7.05,7.06,6.97,7.17,7.19,7.04,49038568.0,348397759.0,11:21:06
sz002798,帝欧水华,6.47,0.03,0.466,6.46,6.47,6.44,6.44,6.5,6.38,2379768.0,15326168.0,11:20:54
sz002799,环球印务,9.06,0.06,0.667,9.05,9.06,9.0,9.01,9.15,8.86,11749069.0,105923617.0,11:21:09
sz002800,天顺股份,15.31,0.14,0.923,15.3,15.31,15.17,15.22,15.45,15.07,2806196.0,42846423.0,11:21:06
sz002801,微光股份,32.48,0.0,0.0,32.43,32.48,32.48,32.57,32.85,32.37,396500.0,12939481.0,11:20:30
sz002802,洪汇新材,13.31,-0.12,-0.894,13.31,13.32,13.43,13.58,13.62,13.2,2291740.0,30734916.0,11:21:03
sz002803,吉宏股份,15.73,-0.04,-0.254,15.72,15.73,15.77,15.86,15.96,15.62,4377000.0,68928447.0,11:21:09
sz002805,丰元股份,20.14,0.14,0.7,20.13,20.14,20.0,20.15,21.4,19.88,30303293.0,625259181.0,11:21:09
sz002806,华锋股份,13.86,0.8,6.126,13.86,13.87,13.06,13.3,14.37,13.3,36849460.0,518921386.0,11:21:09
sz002807,江阴银行,4.86,0.02,0.413,4.86,4.87,4.84,4.83,4.88,4.8,21890475.0,106187694.0,11:21:09
sz002808,*ST恒久,5.5,-0.22,-3.846,5.49,5.5,5.72,5.72,5.76,5.43,5431224.0,30094546.0,11:21:06
sz002809,红墙股份,11.51,-0.01,-0.087,11.5,11.51,11.52,11.6,11.69,11.33,2275000.0,26227014.0,11:21:09
sz002810,山东赫达,13.49,-0.09,-0.663,13.49,13.5,13.58,13.6,13.74,13.44,1806000.0,24530909.0,11:21:09
sz002811,郑中设计,13.41,0.61,4.766,13.41,13.42,12.8,12.84,13.98,12.8,15779858.0,213932828.0,11:21:09
sz002812,恩捷股份,64.27,2.42,3.913,64.16,64.2,61.85,62.05,66.36,61.55,46256891.0,2984351632.0,11:21:09
sz002813,路畅科技,29.91,-0.3,-0.993,29.91,29.95,30.21,29.15,30.0,28.9,5820937.0,171313744.0,11:21:09
sz002815,崇达技术,12.89,0.13,1.019,12.89,12.9,12.76,12.93,13.12,12.82,10940907.0,141455908.0,11:21:09
sz002816,*ST和科,21.46,-0.26,-1.197,21.46,21.47,21.72,21.94,21.94,21.34,1042200.0,22559866.0,11:20:57
sz002817,黄山胶囊,8.22,-0.02,-0.243,8.21,8.22,8.24,8.29,8.35,8.09,3729776.0,30581029.0,11:21:09
sz002818,富森美,11.28,-0.08,-0.704,11.28,11.29,11.36,11.38,11.38,11.26,1489774.0,16829707.0,11:21:09
sz002819,东方中科,28.6,0.19,0.669,28.6,28.62,28.41,28.71,28.94,28.5,1902000.0,54599926.0,11:21:03
sz002820,桂发祥,13.53,-0.17,-1.241,13.53,13.54,13.7,13.85,13.95,13.26,6797300.0,91757674.0,11:21:09
sz002821,凯莱英,90.88,-0.73,-0.797,90.88,90.89,91.61,91.9,92.7,90.62,1538479.0,140873708.0,11:21:09
sz002822,*ST中装,4.03,-0.21,-4.953,0.0,4.03,4.24,4.29,4.33,4.03,37047832.0,152276647.0,11:21:09
sz002823,凯中精密,15.98,-0.02,-0.125,15.97,15.98,16.0,16.05,16.21,15.95,2969461.0,47725942.0,11:21:06
sz002824,和胜股份,19.46,0.23,1.196,19.46,19.47,19.23,19.3,19.75,19.28,2863897.0,55912175.0,11:21:09
sz002825,纳尔股份,10.72,-0.03,-0.279,10.72,10.73,10.75,10.77,10.89,10.59,3792301.0,40629513.0,11:21:06
sz002826,易明医药,19.22,0.07,0.366,19.22,19.23,19.15,19.28,19.4,19.03,1302700.0,25019418.0,11:21:06
sz002827,高争民爆,35.9,-0.2,-0.554,35.9,35.91,36.1,36.1,36.25,35.79,1530949.0,55109186.0,11:21:06
sz002828,贝肯能源,11.83,-0.17,-1.417,11.83,11.84,12.0,11.9,12.0,11.67,14782000.0,174476862.0,11:21:09
sz002829,星网宇达,27.28,0.36,1.337,27.28,27.3,26.92,26.99,27.83,26.99,5545128.0,152226842.0,11:21:09
sz002830,名雕股份,18.46,-0.43,-2.276,18.45,18.46,18.89,19.21,19.38,18.15,2607400.0,48498760.0,11:21:06
sz002831,裕同科技,28.91,0.02,0.069,28.89,28.92,28.89,28.96,29.12,28.61,1852300.0,53448121.0,11:21:09
sz002832,比音勒芬,16.22,-0.15,-0.916,16.21,16.22,16.37,16.37,16.4,16.06,3894026.0,63071765.0,11:21:09
sz002833,弘亚数控,16.2,0.05,0.31,16.2,16.21,16.15,16.16,16.25,16.12,762100.0,12334631.0,11:21:03
sz002835,同为股份,16.94,0.02,0.118,16.94,16.95,16.92,17.1,17.13,16.78,1025300.0,17380585.0,11:21:09
sz002836,新宏泽,15.53,0.91,6.224,15.53,15.54,14.62,14.45,15.59,14.12,15008409.0,222736790.0,11:21:09
sz002837,英维克,72.0,-0.29,-0.401,72.0,72.02,72.29,75.08,75.49,70.7,32098119.0,2332173173.0,11:21:09
sz002838,道恩股份,21.71,-0.26,-1.183,21.69,21.7,21.97,22.0,22.24,21.7,1687255.0,36945333.0,11:21:09
sz002839,张家港行,4.64,0.06,1.31,4.63,4.64,4.58,4.57,4.64,4.57,17720547.0,81725180.0,11:21:09
sz002840,华统股份,10.86,-0.34,-3.036,10.86,10.87,11.2,11.15,11.18,10.81,16165100.0,176632867.0,11:21:06
sz002841,视源股份,38.61,-0.03,-0.078,38.61,38.63,38.64,38.92,39.09,38.51,1344710.0,52154762.0,11:21:06
sz002842,翔鹭钨业,11.52,-0.09,-0.775,11.52,11.53,11.61,11.75,11.88,11.45,9870218.0,115053772.0,11:21:09
sz002843,泰嘉股份,19.68,-0.35,-1.747,19.67,19.68,20.03,20.1,20.18,19.65,2890588.0,57379459.0,11:21:09
sz002845,同兴达,14.12,0.06,0.427,14.12,14.13,14.06,14.13,14.19,14.02,1744380.0,24597080.0,11:21:03
sz002846,英联股份,19.28,0.37,1.957,19.28,19.29,18.91,18.97,19.7,18.81,18091983.0,349560909.0,11:21:09
sz002847,盐津铺子,74.73,-1.27,-1.671,74.58,74.73,76.0,75.8,76.09,73.91,1581740.0,118328566.0,11:21:09
sz002848,*ST高斯,7.82,0.04,0.514,7.81,7.82,7.78,7.78,7.98,7.75,4166900.0,32788592.0,11:20:54
sz002849,威星智能,13.86,-0.11,-0.787,13.84,13.86,13.97,14.02,14.09,13.8,2864495.0,39842613.0,11:21:09
sz002850,科达利,154.91,-0.79,-0.507,154.83,154.86,155.7,155.6,157.45,154.41,1245243.0,193920155.0,11:21:09
sz002851,麦格米特,71.96,0.16,0.223,71.95,71.96,71.8,74.39,74.85,71.9,7766189.0,567399390.0,11:21:09
sz002852,道道全,10.6,-0.13,-1.212,10.59,10.6,10.73,10.74,10.74,10.47,3434400.0,36332907.0,11:21:09
sz002853,皮阿诺,14.47,0.26,1.83,14.47,14.48,14.21,14.21,14.63,14.05,4068900.0,58677885.0,11:21:06
sz002855,捷荣技术,19.05,0.81,4.441,19.05,19.06,18.24,18.4,19.5,17.9,16495459.0,312820951.0,11:21:09
sz002856,美芝股份,12.35,-0.15,-1.2,12.33,12.35,12.5,12.51,12.65,12.06,2894100.0,35700204.0,11:21:00
sz002857,三晖电气,20.31,-0.3,-1.456,20.31,20.32,20.61,20.78,20.78,20.15,1346400.0,27473673.0,11:21:09
sz002858,力盛体育,14.59,-0.15,-1.018,14.58,14.59,14.74,14.76,14.98,14.44,3666500.0,53730930.0,11:21:09
sz002859,洁美科技,29.33,-1.16,-3.805,29.32,29.33,30.49,29.97,30.18,29.1,4293985.0,126937981.0,11:21:09
sz002860,星帅尔,14.71,-0.13,-0.876,14.7,14.71,14.84,14.89,15.07,14.63,5604100.0,82924528.0,11:21:06
sz002861,瀛通通讯,20.72,-0.11,-0.528,20.71,20.72,20.83,21.06,21.35,20.2,3429830.0,71340672.0,11:21:06
sz002862,实丰文化,21.4,-0.18,-0.834,21.38,21.4,21.58,21.8,21.82,21.11,4238920.0,90869491.0,11:21:09
sz002863,今飞凯达,5.5,-0.03,-0.542,5.5,5.51,5.53,5.55,5.6,5.46,5651300.0,31212587.0,11:21:09
sz002864,盘龙药业,34.25,-0.1,-0.291,34.25,34.28,34.35,34.91,34.91,33.71,4255332.0,145292768.0,11:21:09
sz002865,钧达股份,45.17,1.77,4.078,45.18,45.21,43.4,43.35,45.88,42.51,20291802.0,904590598.0,11:21:09
sz002866,传艺科技,20.73,0.63,3.134,20.72,20.73,20.1,20.1,22.11,20.1,19845050.0,418980412.0,11:21:09
sz002867,周大生,13.3,0.02,0.151,13.29,13.3,13.28,13.27,13.3,13.18,2006800.0,26591156.0,11:21:09
sz002868,*ST绿康,44.45,-1.95,-4.203,44.4,44.45,46.4,45.99,48.72,44.21,4946307.0,232952145.0,11:21:03
sz002869,金溢科技,24.46,-0.06,-0.245,24.46,24.49,24.52,24.68,24.77,24.34,1123000.0,27586158.0,11:21:03
sz002870,香山股份,34.34,-0.34,-0.98,34.34,34.37,34.68,34.7,34.95,34.21,894900.0,30873691.0,11:21:06
sz002871,伟隆股份,14.88,-0.25,-1.652,14.87,14.88,15.13,15.12,15.21,14.78,1612200.0,24114741.0,11:21:09
sz002872,ST天圣,5.33,-0.08,-1.479,5.32,5.33,5.41,5.44,5.45,5.28,3223150.0,17211350.0,11:21:06
sz002873,新天药业,11.01,0.04,0.365,11.01,11.02,10.97,11.1,11.11,10.82,2615740.0,28702138.0,11:21:09
sz002875,安奈儿,16.95,0.14,0.833,16.95,16.96,16.81,16.87,17.35,16.65,3558300.0,60718524.0,11:21:09
sz002876,三利谱,24.59,0.21,0.861,24.57,24.59,24.38,24.43,24.97,24.39,1914942.0,47328534.0,11:21:06
sz002877,智能自控,11.25,0.34,3.116,11.25,11.26,10.91,11.28,11.5,9.84,75557016.0,792880928.0,11:21:09
sz002878,元隆雅图,20.32,-0.56,-2.682,20.32,20.33,20.88,20.63,20.83,19.78,25298202.0,511026953.0,11:21:09
sz002879,长缆科技,16.77,0.01,0.06,16.76,16.78,16.76,17.03,17.07,16.72,1141100.0,19241759.0,11:21:06
sz002880,卫光生物,27.14,-0.08,-0.294,27.12,27.14,27.22,27.21,27.32,26.98,379880.0,10308448.0,11:21:09
sz002881,美格智能,41.1,-0.64,-1.533,41.09,41.1,41.74,42.0,42.18,41.05,1821930.0,75507959.0,11:21:06
sz002882,金龙羽,31.63,0.81,2.628,31.63,31.64,30.82,30.83,32.42,30.83,9574337.0,304508049.0,11:21:09
sz002883,中设股份,11.9,-0.03,-0.251,11.9,11.91,11.93,11.96,12.0,11.77,2295700.0,27269194.0,11:21:09
sz002884,凌霄泵业,17.2,0.03,0.175,17.19,17.2,17.17,17.23,17.26,17.15,590040.0,10148558.0,11:21:06
sz002885,京泉华,26.41,-0.16,-0.602,26.4,26.41,26.57,27.01,27.48,26.41,14059556.0,378504353.0,11:21:09
sz002886,沃特股份,19.34,-0.16,-0.821,19.34,19.35,19.5,19.62,19.7,19.3,1977500.0,38514935.0,11:21:09
sz002887,绿茵生态,9.66,0.03,0.312,9.65,9.66,9.63,9.63,9.73,9.52,2692730.0,25878303.0,11:21:09
sz002888,惠威科技,20.24,0.72,3.689,20.23,20.24,19.52,19.52,21.39,19.31,7910261.0,159899862.0,11:21:09
sz002889,东方嘉盛,16.01,0.16,1.009,16.0,16.01,15.85,15.86,16.3,15.68,12649189.0,202309196.0,11:21:09
sz002890,弘宇股份,15.54,0.03,0.193,15.53,15.54,15.51,15.56,15.7,15.36,862551.0,13373417.0,11:21:06
sz002891,中宠股份,57.41,-1.21,-2.064,57.4,57.41,58.62,58.68,58.8,56.6,2228717.0,127656748.0,11:21:09
sz002892,科力尔,12.91,0.0,0.0,12.9,12.91,12.91,12.9,13.06,12.88,3264537.0,42213805.0,11:21:09
sz002893,京能热力,13.16,0.82,6.645,13.16,13.17,12.34,12.36,13.57,12.22,51885482.0,686410039.0,11:21:09
sz002895,川恒股份,37.46,0.38,1.025,37.44,37.47,37.08,37.33,38.84,37.27,9030911.0,343242088.0,11:21:09
sz002896,中大力德,84.27,0.0,0.0,84.27,84.3,84.27,84.28,85.0,83.01,3024796.0,254505551.0,11:21:09
sz002897,意华股份,46.59,-0.83,-1.75,46.59,46.61,47.42,47.8,48.39,46.58,3911205.0,185336830.0,11:21:09
sz002898,*ST赛隆,12.74,-0.11,-0.856,12.67,12.74,12.85,12.86,13.05,12.62,1078100.0,13781249.0,11:21:09
sz002899,英派斯,24.66,-0.03,-0.122,24.63,24.65,24.69,24.95,24.97,24.38,1799300.0,44382995.0,11:21:09
sz002900,哈三联,13.92,-0.41,-2.861,13.91,13.92,14.33,14.29,14.44,13.69,8765416.0,122684664.0,11:21:09
sz002901,大博医疗,48.31,0.05,0.104,48.3,48.31,48.26,48.29,48.78,48.25,578200.0,28033326.0,11:21:09
sz002902,铭普光磁,21.1,-0.49,-2.27,21.1,21.13,21.59,21.86,22.12,20.71,5770916.0,122448628.0,11:21:09
sz002903,宇环数控,23.43,0.09,0.386,23.43,23.44,23.34,23.29,24.21,23.27,2082600.0,49240342.0,11:21:09
sz002905,金逸影视,10.9,-0.25,-2.242,10.89,10.9,11.15,11.25,11.26,10.8,4504360.0,49437946.0,11:21:09
sz002906,华阳集团,29.05,-0.04,-0.138,29.05,29.07,29.09,29.18,29.26,28.88,2004800.0,58243839.0,11:21:06
sz002907,华森制药,16.43,0.09,0.551,16.42,16.43,16.34,16.35,16.44,16.22,1621500.0,26485572.0,11:21:09
sz002908,德生科技,10.07,-0.1,-0.983,10.07,10.08,10.17,10.16,10.19,9.98,4546000.0,45720959.0,11:21:09
sz002909,集泰股份,7.1,-0.05,-0.699,7.09,7.1,7.15,7.16,7.22,7.0,7277700.0,51701207.0,11:21:09
sz002910,庄园牧场,11.23,-0.14,-1.231,11.23,11.24,11.37,11.51,11.58,10.96,4351600.0,48799544.0,11:21:09
sz002911,佛燃能源,12.58,0.0,0.0,12.57,12.58,12.58,12.7,12.7,12.5,2664033.0,33453309.0,11:21:03
sz002912,中新赛克,30.41,-0.31,-1.009,30.4,30.41,30.72,31.04,31.19,30.17,2413815.0,73683106.0,11:21:06
sz002913,奥士康,34.43,-0.05,-0.145,34.43,34.44,34.48,34.98,35.2,34.34,1278298.0,44342885.0,11:21:06
sz002915,中欣氟材,24.15,-0.57,-2.306,24.16,24.17,24.72,24.4,24.69,24.07,5653100.0,137593683.0,11:21:09
sz002916,深南电路,197.13,-2.83,-1.415,197.1,197.17,199.96,207.0,209.0,197.05,4476951.0,900854029.0,11:21:09
sz002917,金奥博,13.91,-0.08,-0.572,13.91,13.92,13.99,13.99,14.1,13.83,2095000.0,29227734.0,11:21:09
sz002918,蒙娜丽莎,14.41,0.01,0.069,14.41,14.43,14.4,14.42,14.57,14.02,3559117.0,50760293.0,11:21:06
sz002919,名臣健康,21.99,-0.49,-2.18,21.98,21.99,22.48,22.55,22.83,21.74,7529810.0,166583795.0,11:21:09
sz002920,德赛西威,109.0,0.8,0.739,108.86,108.98,108.2,110.5,110.64,108.23,2552000.0,278607492.0,11:21:09
sz002921,联诚精密,15.46,-0.64,-3.975,15.45,15.46,16.1,16.1,16.25,15.29,5440530.0,85195343.0,11:21:09
sz002922,伊戈尔,28.17,0.06,0.213,28.16,28.18,28.11,28.8,29.08,27.78,14097850.0,399025173.0,11:21:09
sz002923,润都股份,13.87,0.06,0.434,13.87,13.88,13.81,13.78,13.95,13.62,2183172.0,30113918.0,11:21:09
sz002925,盈趣科技,18.69,0.42,2.299,18.68,18.69,18.27,18.43,19.1,18.25,8277619.0,154655114.0,11:21:06
sz002926,华西证券,9.98,-0.05,-0.499,9.96,9.98,10.03,10.18,10.23,9.9,28237758.0,282732668.0,11:21:09
sz002927,泰永长征,19.11,-2.12,-9.986,19.11,19.12,21.23,22.49,22.49,19.11,33849293.0,668991307.0,11:21:09
sz002928,华夏航空,11.36,-0.14,-1.217,11.35,11.37,11.5,11.55,11.72,11.3,7556100.0,86712612.0,11:21:09
sz002929,润建股份,41.25,-0.38,-0.913,41.25,41.26,41.63,41.79,41.99,40.95,2545900.0,105222044.0,11:21:09
sz002930,宏川智慧,11.46,0.44,3.993,11.46,11.47,11.02,11.01,11.49,11.01,11258912.0,127215382.0,11:21:09
sz002931,锋龙股份,18.55,0.62,3.458,18.54,18.55,17.93,18.09,18.75,17.95,9960855.0,183656055.0,11:21:09
sz002932,明德生物,19.35,-0.03,-0.155,19.35,19.36,19.38,19.58,19.96,19.26,2210667.0,43328946.0,11:21:00
sz002933,新兴装备,32.76,-1.05,-3.106,32.76,32.77,33.81,33.13,33.36,32.5,2062200.0,67719245.0,11:21:03
sz002935,天奥电子,18.22,0.06,0.33,18.2,18.22,18.16,18.28,18.32,17.95,7033389.0,127632996.0,11:21:09
sz002936,郑州银行,2.08,0.04,1.961,2.07,2.08,2.04,2.04,2.08,2.03,135313178.0,278105450.0,11:21:09
sz002937,兴瑞科技,18.68,0.46,2.525,18.68,18.69,18.22,18.39,18.72,18.24,3774700.0,69654113.0,11:21:09
sz002938,鹏鼎控股,44.04,-0.16,-0.362,44.03,44.04,44.2,45.3,45.47,44.01,11025553.0,491249636.0,11:21:09
sz002939,长城证券,10.37,0.04,0.387,10.36,10.37,10.33,10.51,10.63,10.35,22462100.0,235096110.0,11:21:09
sz002940,昂利康,41.14,0.22,0.538,41.13,41.14,40.92,40.91,41.4,40.54,5816659.0,238288825.0,11:21:09
sz002941,新疆交建,16.23,0.03,0.185,16.23,16.24,16.2,16.18,16.48,16.18,8974665.0,146488945.0,11:21:09
sz002942,新农股份,19.92,-0.1,-0.5,19.91,19.92,20.02,20.1,20.28,19.7,1500500.0,29978829.0,11:21:09
sz002943,宇晶股份,33.22,-0.47,-1.395,33.22,33.23,33.69,33.69,34.09,33.2,1652684.0,55336363.0,11:21:09
sz002945,华林证券,15.32,0.08,0.525,15.31,15.32,15.24,15.6,15.68,15.28,6517613.0,100858425.0,11:21:09
sz002946,新乳业,17.48,-0.35,-1.963,17.48,17.49,17.83,17.69,17.71,17.3,2752220.0,48129074.0,11:21:09
sz002947,恒铭达,43.53,-0.93,-2.092,43.53,43.54,44.46,44.78,44.98,43.18,3785994.0,166077558.0,11:21:09
sz002948,青岛银行,4.9,0.07,1.449,4.9,4.91,4.83,4.84,4.91,4.83,32877411.0,159795233.0,11:21:09
sz002949,华阳国际,14.58,0.08,0.552,14.56,14.58,14.5,14.61,14.63,14.37,1315900.0,19083722.0,11:21:09
sz002950,奥美医疗,11.69,-0.11,-0.932,11.69,11.7,11.8,11.81,11.86,11.6,6510200.0,76151966.0,11:21:09
sz002951,金时科技,14.1,-0.57,-3.885,14.08,14.1,14.67,14.71,14.76,14.0,2194300.0,31395804.0,11:21:09
sz002952,亚世光电,20.75,0.37,1.816,20.74,20.75,20.38,20.47,21.18,20.38,2628538.0,54385834.0,11:21:09
sz002953,日丰股份,13.72,0.29,2.159,13.72,13.73,13.43,13.4,13.81,13.3,14601829.0,198004615.0,11:21:09
sz002955,鸿合科技,27.28,0.15,0.553,27.26,27.28,27.13,27.2,27.43,26.95,937200.0,25492540.0,11:20:54
sz002956,西麦食品,25.53,-0.2,-0.777,25.52,25.55,25.73,25.72,26.25,25.23,1755499.0,44983921.0,11:21:09
sz002957,科瑞技术,20.02,0.03,0.15,20.02,20.03,19.99,20.1,20.19,19.81,4159517.0,83231476.0,11:21:00
sz002958,青农商行,3.25,0.06,1.881,3.24,3.25,3.19,3.19,3.25,3.18,58149728.0,187195880.0,11:21:09
sz002959,小熊电器,44.74,-0.04,-0.089,44.74,44.75,44.78,44.96,45.0,44.32,792200.0,35406652.0,11:21:09
sz002960,青鸟消防,10.41,-0.04,-0.383,10.4,10.41,10.45,10.49,10.51,10.36,3817000.0,39751223.0,11:21:09
sz002961,瑞达期货,22.6,-0.46,-1.995,22.59,22.61,23.06,23.7,23.7,22.35,13018900.0,297059876.0,11:21:09
sz002962,五方光电,14.8,0.03,0.203,14.8,14.81,14.77,14.8,14.89,14.7,1087000.0,16060477.0,11:21:06
sz002963,豪尔赛,17.29,-0.66,-3.677,17.27,17.29,17.95,18.02,18.36,17.0,3981900.0,70051190.0,11:21:09
sz002965,祥鑫科技,38.08,0.07,0.184,38.08,38.09,38.01,38.02,39.2,38.0,5141320.0,197599520.0,11:21:09
sz002966,苏州银行,8.27,0.13,1.597,8.27,8.28,8.14,8.14,8.29,8.13,24345245.0,200378579.0,11:21:06
sz002967,广电计量,20.09,0.31,1.567,20.09,20.1,19.78,19.79,20.17,19.67,3282700.0,65428394.0,11:21:09
sz002968,新大正,12.38,0.23,1.893,12.38,12.39,12.15,12.2,12.56,12.09,3007150.0,36918970.0,11:21:09
sz002969,嘉美包装,3.8,-0.01,-0.262,3.8,3.81,3.81,3.83,3.85,3.74,10549100.0,40001664.0,11:21:09
sz002970,锐明技术,43.81,-0.05,-0.114,43.83,43.86,43.86,43.91,44.48,43.74,647358.0,28538896.0,11:21:06
sz002971,和远气体,31.01,-1.19,-3.696,31.0,31.03,32.2,32.5,32.5,30.63,3442950.0,107796875.0,11:21:09
sz002972,科安达,12.29,0.11,0.903,12.28,12.29,12.18,12.21,12.78,12.19,1754100.0,21679453.0,11:21:09
sz002973,侨银股份,13.71,-0.02,-0.146,13.71,13.72,13.73,13.77,13.85,13.57,2098300.0,28775823.0,11:21:03
sz002975,博杰股份,72.15,-0.67,-0.92,72.15,72.16,72.82,75.19,75.93,72.01,3059500.0,224977857.0,11:21:09
sz002976,瑞玛精密,25.55,-0.11,-0.429,25.51,25.55,25.66,25.9,25.94,25.36,878900.0,22483843.0,11:21:09
sz002977,天箭科技,34.2,0.34,1.004,34.2,34.21,33.86,33.86,34.6,33.57,2463444.0,84573083.0,11:21:09
sz002978,安宁股份,33.26,0.86,2.654,33.24,33.26,32.4,32.5,34.0,32.4,6305325.0,209561129.0,11:21:09
sz002979,雷赛智能,38.61,-0.49,-1.253,38.61,38.62,39.1,39.6,39.6,38.5,1777070.0,69191788.0,11:21:09
sz002980,华盛昌,23.3,-1.34,-5.438,23.3,23.31,24.64,24.37,24.44,23.2,5245399.0,123750923.0,11:21:09
sz002981,朝阳科技,28.8,0.02,0.069,28.77,28.81,28.78,29.06,29.19,28.56,863997.0,24963639.0,11:20:57
sz002982,湘佳股份,15.04,-0.35,-2.274,15.03,15.05,15.39,15.39,15.39,14.87,3642952.0,54853721.0,11:21:03
sz002983,芯瑞达,19.94,0.04,0.201,19.92,19.94,19.9,19.91,20.12,19.86,888600.0,17739713.0,11:21:03
sz002984,森麒麟,20.44,-0.2,-0.969,20.43,20.44,20.64,20.68,20.76,20.41,4227402.0,86849905.0,11:21:03
sz002985,北摩高科,28.06,-0.12,-0.426,28.05,28.06,28.18,28.2,28.3,27.87,1490833.0,41896280.0,11:21:03
sz002986,宇新股份,11.04,-0.06,-0.541,11.03,11.04,11.1,11.09,11.18,10.97,1100100.0,12178642.0,11:21:03
sz002987,京北方,19.37,-0.28,-1.425,19.36,19.38,19.65,19.66,19.76,19.21,6951649.0,135119427.0,11:21:00
sz002988,豪美新材,39.41,-0.4,-1.005,39.41,39.43,39.81,39.81,40.29,39.18,1222900.0,48405564.0,11:21:03
sz002989,中天精装,24.33,-0.62,-2.485,24.32,24.33,24.95,24.93,25.41,24.11,3126240.0,76959590.0,11:21:03
sz002990,盛视科技,30.41,-0.11,-0.36,30.4,30.42,30.52,30.55,30.77,29.88,3928890.0,119007838.0,11:21:03
sz002991,甘源食品,60.49,-0.89,-1.45,60.43,60.49,61.38,61.28,61.8,59.95,778424.0,47100298.0,11:21:03
sz002992,宝明科技,49.5,-0.59,-1.178,49.5,49.56,50.09,50.5,51.47,49.38,1091456.0,55156607.0,11:21:03
sz002993,奥海科技,42.27,-0.23,-0.541,42.26,42.27,42.5,43.04,43.07,42.26,1097600.0,46791136.0,11:21:03
sz002995,天地在线,18.06,-0.2,-1.095,18.06,18.07,18.26,18.39,18.39,17.85,2281160.0,41202122.0,11:21:03
sz002996,顺博合金,8.07,0.14,1.765,8.06,8.07,7.93,7.93,8.23,7.93,12327390.0,99982334.0,11:21:03
sz002997,瑞鹄模具,35.9,0.17,0.476,35.89,35.91,35.73,35.82,36.1,35.77,1056175.0,37932405.0,11:21:03
sz002998,优彩资源,7.95,-0.08,-0.996,7.95,7.96,8.03,8.04,8.09,7.87,3663200.0,29173625.0,11:21:03
sz002999,天禾股份,7.31,-0.02,-0.273,7.31,7.32,7.33,7.39,7.4,7.21,4215020.0,30792535.0,11:21:03
sz003000,劲仔食品,11.98,-0.27,-2.204,11.97,11.98,12.25,12.16,12.18,11.87,5433236.0,65185323.0,11:21:03
sz003001,中岩大地,21.6,-0.2,-0.917,21.59,21.6,21.8,21.93,21.93,21.41,1034943.0,22389387.0,11:20:57
sz003002,壶化股份,26.65,-0.44,-1.624,26.64,26.66,27.09,27.09,27.61,26.38,3010700.0,80962896.0,11:21:03
sz003003,天元股份,13.2,0.03,0.228,13.19,13.2,13.17,13.15,13.3,12.93,2891900.0,37943073.0,11:21:03
sz003004,*ST声迅,21.73,0.09,0.416,21.71,21.73,21.64,21.75,21.8,21.07,996900.0,21375346.0,11:21:03
sz003005,竞业达,21.55,0.47,2.23,21.54,21.55,21.08,21.08,21.99,20.94,4894987.0,104907400.0,11:21:03
sz003006,百亚股份,21.23,-0.19,-0.887,21.22,21.23,21.42,21.47,21.5,21.0,1889100.0,40054658.0,11:20:51
sz003007,直真科技,37.31,-1.06,-2.763,37.31,37.35,38.37,37.79,37.82,36.62,3677610.0,136679954.0,11:21:03
sz003008,开普检测,23.53,0.19,0.814,23.53,23.55,23.34,23.45,23.57,23.15,859060.0,20067145.0,11:21:00
sz003009,中天火箭,49.38,0.29,0.591,49.36,49.38,49.09,48.8,49.62,48.53,1463300.0,71836268.0,11:21:03
sz003010,若羽臣,35.54,-0.14,-0.392,35.51,35.55,35.68,35.48,36.1,35.3,2131940.0,76042541.0,11:21:03
sz003011,海象新材,23.63,-0.43,-1.787,23.62,23.63,24.06,24.26,24.3,23.36,1480500.0,35118318.0,11:21:03
sz003012,东鹏控股,7.0,0.05,0.719,6.98,7.0,6.95,6.95,7.02,6.94,3286700.0,22952382.0,11:21:03
sz003013,地铁设计,15.47,-0.04,-0.258,15.46,15.47,15.51,15.51,15.87,15.36,1288200.0,19985409.0,11:21:03
sz003015,日久光电,15.81,0.16,1.022,15.81,15.82,15.65,15.77,16.11,15.77,2679900.0,42655132.0,11:21:03
sz003016,欣贺股份,9.5,-0.33,-3.357,9.49,9.5,9.83,9.84,10.28,9.24,20299400.0,194418170.0,11:21:03
sz003017,大洋生物,31.71,-0.03,-0.095,31.72,31.74,31.74,31.74,32.38,31.66,1061900.0,33975978.0,11:20:39
sz003018,金富科技,13.04,-0.28,-2.102,13.03,13.04,13.32,13.2,13.5,12.74,6769837.0,89008721.0,11:21:03
sz003019,宸展光电,32.93,-0.28,-0.843,32.92,32.93,33.21,33.5,33.83,32.86,1314800.0,43722601.0,11:20:57
sz003020,立方制药,27.83,-0.47,-1.661,27.83,27.85,28.3,28.43,28.62,27.65,2063500.0,57821910.0,11:20:54
sz003021,兆威机电,102.81,-1.14,-1.097,102.81,102.84,103.95,105.03,105.03,102.78,1215809.0,126034323.0,11:21:03
sz003022,联泓新科,20.88,-0.36,-1.695,20.87,20.88,21.24,21.21,21.55,20.8,10819196.0,229141472.0,11:21:03
sz003023,彩虹集团,24.33,0.2,0.829,24.34,24.38,24.13,24.26,24.51,23.92,3008291.0,72854825.0,11:21:00
sz003025,思进智能,14.31,0.01,0.07,14.3,14.31,14.3,14.38,14.48,14.19,1721022.0,24626113.0,11:20:54
sz003026,中晶科技,31.04,-0.27,-0.862,31.02,31.04,31.31,31.51,31.64,30.9,1003830.0,31305386.0,11:21:00
sz003027,同兴科技,23.49,0.46,1.997,23.48,23.51,23.03,23.05,24.77,22.91,7851296.0,187285222.0,11:21:03
sz003028,振邦智能,30.73,0.11,0.359,30.67,30.73,30.62,31.38,31.38,30.52,541420.0,16703923.0,11:21:00
sz003029,吉大正元,25.26,0.02,0.079,25.26,25.29,25.24,25.28,25.6,25.16,2203600.0,55808525.0,11:21:03
sz003030,祖名股份,21.64,0.02,0.093,21.6,21.63,21.62,21.74,22.01,21.25,1326400.0,28571334.0,11:21:03
sz003031,中瓷电子,51.72,-0.16,-0.308,51.7,51.72,51.88,52.12,52.47,51.6,857678.0,44600891.0,11:21:00
sz003032,*ST传智,6.72,-0.09,-1.322,6.71,6.72,6.81,6.78,6.85,6.68,3141700.0,21146902.0,11:21:03
sz003033,征和工业,63.94,-0.99,-1.525,63.86,63.94,64.93,64.94,65.69,63.63,448200.0,28829396.0,11:20:57
sz003035,南网能源,5.07,-0.03,-0.588,5.07,5.08,5.1,5.1,5.11,5.05,7459600.0,37826420.0,11:21:00
sz003036,泰坦股份,16.8,-0.39,-2.269,16.79,16.8,17.19,17.28,17.37,16.74,2461678.0,41640180.0,11:21:03
sz003037,三和管桩,7.82,0.03,0.385,7.81,7.82,7.79,7.8,7.87,7.75,2372894.0,18517286.0,11:20:57
sz003038,鑫铂股份,16.49,-0.17,-1.02,16.48,16.49,16.66,16.66,16.72,16.28,3528420.0,58148373.0,11:21:03
sz003039,顺控发展,14.12,0.15,1.074,14.11,14.12,13.97,14.0,14.2,13.92,1907000.0,26881780.0,11:21:03
sz003040,楚天龙,19.08,-0.12,-0.625,19.07,19.08,19.2,19.29,19.38,18.98,4111707.0,78625737.0,11:21:03
sz003041,真爱美家,53.8,-0.79,-1.447,53.81,53.84,54.59,54.69,57.0,51.52,10087726.0,545602684.0,11:21:03
sz003042,中农联合,17.94,-0.11,-0.609,17.93,17.95,18.05,18.11,18.37,17.69,2280900.0,40986613.0,11:21:03
sz003043,华亚智能,49.56,0.24,0.487,49.56,49.58,49.32,49.82,50.99,49.41,1370631.0,68765575.0,11:20:54
sz003816,中国广核,3.93,0.02,0.512,3.92,3.93,3.91,3.91,3.93,3.9,39973723.0,156483374.0,11:21:03
sz300001,特锐德,27.59,-0.37,-1.323,27.58,27.59,27.96,28.2,28.38,27.46,14179559.0,395492164.0,11:21:03
sz300002,神州泰岳,11.35,-0.01,-0.088,11.34,11.35,11.36,11.41,11.45,11.3,11857088.0,134705835.0,11:21:03
sz300003,乐普医疗,16.13,0.02,0.124,16.12,16.13,16.11,16.2,16.29,16.1,6265813.0,101472632.0,11:21:03
sz300004,南风股份,10.47,0.05,0.48,10.46,10.47,10.42,10.5,10.58,10.3,8484700.0,88312569.0,11:21:03
sz300005,探路者,10.56,0.01,0.095,10.56,10.57,10.55,10.55,10.7,10.49,12145530.0,128702064.0,11:21:03
sz300006,莱美药业,5.14,-0.04,-0.772,5.14,5.15,5.18,5.25,5.25,4.98,17163093.0,87659121.0,11:21:03
sz300007,汉威科技,46.73,-0.62,-1.309,46.72,46.73,47.35,47.78,47.97,46.7,4628230.0,218542627.0,11:21:03
sz300008,天海防务,7.62,-0.2,-2.558,7.62,7.63,7.82,7.6,7.75,7.48,241062850.0,1832317422.0,11:21:03
sz300009,安科生物,10.33,-0.1,-0.959,10.33,10.34,10.43,10.42,10.47,10.3,9617900.0,99851546.0,11:20:57
sz300010,豆神教育,6.6,-0.12,-1.786,6.59,6.6,6.72,6.75,6.75,6.55,26778475.0,177518018.0,11:21:03
sz300011,鼎汉技术,8.51,0.11,1.31,8.5,8.51,8.4,8.41,8.57,8.31,5188400.0,43769390.0,11:21:03
sz300012,华测检测,13.8,0.04,0.291,13.8,13.81,13.76,13.82,13.92,13.75,7764199.0,107331407.0,11:21:03
sz300013,新宁物流,4.28,-0.07,-1.609,4.27,4.28,4.35,4.36,4.38,4.2,11204351.0,47987873.0,11:21:03
sz300014,亿纬锂能,76.93,-2.07,-2.62,76.93,76.95,79.0,79.05,79.58,76.73,28691207.0,2241764090.0,11:21:03
sz300015,爱尔眼科,11.99,-0.03,-0.25,11.98,11.99,12.02,12.03,12.07,11.96,23185052.0,278338715.0,11:21:03
sz300016,北陆药业,8.4,-0.11,-1.293,8.4,8.41,8.51,8.51,8.57,8.37,5914275.0,49974561.0,11:21:03
sz300017,网宿科技,10.6,-0.2,-1.852,10.59,10.6,10.8,10.81,10.86,10.56,38887086.0,414881957.0,11:21:03
sz300018,中元股份,10.76,-0.06,-0.555,10.76,10.77,10.82,10.88,10.99,10.72,6603934.0,71668027.0,11:21:03
sz300019,硅宝科技,24.05,-1.17,-4.639,24.05,24.06,25.22,24.59,25.27,24.0,24849763.0,611062608.0,11:21:03
sz300020,ST银江,3.77,-0.04,-1.05,3.77,3.78,3.81,3.82,3.83,3.73,10131900.0,38216190.0,11:21:00
sz300021,大禹节水,4.82,0.01,0.208,4.81,4.82,4.81,4.85,4.85,4.76,11448776.0,54952069.0,11:21:09
sz300022,吉峰科技,8.4,-0.01,-0.119,8.39,8.4,8.41,8.45,8.45,8.29,4519802.0,37802170.0,11:20:45
sz300024,机器人,17.2,-0.1,-0.578,17.2,17.21,17.3,17.39,17.45,17.15,8991928.0,155201570.0,11:21:09
sz300025,华星创业,6.47,0.09,1.411,6.47,6.48,6.38,6.39,6.54,6.31,8960800.0,57544728.0,11:21:09
sz300026,红日药业,3.76,-0.01,-0.265,3.75,3.76,3.77,3.77,3.79,3.72,21443200.0,80584872.0,11:21:09
sz300027,华谊兄弟,2.52,-0.03,-1.176,2.52,2.53,2.55,2.55,2.56,2.48,36861836.0,92783843.0,11:21:09
sz300029,*ST天龙,6.44,-0.01,-0.155,6.43,6.44,6.45,6.48,6.55,6.34,2678700.0,17219752.0,11:21:09
sz300030,阳普医疗,8.04,-0.02,-0.248,8.04,8.05,8.06,8.09,8.1,7.91,4260000.0,34098480.0,11:21:09
sz300031,宝通科技,22.11,-0.15,-0.674,22.11,22.12,22.26,22.4,22.47,22.06,3012450.0,66902008.0,11:21:06
sz300032,金龙机电,5.27,0.01,0.19,5.26,5.27,5.26,5.25,5.3,5.19,14693900.0,77010538.0,11:21:09
sz300033,同花顺,327.81,-3.9,-1.176,327.81,327.82,331.71,337.99,339.8,326.8,3171725.0,1053546998.0,11:21:09
sz300034,钢研高纳,16.32,-0.08,-0.488,16.31,16.32,16.4,16.46,16.47,16.25,4668420.0,76368832.0,11:21:09
sz300035,中科电气,23.82,0.05,0.21,23.82,23.83,23.77,23.9,24.25,23.46,21064248.0,502789523.0,11:21:09
sz300036,超图软件,18.57,-0.44,-2.315,18.57,18.58,19.01,19.19,19.27,18.52,29128758.0,547167260.0,11:21:09
sz300037,新宙邦,55.46,-2.47,-4.264,55.45,55.48,57.93,57.0,58.52,54.77,25781966.0,1457686707.0,11:21:09
sz300039,上海凯宝,6.37,0.04,0.632,6.37,6.38,6.33,6.34,6.39,6.3,11380230.0,72289712.0,11:21:09
sz300040,九洲集团,6.68,-0.04,-0.595,6.68,6.69,6.72,6.71,6.78,6.63,6816835.0,45587834.0,11:21:09
sz300041,回天新材,11.89,-0.12,-0.999,11.88,11.89,12.01,12.0,12.19,11.85,13493660.0,162408487.0,11:21:09
sz300042,朗科科技,29.74,-2.14,-6.713,29.73,29.74,31.88,31.9,32.33,29.59,18256805.0,554290763.0,11:21:09
sz300043,星辉娱乐,5.85,-0.06,-1.015,5.84,5.85,5.91,5.93,5.97,5.74,29907320.0,174992639.0,11:21:09
sz300044,ST赛为,4.85,0.01,0.207,4.85,4.86,4.84,4.85,4.93,4.73,18217570.0,88092545.0,11:21:06
sz300045,华力创通,22.58,0.51,2.311,22.56,22.58,22.07,22.12,22.86,21.93,18137948.0,407207532.0,11:21:09
sz300046,台基股份,35.29,0.03,0.085,35.28,35.29,35.26,35.65,35.92,35.2,3121393.0,111016921.0,11:21:03
sz300047,天源迪科,15.1,0.01,0.066,15.09,15.1,15.09,15.18,15.19,14.83,8829428.0,132534134.0,11:21:09
sz300048,合康新能,5.8,-0.11,-1.861,5.8,5.81,5.91,5.94,5.97,5.79,15991565.0,93778562.0,11:21:06
sz300049,福瑞股份,67.59,-2.31,-3.305,67.58,67.59,69.9,69.85,70.39,67.58,3108000.0,213560876.0,11:21:09
sz300050,世纪鼎利,6.08,0.11,1.843,6.08,6.09,5.97,6.0,6.15,5.94,17340325.0,104840949.0,11:21:09
sz300051,琏升科技,6.95,-0.06,-0.856,6.94,6.96,7.01,7.01,7.05,6.83,4872200.0,33674243.0,11:21:09
sz300052,ST中青宝,12.53,-0.12,-0.949,12.5,12.53,12.65,12.65,12.74,12.26,5689200.0,70883976.0,11:21:09
sz300053,航宇微,14.02,0.08,0.574,14.02,14.03,13.94,14.02,14.12,13.86,11454573.0,160295404.0,11:21:09
sz300054,鼎龙股份,34.74,-0.32,-0.913,34.73,34.74,35.06,35.66,35.98,34.72,11500267.0,407714600.0,11:21:09
sz300055,万邦达,8.47,-0.16,-1.854,8.47,8.49,8.63,8.55,8.72,8.43,10945538.0,93642616.0,11:21:09
sz300056,中创环保,8.56,-0.21,-2.395,8.55,8.56,8.77,8.79,8.86,8.52,8996966.0,78003018.0,11:21:09
sz300057,万顺新材,6.37,0.16,2.576,6.37,6.38,6.21,6.24,6.57,6.22,38224765.0,245881752.0,11:21:09
sz300058,蓝色光标,9.23,-0.27,-2.842,9.22,9.23,9.5,9.67,9.67,9.18,390412798.0,3653834564.0,11:21:09
sz300059,东方财富,24.45,0.12,0.493,24.44,24.45,24.33,24.71,24.8,24.36,130898944.0,3217147304.0,11:21:09
sz300061,旗天科技,11.0,-0.02,-0.181,10.99,11.0,11.02,10.95,11.06,10.95,2998800.0,32953277.0,11:21:09
sz300062,中能电气,9.04,-0.16,-1.739,9.04,9.05,9.2,9.21,9.34,8.89,50588294.0,460797099.0,11:21:09
sz300063,天龙集团,8.89,-0.1,-1.112,8.88,8.89,8.99,9.01,9.09,8.83,26561500.0,237350631.0,11:21:09
sz300065,海兰信,18.29,-0.54,-2.868,18.29,18.3,18.83,18.44,18.58,18.27,28111610.0,516266408.0,11:21:09
sz300066,三川智慧,6.87,-0.04,-0.579,6.86,6.87,6.91,6.86,7.01,6.82,15975914.0,110508967.0,11:21:09
sz300067,安诺其,4.81,0.1,2.123,4.81,4.82,4.71,4.74,4.88,4.73,19183524.0,92502744.0,11:21:09
sz300068,南都电源,18.71,-0.21,-1.11,18.71,18.72,18.92,19.04,19.31,18.65,19913963.0,378513439.0,11:21:09
sz300069,金利华电,19.46,-0.18,-0.916,19.46,19.47,19.64,19.76,19.81,19.26,2382401.0,46461310.0,11:21:06
sz300070,碧水源,4.49,0.09,2.045,4.49,4.5,4.4,4.41,4.56,4.39,47727665.0,214600583.0,11:21:09
sz300071,福石控股,6.88,-0.52,-7.027,6.86,6.88,7.4,7.21,7.28,6.8,134407129.0,938492728.0,11:21:09
sz300072,海新能科,5.18,-0.02,-0.385,5.18,5.19,5.2,5.25,5.29,5.15,39655096.0,206804144.0,11:21:09
sz300073,当升科技,62.73,-0.78,-1.228,62.72,62.74,63.51,63.61,64.78,62.51,8263720.0,525821858.0,11:21:09
sz300074,华平股份,5.2,-0.03,-0.574,5.19,5.2,5.23,5.29,5.29,5.12,10744500.0,55632329.0,11:21:03
sz300075,数字政通,16.04,-0.24,-1.474,16.04,16.05,16.28,16.16,16.22,15.9,5691420.0,91375881.0,11:21:06
sz300076,GQY视讯,6.63,-0.01,-0.151,6.62,6.63,6.64,6.64,6.7,6.48,5547200.0,36492019.0,11:21:09
sz300077,国民技术,21.81,0.1,0.461,21.81,21.82,21.71,21.78,22.08,21.75,5823562.0,127522529.0,11:21:09
sz300078,思创医惠,4.48,-0.37,-7.629,4.48,4.49,4.85,4.77,4.79,4.45,110753022.0,503033634.0,11:21:09
sz300079,数码视讯,5.66,0.05,0.891,5.65,5.66,5.61,5.65,5.69,5.6,16462203.0,92870153.0,11:21:09
sz300080,易成新能,5.58,-0.11,-1.933,5.58,5.59,5.69,5.69,5.72,5.56,16232111.0,91472486.0,11:21:09
sz300081,恒信东方,5.71,-0.04,-0.696,5.69,5.71,5.75,5.86,5.86,5.61,20626953.0,117724071.0,11:21:06
sz300082,奥克股份,10.7,-0.15,-1.382,10.7,10.71,10.85,10.93,11.04,10.62,25625414.0,277431170.0,11:21:09
sz300083,创世纪,9.08,-0.05,-0.548,9.08,9.09,9.13,9.18,9.23,9.04,14734300.0,134300154.0,11:21:06
sz300084,海默科技,9.23,-0.13,-1.389,9.22,9.23,9.36,9.36,9.47,9.15,6922900.0,64112608.0,11:21:09
sz300085,银之杰,40.29,-0.69,-1.684,40.28,40.29,40.98,41.9,42.05,40.09,13388716.0,546779906.0,11:21:09
sz300086,康芝药业,12.18,1.03,9.238,12.18,12.2,11.15,11.12,12.45,10.8,90902794.0,1044793797.0,11:21:09
sz300087,荃银高科,10.29,0.28,2.797,10.29,10.3,10.01,10.08,10.55,10.06,38356040.0,397507550.0,11:21:09
sz300088,长信科技,6.0,0.0,0.0,6.0,6.01,6.0,6.02,6.04,5.99,12779105.0,76868913.0,11:21:09
sz300091,金通灵,3.18,-0.04,-1.242,3.17,3.18,3.22,3.23,3.25,3.12,20053841.0,63550280.0,11:21:09
sz300092,科新机电,16.98,-0.54,-3.082,16.97,16.98,17.52,17.8,18.08,16.88,8733300.0,151415822.0,11:21:09
sz300093,*ST金刚,15.4,2.34,17.917,15.39,15.4,13.06,14.97,15.67,14.26,14947761.0,229028831.0,11:21:09
sz300094,国联水产,5.21,-0.17,-3.16,5.19,5.2,5.38,5.4,5.8,4.86,373876254.0,1986397275.0,11:21:09
sz300095,华伍股份,9.61,-0.07,-0.723,9.61,9.62,9.68,9.64,9.74,9.5,8445300.0,81177741.0,11:21:09
sz300096,ST易联众,7.54,-0.01,-0.132,7.51,7.54,7.55,7.55,7.65,7.46,2175400.0,16438754.0,11:21:06
sz300097,ST智云,6.18,-0.09,-1.435,6.17,6.18,6.27,6.27,6.33,6.05,6097380.0,37507396.0,11:21:09
sz300098,高新兴,5.53,0.04,0.729,5.53,5.54,5.49,5.53,5.57,5.41,25523894.0,140285918.0,11:21:09
sz300099,尤洛卡,7.15,0.0,0.0,7.15,7.16,7.15,7.17,7.25,7.11,8123295.0,58280764.0,11:21:09
sz300100,双林股份,35.42,-1.09,-2.985,35.41,35.42,36.51,36.67,37.0,35.36,9741660.0,349320334.0,11:21:09
sz300101,振芯科技,22.28,-0.38,-1.677,22.27,22.28,22.66,22.66,22.94,22.11,11160737.0,251444401.0,11:21:09
sz300102,乾照光电,14.1,0.5,3.676,14.1,14.11,13.6,14.0,14.38,13.65,42668500.0,597908970.0,11:21:09
sz300103,达刚控股,7.33,0.0,0.0,7.33,7.34,7.33,7.36,7.43,7.21,4383000.0,31959051.0,11:21:09
sz300105,龙源技术,7.91,0.01,0.127,7.9,7.91,7.9,7.91,7.97,7.83,5269500.0,41569550.0,11:21:09
sz300106,西部牧业,11.46,-0.18,-1.546,11.45,11.46,11.64,12.0,12.0,11.26,7392800.0,85601905.0,11:21:06
sz300107,建新股份,7.19,0.0,0.0,7.18,7.19,7.19,7.16,7.26,7.13,2219200.0,15945931.0,11:21:06
sz300109,新开源,17.94,-0.04,-0.222,17.94,17.95,17.98,17.97,18.49,17.88,5250912.0,95434998.0,11:21:03
sz300110,华仁药业,3.44,-0.01,-0.29,3.44,3.45,3.45,3.48,3.49,3.4,9269800.0,31881378.0,11:21:03
sz300111,向日葵,7.28,0.08,1.111,7.27,7.28,7.2,7.25,7.47,7.15,32742963.0,238627226.0,11:21:03
sz300112,万讯自控,9.16,0.04,0.439,9.16,9.17,9.12,9.17,9.23,9.04,3148800.0,28827459.0,11:21:03
sz300113,顺网科技,19.89,-0.03,-0.151,19.89,19.9,19.92,20.09,20.16,19.83,5347326.0,106914698.0,11:21:03
sz300115,长盈精密,31.75,0.2,0.634,31.75,31.76,31.55,32.0,32.66,31.75,32504298.0,1043845301.0,11:21:03
sz300118,东方日升,12.0,-0.23,-1.881,11.99,12.0,12.23,12.3,12.33,11.91,29004984.0,350140572.0,11:21:03
sz300119,瑞普生物,20.0,-0.23,-1.137,20.0,20.01,20.23,20.28,20.28,19.93,2917807.0,58599914.0,11:21:00
sz300120,经纬辉开,9.14,-0.14,-1.509,9.14,9.15,9.28,9.3,9.35,9.12,8278900.0,76308787.0,11:21:03
sz300121,阳谷华泰,15.57,0.02,0.129,15.57,15.58,15.55,15.7,15.98,15.53,12226045.0,193309023.0,11:21:03
sz300122,智飞生物,21.29,0.45,2.159,21.29,21.3,20.84,21.36,21.77,21.21,23180939.0,497965429.0,11:21:03
sz300123,亚光科技,7.05,-0.23,-3.159,7.04,7.05,7.28,7.0,7.24,6.8,172193111.0,1206158611.0,11:21:03
sz300124,汇川技术,70.39,-0.61,-0.859,70.38,70.39,71.0,71.18,71.48,70.36,9000202.0,638018924.0,11:21:03
sz300125,*ST聆达,8.86,-0.95,-9.684,8.86,8.87,9.81,9.28,9.72,8.75,16099845.0,147748454.0,11:21:03
sz300126,锐奇股份,9.18,0.01,0.109,9.18,9.19,9.17,9.25,9.44,9.05,2805917.0,25823919.0,11:21:03
sz300127,银河磁体,31.32,-0.24,-0.76,31.29,31.32,31.56,31.45,32.04,31.19,4007000.0,126854632.0,11:21:03
sz300128,锦富技术,7.08,0.08,1.143,7.08,7.09,7.0,7.4,7.5,7.06,31515211.0,226018473.0,11:21:03
sz300129,泰胜风能,7.81,0.01,0.128,7.81,7.82,7.8,7.87,7.9,7.79,7117740.0,55831526.0,11:21:03
sz300130,新国都,25.44,-0.08,-0.313,25.41,25.44,25.52,25.68,25.82,25.3,3655889.0,93257072.0,11:21:03
sz300131,英唐智控,11.34,0.13,1.16,11.34,11.35,11.21,11.38,11.79,11.29,75967505.0,876864594.0,11:21:03
sz300132,青松股份,7.69,-0.24,-3.026,7.69,7.7,7.93,7.9,7.98,7.6,28242200.0,218380394.0,11:21:03
sz300133,华策影视,7.69,-0.07,-0.902,7.68,7.69,7.76,7.82,7.83,7.61,26125344.0,201174828.0,11:21:03
sz300134,大富科技,12.15,0.17,1.419,12.14,12.15,11.98,12.01,12.3,11.87,9954020.0,120434561.0,11:21:03
sz300135,宝利国际,4.25,0.0,0.0,4.24,4.25,4.25,4.27,4.29,4.19,10514224.0,44530699.0,11:21:03
sz300136,信维通信,29.79,-0.27,-0.898,29.79,29.8,30.06,30.42,30.58,29.7,10531183.0,315959900.0,11:21:03
sz300137,ST先河,8.0,-0.1,-1.235,7.98,8.0,8.1,8.1,8.16,7.95,4243000.0,34135672.0,11:21:00
sz300138,晨光生物,12.68,0.03,0.237,12.67,12.68,12.65,12.74,12.86,12.59,2536500.0,32174629.0,11:21:00
sz300139,晓程科技,24.81,-0.48,-1.898,24.82,24.83,25.29,24.69,25.39,24.5,25344006.0,631715183.0,11:21:03
sz300140,节能环境,6.69,0.19,2.923,6.68,6.69,6.5,6.54,6.8,6.52,13452585.0,89856594.0,11:21:03
sz300141,和顺电气,11.51,-0.15,-1.286,11.5,11.52,11.66,11.7,11.82,11.45,5567500.0,64646151.0,11:21:03
sz300142,沃森生物,12.71,0.34,2.749,12.7,12.71,12.37,12.61,13.05,12.61,40145905.0,514476070.0,11:21:03
sz300143,盈康生命,10.43,-0.06,-0.572,10.42,10.43,10.49,10.48,10.57,10.41,2397100.0,25094671.0,11:21:00
sz300144,宋城演艺,8.02,-0.04,-0.496,8.02,8.03,8.06,8.06,8.07,8.0,12277500.0,98519903.0,11:21:03
sz300145,南方泵业,4.43,0.01,0.226,4.42,4.43,4.42,4.43,4.48,4.41,14961056.0,66296765.0,11:21:00
sz300146,汤臣倍健,12.58,-0.14,-1.101,12.58,12.59,12.72,12.69,12.72,12.52,8879422.0,112081654.0,11:21:03
sz300147,ST香雪,9.76,0.06,0.619,9.75,9.76,9.7,9.74,9.86,9.61,3472437.0,33734409.0,11:21:03
sz300148,天舟文化,4.75,-0.01,-0.21,4.74,4.75,4.76,4.77,4.8,4.66,20513100.0,97008681.0,11:21:03
sz300149,睿智医药,10.72,-0.15,-1.38,10.71,10.72,10.87,10.86,10.96,10.66,5663800.0,61119473.0,11:21:03
sz300150,世纪瑞尔,5.84,0.01,0.172,5.84,5.85,5.83,5.86,5.9,5.78,9489900.0,55387610.0,11:21:03
sz300151,昌红科技,14.28,0.44,3.179,14.27,14.28,13.84,13.98,14.34,13.72,7917000.0,111228855.0,11:21:03
sz300152,ST新动力,2.66,-0.06,-2.206,2.66,2.67,2.72,2.68,2.75,2.54,51886121.0,137127147.0,11:21:03
sz300153,科泰电源,30.55,-0.31,-1.005,30.54,30.56,30.86,31.4,31.46,30.43,4168593.0,128466066.0,11:21:00
sz300154,瑞凌股份,9.46,-0.15,-1.561,9.46,9.47,9.61,9.64,9.65,9.39,2801300.0,26615705.0,11:21:03
sz300155,安居宝,5.89,0.19,3.333,5.88,5.89,5.7,5.74,6.2,5.58,28381200.0,166311379.0,11:21:03
sz300157,新锦动力,5.23,-0.17,-3.148,5.23,5.24,5.4,5.33,5.39,5.18,53068777.0,278883111.0,11:21:03
sz300158,振东制药,6.73,-0.06,-0.884,6.72,6.74,6.79,6.82,7.06,6.68,22947201.0,156988327.0,11:21:03
sz300159,*ST新研,3.1,0.01,0.324,3.1,3.11,3.09,3.11,3.17,3.04,25252200.0,78144158.0,11:21:03
sz300160,秀强股份,5.84,-0.02,-0.341,5.83,5.84,5.86,5.88,5.9,5.79,4732300.0,27618694.0,11:21:03
sz300161,华中数控,29.37,-0.73,-2.425,29.35,29.37,30.1,29.8,30.1,29.2,3348800.0,99157489.0,11:21:00
sz300162,雷曼光电,7.94,0.0,0.0,7.94,7.95,7.94,8.02,8.05,7.81,4433000.0,35158671.0,11:21:00
sz300163,先锋新材,4.6,-0.13,-2.748,4.59,4.6,4.73,4.72,4.74,4.54,31650900.0,146093324.0,11:21:00
sz300164,通源石油,6.08,-0.2,-3.185,6.08,6.09,6.28,6.1,6.22,6.01,62390200.0,380226568.0,11:21:03
sz300165,ST天瑞,4.58,-0.06,-1.293,4.57,4.58,4.64,4.64,4.69,4.53,4521900.0,20762405.0,11:21:00
sz300166,东方国信,11.57,0.42,3.767,11.56,11.57,11.15,11.23,12.0,11.13,84987985.0,988205523.0,11:21:03
sz300167,ST迪威迅,5.65,-0.19,-3.253,5.63,5.65,5.84,5.84,5.84,5.58,3400000.0,19252185.0,11:21:00
sz300168,万达信息,7.05,-0.04,-0.564,7.04,7.05,7.09,7.08,7.14,6.99,11127413.0,78553002.0,11:21:03
sz300169,天晟新材,6.97,0.06,0.868,6.96,6.97,6.91,7.0,7.32,6.92,11526100.0,81632055.0,11:20:54
sz300170,汉得信息,17.1,-0.27,-1.554,17.1,17.11,17.37,17.59,17.59,17.01,19691785.0,338766065.0,11:21:03
sz300171,东富龙,16.53,-0.36,-2.131,16.53,16.54,16.89,16.85,16.97,16.36,9702675.0,160943331.0,11:21:03
sz300172,中电环保,6.16,-0.01,-0.162,6.16,6.17,6.17,6.3,6.38,6.1,60815056.0,378390350.0,11:21:03
sz300173,福能东方,6.69,0.04,0.602,6.69,6.7,6.65,6.49,6.95,6.42,67830802.0,453142404.0,11:21:03
sz300174,元力股份,17.41,0.2,1.162,17.4,17.41,17.21,17.22,17.8,17.15,8300405.0,145951780.0,11:20:54
sz300175,ST朗源,5.85,-0.05,-0.847,5.84,5.85,5.9,5.85,5.95,5.81,3094400.0,18221403.0,11:21:03
sz300176,鸿特科技,6.92,-0.01,-0.144,6.91,6.92,6.93,6.92,7.04,6.85,6439800.0,44640782.0,11:21:03
sz300177,中海达,9.74,0.16,1.67,9.74,9.75,9.58,9.58,9.88,9.58,19375380.0,188793237.0,11:21:03
sz300179,四方达,15.47,-0.26,-1.653,15.47,15.48,15.73,15.77,16.21,15.43,17093589.0,269045421.0,11:21:03
sz300180,华峰超纤,6.89,0.01,0.145,6.89,6.9,6.88,6.91,6.98,6.86,11212978.0,77553662.0,11:21:00
sz300181,佐力药业,17.33,0.03,0.173,17.32,17.33,17.3,17.31,17.44,17.25,2341900.0,40630545.0,11:21:00
sz300182,捷成股份,5.96,-0.01,-0.168,5.95,5.96,5.97,5.99,6.05,5.92,29364402.0,175605687.0,11:21:03
sz300183,东软载波,15.8,0.05,0.317,15.79,15.8,15.75,15.84,15.95,15.62,1893100.0,29859052.0,11:21:03
sz300184,力源信息,10.44,-0.02,-0.191,10.44,10.45,10.46,10.54,10.63,10.36,16566800.0,173696106.0,11:21:03
sz300185,通裕重工,2.99,-0.03,-0.993,2.98,2.99,3.02,3.02,3.04,2.97,48356233.0,144957453.0,11:21:03
sz300187,永清环保,5.46,0.03,0.552,5.45,5.46,5.43,5.41,5.55,5.33,14194503.0,77342431.0,11:21:03
sz300188,国投智能,14.73,0.31,2.15,14.72,14.73,14.42,14.43,14.81,14.27,9277680.0,134549495.0,11:21:03
sz300189,神农种业,5.71,0.09,1.601,5.7,5.71,5.62,5.57,5.8,5.47,124846573.0,698725786.0,11:21:03
sz300190,维尔利,4.23,-0.03,-0.704,4.23,4.24,4.26,4.28,4.34,4.21,7322405.0,31234285.0,11:20:57
sz300191,潜能恒信,20.28,-0.48,-2.312,20.26,20.28,20.76,20.56,20.65,20.16,5091400.0,103727381.0,11:21:03
sz300192,科德教育,19.15,-0.27,-1.39,19.13,19.15,19.42,19.9,19.95,19.01,9390520.0,181341278.0,11:21:03
sz300193,佳士科技,9.1,-0.04,-0.438,9.09,9.1,9.14,9.16,9.17,9.04,3258300.0,29645694.0,11:20:51
sz300194,福安药业,4.53,0.03,0.667,4.52,4.53,4.5,4.5,4.55,4.48,12300900.0,55585433.0,11:21:03
sz300195,长荣股份,8.69,-0.05,-0.572,8.69,8.71,8.74,8.74,8.84,8.63,7213700.0,62984830.0,11:21:00
sz300196,长海股份,13.89,0.08,0.579,13.88,13.89,13.81,13.88,14.08,13.84,1740300.0,24280754.0,11:21:03
sz300197,节能铁汉,2.08,0.01,0.483,2.07,2.08,2.07,2.07,2.08,2.05,22603000.0,46646556.0,11:21:06
sz300198,ST纳川,2.59,0.0,0.0,2.58,2.59,2.59,2.59,2.61,2.47,27401000.0,69683700.0,11:21:06
sz300199,翰宇药业,18.65,-0.17,-0.903,18.64,18.65,18.82,18.87,18.96,18.61,9796106.0,183918315.0,11:21:06
sz300200,高盟新材,10.9,0.38,3.612,10.89,10.9,10.52,10.54,11.08,10.54,28768780.0,314208903.0,11:21:06
sz300201,海伦哲,5.86,0.12,2.091,5.85,5.86,5.74,5.72,5.87,5.7,46049368.0,267699405.0,11:21:06
sz300203,聚光科技,15.16,-0.14,-0.915,15.15,15.16,15.3,15.34,15.43,15.03,3598210.0,54595644.0,11:21:06
sz300204,舒泰神,33.54,-0.66,-1.93,33.52,33.54,34.2,33.8,34.24,33.13,13788724.0,464789523.0,11:21:06
sz300205,*ST天喻,5.01,-0.11,-2.148,5.01,5.04,5.12,5.09,5.12,4.97,2061800.0,10370657.0,11:21:00
sz300206,理邦仪器,13.63,-0.27,-1.942,13.62,13.63,13.9,13.87,13.98,13.51,9033100.0,123689730.0,11:21:06
sz300207,欣旺达,30.39,-0.49,-1.587,30.38,30.39,30.88,31.1,31.25,30.38,30642321.0,945285765.0,11:21:06
sz300209,有棵树,5.69,-0.14,-2.401,5.68,5.69,5.83,5.75,5.84,5.66,9320200.0,53130123.0,11:21:06
sz300210,森远股份,8.91,-0.02,-0.224,8.91,8.92,8.93,9.0,9.09,8.84,4021626.0,36008988.0,11:21:00
sz300211,*ST亿通,8.67,-0.05,-0.573,8.66,8.68,8.72,8.8,8.8,8.55,1997500.0,17276960.0,11:21:00
sz300212,易华录,19.69,-0.22,-1.105,19.68,19.69,19.91,19.92,20.03,19.53,5206930.0,102699463.0,11:21:06
sz300213,佳讯飞鸿,8.59,-0.01,-0.116,8.58,8.59,8.6,8.67,8.73,8.5,6768600.0,58208855.0,11:20:57
sz300214,日科化学,7.62,-0.15,-1.931,7.61,7.62,7.77,7.83,7.85,7.57,6663000.0,51264780.0,11:21:06
sz300215,电科院,6.4,0.02,0.313,6.39,6.4,6.38,6.38,6.46,6.36,3599900.0,23029889.0,11:21:06
sz300217,东方电热,5.44,-0.07,-1.27,5.43,5.44,5.51,5.52,5.55,5.41,19364490.0,105885517.0,11:21:06
sz300218,安利股份,16.73,-0.07,-0.417,16.73,16.75,16.8,16.87,16.99,16.51,3509808.0,58791619.0,11:21:06
sz300219,鸿利智汇,7.5,0.1,1.351,7.49,7.5,7.4,7.42,7.56,7.38,9063900.0,67796289.0,11:21:06
sz300220,金运激光,15.16,-0.04,-0.263,15.16,15.18,15.2,15.25,15.39,14.93,1482800.0,22446061.0,11:21:06
sz300221,银禧科技,8.97,-0.16,-1.752,8.96,8.97,9.13,9.11,9.13,8.9,20201319.0,181985338.0,11:21:06
sz300222,科大智能,11.48,0.01,0.087,11.48,11.49,11.47,11.52,11.61,11.45,3929913.0,45276034.0,11:20:57
sz300223,北京君正,84.55,-2.71,-3.106,84.54,84.55,87.26,88.99,89.28,84.5,13929172.0,1196897389.0,11:21:06
sz300224,正海磁材,15.27,0.09,0.593,15.26,15.27,15.18,15.18,15.46,15.18,11158408.0,171196811.0,11:21:06
sz300225,*ST金泰,6.19,0.15,2.483,6.18,6.19,6.04,6.1,6.19,6.08,4589345.0,28093798.0,11:21:06
sz300226,上海钢联,24.87,-0.1,-0.4,24.86,24.87,24.97,25.07,25.14,24.71,2743632.0,68364918.0,11:20:36
sz300227,光韵达,8.89,0.0,0.0,8.88,8.89,8.89,8.92,9.02,8.84,4835800.0,43105571.0,11:21:00
sz300228,富瑞特装,8.62,-0.03,-0.347,8.62,8.63,8.65,8.56,8.8,8.56,41530463.0,361071516.0,11:21:06
sz300229,拓尔思,19.88,-0.37,-1.827,19.87,19.88,20.25,20.39,20.5,19.77,13741600.0,275348637.0,11:21:06
sz300230,永利股份,5.02,-0.01,-0.199,5.01,5.02,5.03,5.03,5.08,4.97,9778643.0,49144140.0,11:21:06
sz300231,银信科技,10.92,0.05,0.46,10.91,10.92,10.87,10.93,11.06,10.75,5695171.0,62012886.0,11:21:06
sz300232,洲明科技,6.97,0.06,0.868,6.96,6.97,6.91,6.94,6.99,6.92,6834378.0,47544864.0,11:21:06
sz300233,金城医药,16.85,-0.05,-0.296,16.85,16.87,16.9,16.94,17.12,16.69,3103962.0,52351785.0,11:21:06
sz300234,开尔新材,5.45,-0.02,-0.366,5.45,5.46,5.47,5.48,5.54,5.37,6303100.0,34358840.0,11:21:06
sz300235,方直科技,15.01,-0.47,-3.036,15.01,15.02,15.48,15.5,15.7,14.7,8486610.0,128083085.0,11:21:06
sz300236,上海新阳,57.54,2.15,3.882,57.54,57.55,55.39,55.8,59.18,55.8,11540511.0,668582351.0,11:21:06
sz300237,ST美晨,3.06,0.13,4.437,3.06,3.07,2.93,2.93,3.14,2.82,62262534.0,185725615.0,11:21:06
sz300238,冠昊生物,15.42,-0.3,-1.908,15.41,15.43,15.72,15.7,15.81,15.25,4388978.0,67938630.0,11:21:06
sz300239,东宝生物,5.83,0.01,0.172,5.82,5.83,5.82,5.89,5.89,5.75,4443726.0,25888707.0,11:20:57
sz300240,飞力达,7.98,-0.05,-0.623,7.98,7.99,8.03,8.03,8.07,7.87,4735000.0,37694844.0,11:21:06
sz300241,瑞丰光电,5.78,0.04,0.697,5.77,5.78,5.74,5.79,5.85,5.72,6625300.0,38291166.0,11:21:06
sz300242,佳云科技,5.32,-0.05,-0.931,5.31,5.32,5.37,5.37,5.43,5.26,17479000.0,92902620.0,11:21:06
sz300243,瑞丰高材,11.63,-0.15,-1.273,11.63,11.64,11.78,11.73,11.9,11.52,4559864.0,53295497.0,11:21:06
sz300244,迪安诊断,15.85,-0.37,-2.281,15.85,15.86,16.22,16.21,16.29,15.72,10497375.0,167333682.0,11:21:06
sz300245,天玑科技,15.5,0.74,5.014,15.49,15.5,14.76,14.83,15.65,14.65,18196606.0,277482140.0,11:21:06
sz300246,宝莱特,8.86,0.0,0.0,8.86,8.87,8.86,8.94,8.95,8.69,3086424.0,27223800.0,11:21:06
sz300247,融捷健康,5.01,-0.15,-2.907,5.01,5.02,5.16,5.18,5.19,4.98,20317701.0,102664065.0,11:21:06
sz300248,新开普,12.92,-0.17,-1.299,12.91,12.92,13.09,13.01,13.15,12.86,8540925.0,110831375.0,11:21:06
sz300249,依米康,14.66,-0.11,-0.745,14.65,14.66,14.77,14.9,15.2,14.54,5312600.0,78486357.0,11:21:00
sz300250,初灵信息,32.35,2.55,8.557,32.35,32.36,29.8,30.1,33.7,28.38,50477961.0,1550992755.0,11:21:06
sz300251,光线传媒,16.29,-0.13,-0.792,16.28,16.29,16.42,16.45,16.49,16.22,14157684.0,231378702.0,11:21:06
sz300252,金信诺,12.75,0.0,0.0,12.75,12.76,12.75,12.84,12.92,12.67,8222122.0,105198538.0,11:21:03
sz300253,卫宁健康,8.05,-0.13,-1.589,8.05,8.07,8.18,8.25,8.28,8.01,23231704.0,188156151.0,11:21:06
sz300254,仟源医药,10.72,-0.19,-1.742,10.72,10.73,10.91,10.91,10.95,10.5,5655600.0,60604309.0,11:21:06
sz300255,常山药业,57.17,-0.64,-1.107,57.17,57.22,57.81,57.87,58.49,56.4,9118261.0,523823610.0,11:21:03
sz300256,星星科技,4.37,0.23,5.556,4.37,4.38,4.14,4.15,4.55,4.13,109790502.0,478522234.0,11:21:06
sz300257,开山股份,15.43,-0.19,-1.216,15.42,15.43,15.62,15.85,16.03,15.31,4027434.0,62799457.0,11:21:06
sz300258,精锻科技,12.78,-0.02,-0.156,12.78,12.79,12.8,12.89,12.91,12.75,3128632.0,40126156.0,11:21:06
sz300259,新天科技,4.48,0.01,0.224,4.47,4.48,4.47,4.5,4.52,4.44,13801800.0,61825584.0,11:21:06
sz300260,新莱应材,53.36,-1.06,-1.948,53.36,53.37,54.42,53.89,55.78,53.34,18252010.0,997694522.0,11:21:06
sz300261,雅本化学,7.62,-0.04,-0.522,7.61,7.62,7.66,7.63,7.74,7.51,11119810.0,84723709.0,11:21:06
sz300263,隆华科技,8.51,0.05,0.591,8.51,8.52,8.46,8.56,8.66,8.49,13571700.0,116360647.0,11:21:06
sz300264,佳创视讯,6.41,0.02,0.313,6.4,6.41,6.39,6.51,6.52,6.3,8201700.0,52427966.0,11:21:06
sz300265,通光线缆,9.67,-0.02,-0.206,9.66,9.67,9.69,9.73,9.85,9.57,4035395.0,39123578.0,11:21:06
sz300266,兴源环境,2.72,0.01,0.369,2.71,2.72,2.71,2.72,2.73,2.67,10838600.0,29267856.0,11:21:06
sz300267,尔康制药,3.99,0.19,5.0,3.98,3.99,3.8,3.92,4.14,3.88,117371129.0,472703517.0,11:21:06
sz300268,*ST佳沃,13.87,-0.81,-5.518,13.83,13.87,14.68,14.0,14.38,13.16,6419800.0,89665568.0,11:21:00
sz300269,联建光电,5.45,0.07,1.301,5.44,5.45,5.38,5.42,5.47,5.31,14166051.0,76607726.0,11:21:06
sz300270,中威电子,10.87,-0.79,-6.775,10.86,10.87,11.66,11.51,11.59,10.8,16929445.0,186708595.0,11:21:06
sz300271,华宇软件,8.13,-0.02,-0.245,8.12,8.13,8.15,8.15,8.17,8.02,11017183.0,89233721.0,11:21:06
sz300272,开能健康,7.43,-0.05,-0.668,7.41,7.42,7.48,7.47,7.54,7.36,16056918.0,119134445.0,11:21:06
sz300274,阳光电源,179.08,2.58,1.462,179.06,179.08,176.5,181.0,184.72,179.0,43870621.0,8011741603.0,11:21:06
sz300275,梅安森,12.69,-0.01,-0.079,12.68,12.69,12.7,12.76,12.85,12.58,2707043.0,34387028.0,11:21:06
sz300276,三丰智能,8.88,-0.12,-1.333,8.87,8.88,9.0,8.98,9.03,8.82,12943974.0,115201036.0,11:21:00
sz300277,海联讯,13.34,0.28,2.144,13.34,13.35,13.06,12.98,13.65,12.79,11749714.0,154876388.0,11:21:06
sz300278,华昌达,5.81,-0.12,-2.024,5.8,5.81,5.93,5.84,5.91,5.75,15447900.0,89859370.0,11:21:06
sz300279,和晶科技,7.34,-0.01,-0.136,7.33,7.34,7.35,7.38,7.42,7.3,5112660.0,37592874.0,11:21:06
sz300281,金明精机,7.89,-0.03,-0.379,7.89,7.9,7.92,7.92,8.08,7.85,7779700.0,61956855.0,11:21:06
sz300283,温州宏丰,7.8,0.04,0.515,7.8,7.81,7.76,7.75,7.96,7.7,10790100.0,84604875.0,11:21:12
sz300284,苏交科,8.17,-0.09,-1.09,8.17,8.18,8.26,8.29,8.31,8.15,5211709.0,42826370.0,11:21:12
sz300285,国瓷材料,23.26,-0.68,-2.84,23.25,23.26,23.94,23.94,24.25,23.25,10978300.0,260443377.0,11:21:12
sz300286,安科瑞,23.8,0.08,0.337,23.79,23.8,23.72,23.86,24.04,23.72,2415330.0,57733847.0,11:21:09
sz300287,飞利信,5.51,0.01,0.182,5.5,5.51,5.5,5.5,5.57,5.36,32084498.0,175177328.0,11:21:12
sz300288,朗玛信息,14.61,-0.01,-0.068,14.59,14.61,14.62,14.65,14.71,14.3,3833184.0,55609608.0,11:21:12
sz300289,利德曼,7.97,-0.13,-1.605,7.96,7.97,8.1,8.22,8.22,7.85,14255002.0,113940583.0,11:21:12
sz300290,荣科科技,26.11,-0.28,-1.061,26.11,26.12,26.39,26.4,26.65,25.95,9243489.0,242863421.0,11:21:09
sz300291,百纳千成,6.02,-0.05,-0.824,6.02,6.03,6.07,6.1,6.13,5.96,8475600.0,51074151.0,11:21:12
sz300292,吴通控股,4.74,0.1,2.155,4.74,4.75,4.64,4.65,4.77,4.64,29146300.0,137282747.0,11:21:09
sz300293,蓝英装备,22.27,-0.29,-1.285,22.27,22.28,22.56,22.61,22.79,22.21,2830100.0,63523156.0,11:21:09
sz300294,博雅生物,24.52,-0.02,-0.081,24.52,24.53,24.54,24.6,24.66,24.36,1590400.0,38992202.0,11:21:00
sz300295,三六五网,14.12,1.07,8.199,14.09,14.13,13.05,13.05,14.57,12.7,15800370.0,217980158.0,11:21:12
sz300296,利亚德,6.29,0.02,0.319,6.28,6.29,6.27,6.32,6.34,6.26,19229549.0,121106347.0,11:21:12
sz300298,三诺生物,18.16,-0.01,-0.055,18.16,18.17,18.17,18.21,18.28,18.11,2087579.0,37928925.0,11:21:06
sz300299,富春股份,7.24,-0.23,-3.079,7.24,7.25,7.47,7.38,7.43,7.15,42700619.0,309921328.0,11:21:09
sz300300,海峡创新,0.0,0.0,0.0,0.0,0.0,18.24,0.0,0.0,0.0,0.0,0.0,11:20:18
sz300301,ST长方,2.48,-0.09,-3.502,2.47,2.48,2.57,2.55,2.59,2.43,14268654.0,35567358.0,11:21:06
sz300302,同有科技,20.21,-0.85,-4.036,20.19,20.2,21.06,21.38,21.5,20.17,16615320.0,341427362.0,11:21:12
sz300303,聚飞光电,6.51,0.01,0.154,6.5,6.51,6.5,6.54,6.57,6.47,6427026.0,41881281.0,11:21:09
sz300304,云意电气,11.0,-0.25,-2.222,11.0,11.01,11.25,11.3,11.4,11.0,9836945.0,109727604.0,11:21:12
sz300305,裕兴股份,6.81,0.0,0.0,6.8,6.81,6.81,6.76,6.86,6.67,3811800.0,25915450.0,11:20:57
sz300306,远方信息,12.84,-0.04,-0.311,12.83,12.84,12.88,12.92,13.0,12.69,2560900.0,32874888.0,11:21:09
sz300307,慈星股份,7.71,-0.04,-0.516,7.71,7.72,7.75,7.7,7.84,7.51,20451200.0,157015938.0,11:21:12
sz300308,中际旭创,490.93,2.33,0.477,490.9,491.0,488.6,515.0,522.38,490.33,25260835.0,12768494523.0,11:21:12
sz300310,宜通世纪,6.38,0.37,6.156,6.38,6.39,6.01,6.0,6.48,5.97,59099205.0,371720847.0,11:21:12
sz300311,ST任子行,4.97,-0.04,-0.798,4.96,4.97,5.01,5.02,5.07,4.92,8867668.0,44157826.0,11:21:12
sz300313,*ST天山,9.79,-0.13,-1.31,9.71,9.8,9.92,10.0,10.26,9.62,4909400.0,48950028.0,11:21:12
sz300314,戴维医疗,13.67,-0.08,-0.582,13.66,13.67,13.75,13.77,13.89,13.51,2162700.0,29596485.0,11:21:03
sz300315,掌趣科技,5.17,-0.01,-0.193,5.16,5.17,5.18,5.19,5.22,5.09,30594260.0,157513072.0,11:21:12
sz300316,晶盛机电,35.76,0.16,0.449,35.76,35.78,35.6,35.98,36.08,34.92,12400220.0,440516648.0,11:21:12
sz300317,珈伟新能,4.31,-0.08,-1.822,4.31,4.32,4.39,4.39,4.41,4.27,12595000.0,54472700.0,11:21:12
sz300318,博晖创新,6.93,-0.66,-8.696,6.93,6.94,7.59,7.52,7.52,6.8,40877400.0,289334417.0,11:21:12
sz300319,麦捷科技,11.82,0.11,0.939,11.81,11.82,11.71,11.89,12.03,11.81,13809334.0,164585115.0,11:21:12
sz300320,海达股份,10.12,0.07,0.697,10.11,10.12,10.05,10.09,10.16,10.02,4228500.0,42671143.0,11:21:12
sz300321,同大股份,47.43,0.66,1.411,47.4,47.51,46.77,47.01,47.74,45.97,796300.0,37356536.0,11:20:36
sz300322,硕贝德,21.69,0.04,0.185,21.67,21.69,21.65,21.99,21.99,21.56,4557664.0,99016647.0,11:21:12
sz300323,华灿光电,7.66,0.01,0.131,7.65,7.66,7.65,7.68,7.73,7.61,5723900.0,43921155.0,11:21:09
sz300324,旋极信息,5.8,-0.2,-3.333,5.79,5.8,6.0,5.9,5.96,5.75,64651819.0,376478678.0,11:21:12
sz300326,ST凯利,5.91,-0.06,-1.005,5.9,5.91,5.97,5.96,6.02,5.9,4913196.0,29217313.0,11:21:09
sz300327,中颖电子,28.17,-0.67,-2.323,28.17,28.18,28.84,29.3,29.39,28.12,11223866.0,320345061.0,11:21:12
sz300328,宜安科技,15.41,-0.21,-1.344,15.41,15.42,15.62,15.81,15.93,15.4,19156651.0,299098121.0,11:21:09
sz300329,海伦钢琴,17.65,-0.03,-0.17,17.64,17.65,17.68,17.83,17.83,17.5,2174000.0,38382510.0,11:21:09
sz300331,苏大维格,32.03,1.25,4.061,32.02,32.03,30.78,31.5,32.71,31.25,12732708.0,409576115.0,11:21:12
sz300332,天壕能源,6.04,0.09,1.513,6.03,6.04,5.95,5.95,6.08,5.94,11806880.0,70927127.0,11:21:12
sz300333,兆日科技,11.95,0.08,0.674,11.95,11.96,11.87,11.97,12.1,11.73,7205400.0,85897850.0,11:21:09
sz300334,津膜科技,7.87,0.19,2.474,7.86,7.87,7.68,7.71,8.28,7.68,13602115.0,108641890.0,11:21:12
sz300335,迪森股份,6.28,0.13,2.114,6.27,6.28,6.15,6.15,6.41,6.14,17182400.0,108287257.0,11:21:12
sz300337,银邦股份,10.29,0.26,2.592,10.29,10.3,10.03,10.07,10.38,10.06,14621944.0,149667006.0,11:21:12
sz300338,ST开元,4.41,-0.16,-3.501,4.4,4.41,4.57,4.58,4.63,4.31,11931502.0,53316139.0,11:21:12
sz300339,润和软件,58.36,0.52,0.899,58.37,58.39,57.84,58.0,58.8,57.51,16420015.0,956886601.0,11:21:12
sz300340,科恒股份,14.33,0.12,0.844,14.33,14.34,14.21,14.2,15.18,14.17,12840802.0,187590930.0,11:21:12
sz300341,麦克奥迪,17.04,-0.14,-0.815,17.03,17.04,17.18,17.32,17.37,16.99,3365300.0,57566145.0,11:21:12
sz300342,天银机电,18.69,0.13,0.7,18.69,18.7,18.56,18.59,18.85,18.4,9100572.0,169643446.0,11:21:12
sz300343,ST联创,5.93,0.05,0.85,5.93,5.94,5.88,5.95,6.18,5.85,28192411.0,169846495.0,11:21:12
sz300344,ST立方,5.08,0.35,7.4,5.08,5.09,4.73,4.76,5.18,4.76,20796703.0,101945576.0,11:21:12
sz300345,华民股份,6.78,-0.22,-3.143,6.77,6.78,7.0,6.99,7.02,6.71,10250900.0,70092701.0,11:21:09
sz300346,南大光电,38.68,-0.76,-1.927,38.68,38.69,39.44,40.55,40.7,38.68,46652883.0,1855720527.0,11:21:12
sz300347,泰格医药,51.32,-1.05,-2.005,51.31,51.32,52.37,52.78,52.85,51.13,5998706.0,311142122.0,11:21:12
sz300348,长亮科技,13.92,-0.1,-0.713,13.91,13.92,14.02,14.12,14.16,13.84,7028975.0,98226180.0,11:21:06
sz300349,金卡智能,13.33,0.02,0.15,13.33,13.34,13.31,13.32,13.41,13.23,2957180.0,39337922.0,11:21:12
sz300350,华鹏飞,6.99,-0.14,-1.964,6.98,6.99,7.13,7.05,7.17,6.93,28997452.0,203785029.0,11:21:12
sz300351,永贵电器,17.25,-0.22,-1.259,17.25,17.26,17.47,17.55,17.59,17.23,4990197.0,86773177.0,11:21:12
sz300352,北信源,6.01,0.12,2.037,6.01,6.02,5.89,5.9,6.08,5.85,29131881.0,173462963.0,11:21:09
sz300353,东土科技,21.27,-0.54,-2.476,21.24,21.27,21.81,21.68,21.97,21.14,8058200.0,172743231.0,11:21:12
sz300354,东华测试,44.06,-0.2,-0.452,44.01,44.05,44.26,44.41,44.8,43.84,1191489.0,52661541.0,11:21:12
sz300355,蒙草生态,4.25,0.01,0.236,4.24,4.25,4.24,4.24,4.27,4.21,16619800.0,70381572.0,11:21:12
sz300357,我武生物,31.71,0.14,0.443,31.7,31.71,31.57,31.73,32.0,31.5,1673800.0,53117441.0,11:21:12
sz300358,楚天科技,9.68,-0.07,-0.718,9.67,9.68,9.75,9.95,9.97,9.63,13033242.0,127089935.0,11:21:12
sz300359,全通教育,5.76,-0.04,-0.69,5.75,5.76,5.8,5.79,5.79,5.68,5837100.0,33493632.0,11:21:00
sz300360,炬华科技,16.9,-0.2,-1.17,16.9,16.91,17.1,17.1,17.19,16.85,8655984.0,146956441.0,11:21:12
sz300363,博腾股份,23.63,-0.19,-0.798,23.62,23.63,23.82,23.9,24.15,23.53,3479380.0,82916899.0,11:21:12
sz300364,中文在线,26.37,-0.73,-2.694,26.36,26.37,27.1,27.27,27.42,26.2,23769002.0,632872748.0,11:21:12
sz300365,恒华科技,6.73,-0.03,-0.444,6.72,6.73,6.76,6.72,6.79,6.6,13138100.0,87870754.0,11:21:12
sz300366,ST创意,6.74,-0.08,-1.173,6.74,6.75,6.82,6.81,6.82,6.67,8439008.0,56741558.0,11:21:09
sz300368,汇金股份,16.11,0.04,0.249,16.11,16.12,16.07,16.69,16.88,16.01,24646800.0,403129571.0,11:21:12
sz300369,绿盟科技,8.24,-0.14,-1.671,8.24,8.25,8.38,8.37,8.43,8.16,18369463.0,152205257.0,11:21:12
sz300370,安控科技,2.93,-0.01,-0.34,2.93,2.94,2.94,2.94,2.96,2.88,17576200.0,51177907.0,11:21:12
sz300371,汇中股份,13.1,-0.37,-2.747,13.09,13.1,13.47,13.48,13.57,12.92,3741260.0,49537140.0,11:21:06
sz300373,扬杰科技,64.69,-0.88,-1.342,64.68,64.7,65.57,66.47,66.68,64.6,4756319.0,311208286.0,11:21:12
sz300374,中铁装配,16.64,0.27,1.649,16.63,16.64,16.37,16.52,16.68,16.36,3854890.0,63652783.0,11:21:12
sz300375,鹏翎股份,5.21,-0.12,-2.251,5.2,5.21,5.33,5.35,5.35,5.16,16576083.0,87029931.0,11:21:12
sz300376,ST易事特,5.64,-0.41,-6.777,5.64,5.65,6.05,5.83,5.88,5.54,52578604.0,298545629.0,11:21:12
sz300377,赢时胜,17.11,-0.24,-1.383,17.11,17.12,17.35,17.67,17.86,17.03,14108697.0,244555182.0,11:21:09
sz300378,鼎捷数智,43.25,-0.14,-0.323,43.24,43.26,43.39,43.94,44.25,43.0,5656123.0,246455726.0,11:21:12
sz300379,*ST东通,2.89,0.48,19.917,2.89,0.0,2.41,2.5,2.89,2.49,165548985.0,453479350.0,11:21:12
sz300380,安硕信息,41.61,-0.53,-1.258,41.56,41.61,42.14,42.76,42.93,41.42,1406400.0,59038134.0,11:20:45
sz300381,溢多利,7.29,0.01,0.137,7.28,7.29,7.28,7.29,7.36,7.21,3752900.0,27337682.0,11:21:06
sz300382,斯莱克,14.53,-0.11,-0.751,14.5,14.52,14.64,14.66,14.81,14.43,3823936.0,55729797.0,11:21:09
sz300383,光环新网,12.92,-0.1,-0.768,12.92,12.93,13.02,13.08,13.17,12.85,13492243.0,175359525.0,11:21:09
sz300384,三联虹普,16.49,-0.12,-0.722,16.49,16.5,16.61,16.69,16.73,16.4,1371102.0,22636021.0,11:21:06
sz300385,雪浪环境,6.53,0.26,4.147,6.52,6.53,6.27,6.84,7.4,6.38,35807366.0,244711812.0,11:21:12
sz300386,飞天诚信,16.76,-0.08,-0.475,16.75,16.76,16.84,16.84,16.99,16.6,1955200.0,32835275.0,11:21:00
sz300387,富邦科技,9.27,-0.03,-0.323,9.27,9.28,9.3,9.3,9.4,9.18,3782476.0,35095834.0,11:21:12
sz300388,节能国祯,9.52,0.1,1.062,9.52,9.53,9.42,9.42,9.79,9.42,8298213.0,79626036.0,11:21:09
sz300389,艾比森,16.22,0.04,0.247,16.21,16.23,16.18,16.35,16.39,16.14,1726100.0,28056164.0,11:21:12
sz300390,天华新能,62.56,5.12,8.914,62.55,62.56,57.44,58.5,64.99,57.27,68830953.0,4246823953.0,11:21:12
sz300391,*ST长药,2.83,0.47,19.915,2.83,0.0,2.36,2.31,2.83,2.28,73438652.0,188286981.0,11:21:12
sz300393,中来股份,8.63,0.32,3.851,8.62,8.63,8.31,8.2,8.81,8.05,103769597.0,882828641.0,11:21:12
sz300394,天孚通信,152.54,-0.67,-0.437,152.49,152.56,153.21,159.0,161.85,152.0,21174943.0,3303195734.0,11:21:12
sz300395,菲利华,75.11,1.95,2.665,75.11,75.18,73.16,76.0,77.38,74.17,13124045.0,996023355.0,11:21:12
sz300396,迪瑞医疗,13.81,0.02,0.145,13.81,13.82,13.79,13.9,13.91,13.67,1526200.0,21067010.0,11:20:57
sz300397,天和防务,13.6,-0.68,-4.762,13.59,13.6,14.28,13.8,13.96,13.51,36521642.0,500643247.0,11:21:09
sz300398,飞凯材料,22.0,0.29,1.336,22.0,22.01,21.71,22.01,22.42,21.8,18125077.0,402278894.0,11:21:12
sz300399,天利科技,25.45,-0.36,-1.395,25.44,25.45,25.81,26.09,26.2,25.31,2065800.0,53038871.0,11:21:09
sz300400,劲拓股份,20.11,0.11,0.55,20.1,20.11,20.0,20.15,20.35,20.01,3063300.0,61852597.0,11:21:03
sz300401,花园生物,13.95,-0.31,-2.174,13.94,13.95,14.26,14.28,14.31,13.9,6959350.0,97758392.0,11:21:12
sz300402,宝色股份,22.24,-0.66,-2.882,22.23,22.25,22.9,22.73,22.79,22.1,10743000.0,240838878.0,11:21:12
sz300403,汉宇集团,14.11,-0.11,-0.774,14.11,14.12,14.22,14.2,14.35,14.07,7933377.0,112496616.0,11:21:12
sz300404,博济医药,10.24,0.0,0.0,10.23,10.24,10.24,10.36,10.37,10.06,5722154.0,58438402.0,11:21:12
sz300405,科隆股份,7.32,-0.34,-4.439,7.32,7.33,7.66,7.59,7.68,7.27,21878050.0,162548251.0,11:21:12
sz300406,九强生物,13.37,-0.01,-0.075,13.36,13.38,13.38,13.43,13.45,13.29,1539030.0,20584073.0,11:21:09
sz300407,凯发电气,12.31,-0.14,-1.124,12.31,12.32,12.45,12.41,12.56,12.19,3639200.0,44881314.0,11:21:12
sz300408,三环集团,44.72,0.1,0.224,44.72,44.74,44.62,45.28,45.76,44.72,7789546.0,352432195.0,11:21:12
sz300409,道氏技术,22.58,-0.22,-0.965,22.58,22.59,22.8,22.79,23.2,22.51,13092842.0,299180029.0,11:21:12
sz300410,正业科技,8.79,-0.08,-0.902,8.79,8.8,8.87,8.95,9.17,8.71,10716731.0,95636452.0,11:21:12
sz300411,金盾股份,11.69,-0.03,-0.256,11.68,11.69,11.72,11.83,11.83,11.62,2244300.0,26250454.0,11:21:12
sz300412,迦南科技,5.63,-0.03,-0.53,5.63,5.64,5.66,5.66,5.7,5.53,8071850.0,45298600.0,11:21:12
sz300413,芒果超媒,26.06,0.03,0.115,26.04,26.06,26.03,26.16,26.18,25.67,6652700.0,172484999.0,11:21:12
sz300414,中光防雷,11.83,-0.26,-2.151,11.83,11.84,12.09,11.95,12.09,11.81,4254740.0,50711072.0,11:21:12
sz300415,伊之密,23.99,0.14,0.587,23.99,24.0,23.85,24.01,24.11,23.85,2237388.0,53663824.0,11:21:09
sz300416,苏试试验,15.07,0.01,0.066,15.06,15.07,15.06,15.09,15.15,15.02,2414199.0,36400463.0,11:21:09
sz300417,南华仪器,13.43,-0.01,-0.074,13.41,13.42,13.44,13.48,13.7,13.11,2264400.0,30295083.0,11:21:12
sz300418,昆仑万维,41.09,-0.2,-0.484,41.09,41.1,41.29,41.78,41.78,40.82,22083346.0,909390608.0,11:21:12
sz300419,ST浩丰,6.82,-0.06,-0.872,6.8,6.81,6.88,6.87,6.95,6.58,8928400.0,60554099.0,11:21:09
sz300420,五洋自控,4.06,0.0,0.0,4.05,4.06,4.06,4.1,4.1,4.02,10413176.0,42149736.0,11:21:12
sz300421,力星股份,18.39,-0.36,-1.92,18.4,18.42,18.75,18.82,18.9,18.39,6360400.0,118161762.0,11:21:12
sz300422,博世科,5.35,0.03,0.564,5.34,5.35,5.32,5.32,5.4,5.27,4218100.0,22536635.0,11:21:12
sz300423,昇辉科技,8.12,-0.08,-0.976,8.11,8.12,8.2,8.06,8.52,7.98,20819300.0,171387817.0,11:21:00
sz300424,航新科技,16.41,-0.08,-0.485,16.41,16.42,16.49,16.5,16.68,16.31,4182799.0,68880503.0,11:21:12
sz300425,中建环能,5.34,0.02,0.376,5.33,5.34,5.32,5.35,5.36,5.28,4259900.0,22676755.0,11:21:09
sz300426,华智数媒,8.79,0.02,0.228,8.78,8.79,8.77,8.86,8.86,8.71,2926200.0,25642055.0,11:21:09
sz300427,红相股份,9.46,-0.83,-8.066,9.46,9.47,10.29,9.66,9.87,9.06,100122098.0,941841856.0,11:21:12
sz300428,立中集团,21.8,0.09,0.415,21.78,21.8,21.71,21.92,22.33,21.7,8023921.0,176653301.0,11:21:12
sz300429,强力新材,13.34,-0.05,-0.373,13.34,13.35,13.39,13.67,13.7,13.32,12299755.0,166476446.0,11:21:12
sz300430,诚益通,18.76,-0.33,-1.729,18.74,18.76,19.09,19.16,19.2,18.72,2767300.0,52299539.0,11:21:12
sz300432,富临精工,16.35,0.14,0.864,16.34,16.35,16.21,16.38,16.8,16.33,37791441.0,627144850.0,11:21:12
sz300433,蓝思科技,26.63,0.08,0.301,26.63,26.64,26.55,26.89,27.01,26.6,19541377.0,524001597.0,11:21:12
sz300434,金石亚药,11.96,0.1,0.843,11.96,11.97,11.86,12.09,12.12,11.63,16351560.0,193752208.0,11:21:12
sz300435,中泰股份,19.55,-0.21,-1.063,19.54,19.55,19.76,19.92,20.08,19.36,3892400.0,76642209.0,11:21:09
sz300436,广生堂,99.12,0.76,0.773,99.11,99.12,98.36,97.54,101.6,97.54,4560200.0,456005839.0,11:21:09
sz300437,清水源,18.95,0.55,2.989,18.92,18.95,18.4,17.8,19.58,17.56,36644604.0,686562056.0,11:21:12
sz300438,鹏辉能源,50.76,-1.64,-3.13,50.76,50.77,52.4,52.55,52.93,50.59,18769055.0,966277507.0,11:21:12
sz300439,美康生物,10.62,-0.04,-0.375,10.61,10.62,10.66,10.69,10.75,10.53,2376125.0,25243687.0,11:21:12
sz300440,运达科技,12.39,0.09,0.732,12.39,12.4,12.3,12.37,12.53,12.33,2255515.0,28022499.0,11:21:12
sz300441,鲍斯股份,7.88,-0.03,-0.379,7.87,7.88,7.91,7.94,7.98,7.83,4104500.0,32350509.0,11:21:03
sz300442,润泽科技,46.58,-0.35,-0.746,46.58,46.61,46.93,47.01,47.29,46.44,5391988.0,252373914.0,11:21:12
sz300443,金雷股份,25.76,-0.21,-0.809,25.76,25.77,25.97,26.1,26.32,25.72,2818400.0,73404800.0,11:21:12
sz300444,双杰电气,11.34,0.6,5.587,11.34,11.35,10.74,10.91,11.99,10.83,129913120.0,1486908333.0,11:21:12
sz300445,康斯特,20.4,0.02,0.098,20.39,20.4,20.38,20.41,20.65,20.34,1486120.0,30444230.0,11:21:12
sz300446,航天智造,19.93,0.14,0.707,19.91,19.92,19.79,19.94,20.38,19.72,15044978.0,301536088.0,11:21:12
sz300447,全信股份,15.13,0.04,0.265,15.13,15.14,15.09,15.09,15.18,15.0,2042400.0,30797948.0,11:21:12
sz300448,浩云科技,7.42,0.06,0.815,7.41,7.42,7.36,7.5,7.53,7.29,9756700.0,72194543.0,11:21:12
sz300449,汉邦高科,7.14,-0.02,-0.279,7.13,7.14,7.16,7.25,7.25,7.02,3799520.0,26976008.0,11:21:12
sz300450,先导智能,50.39,-0.5,-0.983,50.39,50.4,50.89,51.01,51.95,50.36,28680714.0,1464606309.0,11:21:12
sz300451,创业慧康,5.31,-0.13,-2.39,5.3,5.31,5.44,5.45,5.47,5.27,40024128.0,213612248.0,11:21:12
sz300452,山河药辅,14.52,-0.55,-3.65,14.51,14.52,15.07,14.82,14.98,14.39,19388938.0,283616280.0,11:21:06
sz300453,三鑫医疗,9.66,-0.03,-0.31,9.65,9.66,9.69,9.7,9.78,9.51,3883182.0,37333562.0,11:21:12
sz300454,深信服,114.93,-2.47,-2.104,114.92,114.98,117.4,117.57,119.0,114.55,2788018.0,322834541.0,11:21:12
sz300455,航天智装,26.04,0.78,3.088,25.95,26.0,25.26,25.0,26.85,24.52,47121581.0,1214686448.0,11:21:12
sz300456,赛微电子,29.36,-0.12,-0.407,29.36,29.4,29.48,29.0,29.98,29.0,57259550.0,1685165434.0,11:21:15
sz300457,赢合科技,27.95,-0.08,-0.285,27.93,27.95,28.03,28.25,28.64,27.87,6720785.0,189739961.0,11:21:12
sz300458,全志科技,41.54,0.11,0.266,41.54,41.55,41.43,41.92,42.16,41.37,6108875.0,255114976.0,11:21:15
sz300459,汤姆猫,5.02,0.19,3.934,5.02,5.03,4.83,4.88,5.07,4.76,171314422.0,846284855.0,11:21:15
sz300460,惠伦晶体,10.72,1.04,10.744,10.71,10.72,9.68,9.83,11.28,9.76,31915521.0,337998859.0,11:21:15
sz300461,田中精机,20.21,-0.01,-0.049,20.2,20.22,20.22,20.48,20.5,20.0,1078900.0,21843655.0,11:21:15
sz300462,ST华铭,12.01,-0.31,-2.516,12.01,12.02,12.32,12.39,12.39,11.86,1766100.0,21256700.0,11:20:54
sz300463,迈克生物,11.73,-0.02,-0.17,11.73,11.74,11.75,11.79,11.83,11.66,2368300.0,27792973.0,11:21:15
sz300464,星徽股份,7.52,-0.14,-1.828,7.51,7.52,7.66,7.68,7.7,7.42,12876200.0,96678996.0,11:21:12
sz300465,高伟达,22.79,-0.67,-2.856,22.79,22.8,23.46,23.23,23.75,22.71,12693745.0,293724203.0,11:21:15
sz300466,赛摩智能,9.96,-0.05,-0.5,9.96,9.97,10.01,10.06,10.12,9.91,3589800.0,35840831.0,11:21:15
sz300467,迅游科技,24.15,-0.57,-2.306,24.15,24.17,24.72,24.69,24.82,24.03,2102234.0,51226552.0,11:21:09
sz300468,四方精创,32.69,-0.13,-0.396,32.67,32.69,32.82,32.99,33.39,32.54,6899818.0,227021489.0,11:21:15
sz300469,信息发展,61.61,-1.78,-2.808,61.62,61.64,63.39,63.36,63.89,60.88,4732881.0,291818677.0,11:21:15
sz300470,中密控股,35.49,-0.17,-0.477,35.49,35.5,35.66,35.7,35.86,35.35,1392100.0,49520964.0,11:21:15
sz300471,厚普股份,12.64,-0.49,-3.732,12.64,12.65,13.13,13.12,13.25,12.5,13791886.0,176394056.0,11:21:15
sz300472,*ST新元,8.57,-0.22,-2.503,8.57,8.58,8.79,8.7,8.88,8.51,9253039.0,79611179.0,11:21:06
sz300473,德尔股份,29.7,-0.21,-0.702,29.69,29.7,29.91,30.26,30.37,29.59,1736800.0,52051250.0,11:21:15
sz300474,景嘉微,72.87,-0.01,-0.014,72.87,72.88,72.88,73.25,73.45,71.93,4655804.0,338043050.0,11:21:15
sz300475,香农芯创,149.3,-12.15,-7.526,149.27,149.3,161.45,164.0,165.0,148.6,32765549.0,5022592565.0,11:21:15
sz300476,胜宏科技,277.36,0.22,0.079,277.35,277.36,277.14,291.0,293.0,277.36,20449524.0,5807590309.0,11:21:15
sz300477,ST合纵,3.48,-0.27,-7.2,3.47,3.48,3.75,3.7,3.94,3.33,169223044.0,615301030.0,11:21:15
sz300478,杭州高新,30.09,2.09,7.464,30.09,30.1,28.0,28.0,30.66,27.51,10501710.0,313290019.0,11:21:15
sz300479,神思电子,19.82,-0.09,-0.452,19.82,19.84,19.91,19.95,20.0,19.46,2869415.0,56509090.0,11:21:15
sz300480,光力科技,16.04,-0.08,-0.496,16.04,16.05,16.12,16.22,16.38,15.98,3389598.0,54704387.0,11:21:03
sz300481,濮阳惠成,17.04,1.31,8.328,17.04,17.05,15.73,16.11,18.8,16.11,29641608.0,516694532.0,11:21:09
sz300482,万孚生物,21.29,-0.04,-0.188,21.29,21.3,21.33,21.4,21.43,21.22,1748840.0,37261805.0,11:21:03
sz300483,首华燃气,16.28,-0.47,-2.806,16.26,16.28,16.75,16.44,16.75,16.1,14549791.0,237575927.0,11:21:15
sz300484,蓝海华腾,20.15,-0.3,-1.467,20.13,20.15,20.45,20.6,20.61,20.06,2265500.0,45961181.0,11:21:15
sz300485,赛升药业,12.22,-0.2,-1.61,12.21,12.22,12.42,12.4,12.5,12.0,8783400.0,107377462.0,11:21:15
sz300486,东杰智能,21.76,0.07,0.323,21.76,21.8,21.69,21.54,22.57,21.35,14841379.0,328028498.0,11:21:15
sz300487,蓝晓科技,56.74,1.25,2.253,56.59,56.74,55.49,56.0,57.47,55.4,4959818.0,281123932.0,11:21:15
sz300488,恒锋工具,31.53,-0.3,-0.943,31.52,31.53,31.83,32.08,32.08,31.45,477774.0,15131803.0,11:21:06
sz300489,光智科技,40.51,-0.42,-1.026,40.51,40.52,40.93,41.2,41.23,40.2,698800.0,28404982.0,11:21:12
sz300490,华自科技,12.12,-0.4,-3.195,12.12,12.13,12.52,12.55,12.74,12.09,29215600.0,361782811.0,11:21:15
sz300491,通合科技,25.98,0.33,1.287,25.98,25.99,25.65,25.88,26.88,25.84,6592800.0,174014386.0,11:21:15
sz300492,华图山鼎,66.41,-1.18,-1.746,66.38,66.4,67.59,67.6,67.93,66.27,458240.0,30635939.0,11:21:15
sz300493,润欣科技,19.26,0.0,0.0,19.26,19.27,19.26,19.4,19.52,19.13,5167093.0,99952875.0,11:21:12
sz300494,盛天网络,12.18,-0.08,-0.653,12.17,12.18,12.26,12.26,12.36,12.05,8273979.0,100848475.0,11:21:15
sz300496,中科创达,63.08,-0.31,-0.489,63.07,63.09,63.39,64.22,64.57,63.0,5135651.0,327652573.0,11:21:15
sz300497,富祥药业,19.06,0.91,5.014,19.03,19.06,18.15,18.79,20.38,18.39,98331113.0,1905337808.0,11:21:15
sz300498,温氏股份,17.5,-0.03,-0.171,17.5,17.51,17.53,17.53,17.6,17.43,9911439.0,173458459.0,11:21:15
sz300499,高澜股份,25.73,-0.26,-1.0,25.72,25.73,25.99,26.55,26.83,25.64,8427273.0,219014971.0,11:21:15
sz300500,启迪设计,14.31,0.09,0.633,14.3,14.31,14.22,14.22,14.36,14.04,1611583.0,22930746.0,11:21:15
sz300501,海顺新材,17.16,-0.21,-1.209,17.16,17.17,17.37,17.38,17.55,17.05,2640964.0,45565692.0,11:21:15
sz300502,新易盛,324.27,1.87,0.58,324.3,324.32,322.4,338.52,343.28,324.25,29419264.0,9765588490.0,11:21:15
sz300503,昊志机电,27.01,-0.15,-0.552,27.01,27.02,27.16,27.3,27.48,27.01,2445600.0,66576705.0,11:21:15
sz300504,天邑股份,14.2,0.1,0.709,14.18,14.19,14.1,14.29,14.31,13.93,1938100.0,27354485.0,11:21:12
sz300505,川金诺,23.83,0.85,3.699,23.82,23.84,22.98,22.98,24.46,22.9,20347524.0,486239935.0,11:21:15
sz300506,*ST名家,4.63,-0.12,-2.526,4.63,4.66,4.75,4.74,4.82,4.62,8218960.0,38754264.0,11:21:15
sz300507,苏奥传感,8.87,0.06,0.681,8.86,8.87,8.81,8.86,8.95,8.78,5707609.0,50485614.0,11:21:15
sz300508,维宏股份,33.89,-0.13,-0.382,33.88,33.89,34.02,34.1,34.49,33.52,1586700.0,53938866.0,11:21:15
sz300509,新美星,10.82,-0.02,-0.185,10.79,10.81,10.84,10.87,10.98,10.7,2305295.0,24953551.0,11:21:15
sz300510,金冠股份,4.44,-0.05,-1.114,4.43,4.44,4.49,4.5,4.53,4.41,11112100.0,49540492.0,11:21:15
sz300511,雪榕生物,7.03,-0.11,-1.541,7.03,7.04,7.14,7.14,7.18,6.97,11104541.0,78486893.0,11:21:15
sz300512,中亚股份,9.53,-0.12,-1.244,9.53,9.54,9.65,9.69,9.73,9.43,3740100.0,35771706.0,11:21:15
sz300513,恒实科技,10.17,-0.08,-0.78,10.17,10.18,10.25,10.31,10.32,9.98,4194040.0,42376210.0,11:21:15
sz300514,友讯达,14.19,-0.09,-0.63,14.18,14.2,14.28,14.32,14.39,14.03,3326800.0,47178226.0,11:21:12
sz300515,三德科技,19.92,-0.06,-0.3,19.9,19.91,19.98,20.05,20.25,19.79,1315400.0,26291350.0,11:21:12
sz300516,久之洋,42.41,-0.43,-1.004,42.4,42.41,42.84,42.0,42.89,41.55,4916002.0,207105782.0,11:21:15
sz300517,海波重科,12.58,0.27,2.193,12.58,12.59,12.31,12.39,12.99,12.38,5756460.0,72899451.0,11:21:12
sz300518,新迅达,16.57,0.29,1.781,16.55,16.56,16.28,16.26,16.77,16.02,4333778.0,71328407.0,11:21:15
sz300519,新光药业,16.32,0.03,0.184,16.31,16.32,16.29,16.43,16.46,16.06,1339700.0,21767989.0,11:21:15
sz300520,科大国创,36.73,0.2,0.547,36.72,36.76,36.53,36.8,37.81,36.6,23183210.0,861073742.0,11:21:15
sz300521,爱司凯,31.09,0.21,0.68,31.07,31.09,30.88,31.28,31.75,30.89,2262260.0,70903101.0,11:21:15
sz300522,世名科技,13.28,0.17,1.297,13.27,13.28,13.11,13.15,13.53,13.12,4703940.0,62884465.0,11:21:00
sz300523,辰安科技,24.78,-0.2,-0.801,24.75,24.78,24.98,24.81,25.26,24.59,1657331.0,41203515.0,11:21:15
sz300525,博思软件,13.72,-0.12,-0.867,13.71,13.72,13.84,13.9,13.95,13.63,9038404.0,124560821.0,11:21:09
sz300527,ST应急,8.77,-0.12,-1.35,8.77,8.79,8.89,8.79,8.88,8.67,23543341.0,206345674.0,11:21:15
sz300528,幸福蓝海,21.29,-1.11,-4.955,21.29,21.3,22.4,22.02,22.2,21.07,16319580.0,353539868.0,11:21:15
sz300529,健帆生物,20.31,-0.02,-0.098,20.29,20.31,20.33,20.45,20.45,20.25,1255800.0,25521798.0,11:21:09
sz300530,领湃科技,31.58,-0.52,-1.62,31.57,31.6,32.1,32.23,32.62,31.31,1618500.0,51753257.0,11:21:15
sz300531,优博讯,17.41,-0.04,-0.229,17.41,17.42,17.45,17.66,17.67,17.3,2378100.0,41568940.0,11:21:06
sz300532,今天国际,12.17,-0.06,-0.491,12.16,12.17,12.23,12.29,12.29,12.13,1880505.0,22919598.0,11:21:15
sz300533,冰川网络,34.09,-0.26,-0.757,34.1,34.11,34.35,34.62,34.64,33.93,2797375.0,95747340.0,11:21:15
sz300534,陇神戎发,10.29,0.02,0.195,10.28,10.29,10.27,10.3,10.36,10.12,3995900.0,40967365.0,11:21:15
sz300535,达威股份,20.46,0.08,0.393,20.46,20.47,20.38,20.33,20.81,20.21,1228267.0,25275235.0,11:21:15
sz300536,农尚环境,8.49,-0.09,-1.049,8.49,8.5,8.58,8.58,8.64,8.43,1941000.0,16559983.0,11:21:12
sz300537,广信材料,23.01,-0.14,-0.605,23.01,23.02,23.15,23.44,23.65,22.97,4548900.0,106199765.0,11:21:15
sz300538,同益股份,19.56,0.02,0.102,19.56,19.57,19.54,19.31,20.66,19.17,27166097.0,542526414.0,11:21:15
sz300539,横河精密,42.83,-1.27,-2.88,42.83,42.86,44.1,44.77,44.77,42.55,3226800.0,139671877.0,11:21:15
sz300540,蜀道装备,18.24,0.06,0.33,18.24,18.25,18.18,18.25,18.32,18.05,1197080.0,21729861.0,11:21:12
sz300541,先进数通,14.99,-0.09,-0.597,14.99,15.0,15.08,15.21,15.25,14.91,5442413.0,81902488.0,11:21:12
sz300542,新晨科技,18.05,0.22,1.234,18.04,18.05,17.83,17.83,18.19,17.65,2784480.0,49754180.0,11:21:09
sz300543,朗科智能,10.85,-0.4,-3.556,10.85,10.86,11.25,11.19,11.28,10.74,9643220.0,105259199.0,11:21:15
sz300545,联得装备,28.94,-0.21,-0.72,28.93,28.94,29.15,29.49,29.57,28.88,1797237.0,52439127.0,11:21:15
sz300546,雄帝科技,24.06,-0.1,-0.414,24.05,24.07,24.16,24.27,24.38,23.86,1816600.0,43751484.0,11:21:15
sz300547,川环科技,35.18,-0.27,-0.762,35.17,35.18,35.45,36.97,37.08,34.93,4454800.0,158405283.0,11:21:15
sz300548,长芯博创,105.0,0.23,0.22,105.0,105.14,104.77,111.8,113.39,103.78,22740571.0,2434219162.0,11:21:15
sz300549,优德精密,19.61,-0.25,-1.259,19.61,19.62,19.86,19.96,19.97,19.37,1757900.0,34504429.0,11:21:12
sz300550,和仁科技,13.93,0.0,0.0,13.92,13.93,13.93,13.98,14.1,13.78,1539853.0,21401755.0,11:21:06
sz300551,古鳌科技,13.78,0.35,2.606,13.78,13.79,13.43,13.55,13.88,13.5,8300500.0,113753823.0,11:21:15
sz300552,万集科技,24.94,-0.1,-0.399,24.94,24.95,25.04,25.06,25.35,24.74,1142700.0,28529563.0,11:21:12
sz300553,集智股份,33.78,-0.05,-0.148,33.78,33.79,33.83,34.07,34.65,33.5,1376537.0,46791963.0,11:21:15
sz300554,三超新材,24.05,-0.39,-1.596,24.04,24.05,24.44,24.56,24.79,23.92,2698100.0,65609194.0,11:21:15
sz300555,ST路通,11.96,-0.14,-1.157,11.94,11.96,12.1,12.1,12.1,11.81,2096000.0,25028757.0,11:19:51
sz300556,丝路视觉,21.25,0.04,0.189,21.25,21.26,21.21,21.34,21.44,20.9,2438888.0,51643650.0,11:21:15
sz300557,理工光科,27.87,-0.02,-0.072,27.83,27.87,27.89,27.99,28.22,27.6,1181063.0,32911454.0,11:21:15
sz300558,贝达药业,50.4,-0.47,-0.924,50.35,50.41,50.87,50.85,51.4,50.33,1989864.0,101185853.0,11:21:15
sz300559,佳发教育,11.72,-0.07,-0.594,11.71,11.72,11.79,11.86,11.89,11.67,3686200.0,43372114.0,11:21:15
sz300560,中富通,20.78,-2.13,-9.297,20.78,20.79,22.91,21.45,21.82,20.01,41012585.0,848916317.0,11:21:15
sz300561,*ST汇科,14.95,-0.07,-0.466,14.96,14.97,15.02,15.14,15.24,14.71,3010803.0,45081409.0,11:21:15
sz300562,乐心医疗,13.91,-0.09,-0.643,13.91,13.92,14.0,14.0,14.09,13.77,2351840.0,32727811.0,11:21:15
sz300563,神宇股份,36.38,0.08,0.22,36.35,36.38,36.3,36.75,36.87,36.1,1754126.0,64055144.0,11:21:12
sz300564,筑博设计,16.16,0.09,0.56,16.15,16.16,16.07,16.07,16.2,15.89,1425600.0,22899582.0,11:21:12
sz300565,科信技术,12.04,-0.01,-0.083,12.04,12.05,12.05,12.13,12.27,11.92,4051900.0,49032142.0,11:21:15
sz300566,激智科技,18.35,-0.01,-0.054,18.34,18.35,18.36,18.45,18.6,18.31,1337700.0,24694451.0,11:21:06
sz300567,精测电子,66.61,-1.59,-2.331,66.61,66.67,68.2,68.54,68.93,66.6,2143825.0,144673174.0,11:21:15
sz300568,星源材质,17.53,0.44,2.575,17.52,17.54,17.09,17.11,18.72,17.11,113555603.0,2037310796.0,11:21:15
sz300569,天能重工,6.22,-0.03,-0.48,6.22,6.23,6.25,6.29,6.32,6.22,8575130.0,53700096.0,11:21:15
sz300570,太辰光,89.54,-1.02,-1.126,89.54,89.58,90.56,94.51,94.98,89.15,7341783.0,669458466.0,11:21:15
sz300571,平治信息,29.4,0.02,0.068,29.4,29.43,29.38,29.7,29.85,29.07,1606100.0,47296347.0,11:21:09
sz300572,安车检测,28.35,-0.5,-1.733,28.35,28.36,28.85,28.96,29.11,27.95,2988200.0,84941839.0,11:21:15
sz300573,兴齐眼药,71.92,-0.09,-0.125,71.92,71.96,72.01,72.03,72.7,71.67,2595040.0,187213811.0,11:21:15
sz300575,中旗股份,6.49,-0.03,-0.46,6.49,6.5,6.52,6.53,6.57,6.42,4604060.0,29880393.0,11:21:15
sz300576,容大感光,35.73,-0.17,-0.474,35.7,35.72,35.9,36.5,36.6,35.65,4516130.0,163016353.0,11:21:15
sz300577,开润股份,24.72,-0.34,-1.357,24.7,24.71,25.06,25.06,25.27,24.5,1050184.0,25977642.0,11:21:12
sz300578,会畅通讯,18.73,0.58,3.196,18.73,18.74,18.15,18.19,19.2,18.11,7384968.0,138321895.0,11:21:15
sz300579,数字认证,32.02,-0.7,-2.139,31.99,32.02,32.72,32.6,32.7,31.7,3268149.0,104679535.0,11:21:06
sz300580,贝斯特,23.54,-0.21,-0.884,23.53,23.54,23.75,23.76,23.95,23.47,2409732.0,57008689.0,11:21:15
sz300581,晨曦航空,17.65,0.13,0.742,17.65,17.66,17.52,17.17,17.77,17.04,27691344.0,483011814.0,11:21:15
sz300582,英飞特,13.87,-0.12,-0.858,13.86,13.87,13.99,14.0,14.27,13.86,2560500.0,35902238.0,11:21:12
sz300583,赛托生物,15.4,-0.07,-0.452,15.39,15.4,15.47,15.49,15.56,15.15,1276260.0,19634136.0,11:21:06
sz300584,海辰药业,59.89,-1.68,-2.729,59.89,59.9,61.57,62.36,63.79,59.88,6194050.0,382067259.0,11:21:15
sz300585,奥联电子,20.06,-0.17,-0.84,20.05,20.06,20.23,20.33,20.5,20.03,3457800.0,69862657.0,11:21:15
sz300586,美联新材,10.64,-0.08,-0.746,10.63,10.64,10.72,10.73,10.95,10.62,5817879.0,62872439.0,11:21:12
sz300587,天铁科技,7.49,-0.18,-2.347,7.49,7.5,7.67,7.73,7.88,7.48,13000856.0,99665272.0,11:21:15
sz300588,熙菱信息,26.69,0.44,1.676,26.69,26.7,26.25,26.38,27.28,26.38,3508320.0,94289007.0,11:21:15
sz300589,江龙船艇,19.91,0.73,3.806,19.91,19.97,19.18,17.66,20.7,17.66,96642951.0,1854397242.0,11:21:15
sz300590,移为通信,12.07,0.11,0.92,12.07,12.08,11.96,12.0,12.13,11.92,2457320.0,29569788.0,11:21:15
sz300591,万里马,10.07,-0.26,-2.517,10.07,10.08,10.33,10.34,10.46,9.94,27130320.0,274847802.0,11:21:15
sz300592,华凯易佰,11.15,-0.23,-2.021,11.15,11.16,11.38,11.41,11.5,11.01,11440302.0,128050004.0,11:21:15
sz300593,新雷能,22.21,-0.25,-1.113,22.21,22.22,22.46,23.35,23.9,22.2,10683439.0,244514507.0,11:21:15
sz300594,朗进科技,18.51,0.03,0.162,18.51,18.53,18.48,18.55,18.7,18.18,1047700.0,19346221.0,11:21:12
sz300595,欧普康视,16.4,0.0,0.0,16.4,16.41,16.4,16.54,16.58,16.33,3009715.0,49474657.0,11:21:15
sz300596,利安隆,38.71,-0.01,-0.026,38.71,38.72,38.72,38.83,39.3,38.6,1160000.0,45151946.0,11:21:12
sz300597,吉大通信,9.66,0.01,0.104,9.66,9.67,9.65,9.65,9.71,9.46,5190100.0,49776689.0,11:21:15
sz300598,诚迈科技,62.12,3.18,5.395,62.1,62.12,58.94,60.12,64.0,59.78,20237382.0,1245216102.0,11:21:15
sz300599,雄塑科技,7.62,0.0,0.0,7.62,7.63,7.62,7.61,7.74,7.52,3527400.0,26903646.0,11:21:15
sz300600,国瑞科技,16.8,-0.3,-1.754,16.79,16.81,17.1,16.6,17.24,16.4,17206568.0,289654204.0,11:21:12
sz300601,康泰生物,17.02,0.21,1.249,17.02,17.03,16.81,17.08,17.5,16.96,9454955.0,162298769.0,11:21:15
sz300602,飞荣达,27.78,-0.29,-1.033,27.78,27.79,28.07,28.81,29.0,27.71,7770142.0,219309477.0,11:21:15
sz300603,立昂技术,10.46,0.06,0.577,10.45,10.46,10.4,10.4,10.5,10.34,4858551.0,50625316.0,11:21:12
sz300604,长川科技,77.7,-0.75,-0.956,77.7,77.72,78.45,79.4,79.92,77.66,8709863.0,683714226.0,11:21:15
sz300605,恒锋信息,17.72,1.02,6.108,17.71,17.72,16.7,16.72,19.27,16.6,24693013.0,446414305.0,11:21:15
sz300606,金太阳,22.3,0.08,0.36,22.28,22.29,22.22,22.5,22.52,22.1,1358973.0,30351124.0,11:21:12
sz300607,拓斯达,28.75,-0.35,-1.203,28.74,28.75,29.1,29.1,29.45,28.63,3637835.0,105182898.0,11:21:15
sz300608,思特奇,12.26,0.16,1.322,12.26,12.27,12.1,12.08,12.29,11.93,5269693.0,63873652.0,11:21:15
sz300609,汇纳科技,41.65,-0.79,-1.861,41.65,41.66,42.44,42.53,43.18,41.3,3407000.0,143604281.0,11:21:15
sz300610,晨化股份,12.34,-0.23,-1.83,12.34,12.35,12.57,12.45,12.75,12.3,8568322.0,107475999.0,11:21:15
sz300611,美力科技,26.56,-0.07,-0.263,26.56,26.57,26.63,27.0,27.0,26.55,1960396.0,52444764.0,11:21:15
sz300612,宣亚国际,21.07,-0.79,-3.614,21.05,21.07,21.86,21.86,21.86,20.34,31996027.0,671036164.0,11:21:15
sz300613,富瀚微,44.36,-0.54,-1.203,44.36,44.38,44.9,45.13,45.36,44.28,1405841.0,62840014.0,11:21:15
sz300614,百川畅银,12.97,-0.35,-2.628,12.96,12.97,13.32,13.33,13.49,12.9,3124400.0,41167160.0,11:21:15
sz300615,欣天科技,13.59,0.04,0.295,13.58,13.59,13.55,13.68,13.76,13.36,2184400.0,29583292.0,11:21:15
sz300616,尚品宅配,14.41,0.06,0.418,14.38,14.42,14.35,14.47,14.55,14.14,3095600.0,44405513.0,11:21:15
sz300617,安靠智电,32.19,-0.16,-0.495,32.17,32.22,32.35,32.69,32.77,32.06,852000.0,27535901.0,11:20:51
sz300618,寒锐钴业,48.93,1.02,2.129,48.91,48.93,47.91,47.9,50.32,47.6,15769740.0,778244620.0,11:21:15
sz300619,金银河,46.02,-1.91,-3.985,46.01,46.04,47.93,48.1,48.5,45.9,11250160.0,529550548.0,11:21:15
sz300620,光库科技,102.91,-2.7,-2.557,102.8,102.87,105.61,110.0,111.95,100.96,11104554.0,1161778492.0,11:21:15
sz300621,维业股份,9.47,0.01,0.106,9.46,9.47,9.46,9.58,9.62,9.29,3188800.0,30163019.0,11:21:12
sz300622,博士眼镜,30.28,-0.39,-1.272,30.27,30.28,30.67,30.59,30.97,30.0,4692850.0,142767048.0,11:21:06
sz300623,捷捷微电,27.35,0.0,0.0,27.35,27.36,27.35,27.55,27.73,27.31,2886987.0,79405384.0,11:21:12
sz300624,万兴科技,72.59,-0.63,-0.86,72.59,72.6,73.22,73.98,74.34,72.5,6392141.0,467644248.0,11:21:12
sz300625,三雄极光,12.55,0.07,0.561,12.54,12.55,12.48,12.57,12.6,12.41,1033500.0,12935817.0,11:21:06
sz300626,华瑞股份,15.4,0.72,4.905,15.4,15.43,14.68,14.5,15.88,14.36,16577760.0,252726103.0,11:21:12
sz300627,华测导航,31.72,0.27,0.859,31.71,31.72,31.45,31.6,31.77,31.33,3640300.0,114959608.0,11:21:12
sz300628,亿联网络,33.83,-0.01,-0.03,33.82,33.84,33.84,34.09,34.11,33.62,2496340.0,84477141.0,11:21:12
sz300629,新劲刚,19.18,-0.17,-0.879,19.18,19.19,19.35,19.19,19.38,19.08,1965986.0,37741418.0,11:21:06
sz300631,久吾高科,34.09,2.36,7.438,34.09,34.14,31.73,31.05,35.74,31.05,17598571.0,597211082.0,11:21:12
sz300632,光莆股份,13.75,0.22,1.626,13.73,13.75,13.53,13.57,14.17,13.46,7771060.0,107662109.0,11:21:09
sz300633,开立医疗,29.02,0.38,1.327,29.01,29.02,28.64,28.9,29.29,28.6,2471700.0,71644071.0,11:21:12
sz300634,彩讯股份,26.49,0.14,0.531,26.49,26.5,26.35,26.51,26.75,26.25,7689553.0,203743077.0,11:21:12
sz300635,中达安,16.55,0.19,1.161,16.55,16.56,16.36,16.36,16.6,16.02,3403325.0,55508505.0,11:21:12
sz300636,同和药业,8.33,-0.03,-0.359,8.33,8.34,8.36,8.4,8.42,8.25,3273700.0,27289266.0,11:21:12
sz300637,扬帆新材,12.1,-0.17,-1.385,12.09,12.1,12.27,12.3,12.52,12.0,7337426.0,90248935.0,11:21:12
sz300638,广和通,24.52,-0.15,-0.608,24.51,24.52,24.67,25.0,25.08,24.41,6045016.0,149513548.0,11:21:12
sz300639,凯普生物,5.99,-0.01,-0.167,5.99,6.0,6.0,6.03,6.04,5.93,4534127.0,27090361.0,11:21:12
sz300640,德艺文创,7.33,-0.07,-0.946,7.32,7.33,7.4,7.47,7.47,7.18,8771600.0,64025703.0,11:21:12
sz300641,正丹股份,20.32,1.21,6.332,20.31,20.32,19.11,19.3,20.65,19.3,17441046.0,353894608.0,11:21:12
sz300642,透景生命,19.8,-0.21,-1.049,19.8,19.81,20.01,20.0,20.26,19.71,1974140.0,39332173.0,11:21:06
sz300643,万通智控,20.11,0.37,1.874,20.1,20.11,19.74,19.86,20.3,19.71,3690300.0,73907574.0,11:21:12
sz300644,南京聚隆,32.37,-0.14,-0.431,32.37,32.39,32.51,32.61,32.99,32.27,914300.0,29903287.0,11:21:12
sz300645,正元智慧,18.83,0.04,0.213,18.82,18.83,18.79,18.99,18.99,18.51,2255845.0,42240238.0,11:21:12
sz300647,超频三,7.52,-0.1,-1.312,7.52,7.54,7.62,7.65,7.76,7.49,22187500.0,168695608.0,11:21:12
sz300648,星云股份,47.16,-0.98,-2.036,47.16,47.17,48.14,48.83,48.83,46.95,3018800.0,143726276.0,11:21:12
sz300649,杭州园林,16.34,0.04,0.245,16.33,16.34,16.3,16.32,16.6,16.03,1310400.0,21356854.0,11:21:12
sz300650,太龙股份,17.98,-0.09,-0.498,17.97,17.98,18.07,18.5,19.05,17.85,10430716.0,192200814.0,11:21:12
sz300651,金陵体育,22.33,-0.67,-2.913,22.32,22.33,23.0,23.0,23.21,22.15,6302100.0,142286731.0,11:21:06
sz300652,雷迪克,52.56,-0.99,-1.849,52.56,52.58,53.55,53.75,54.29,52.46,1168260.0,62006937.0,11:20:42
sz300653,正海生物,20.44,-0.1,-0.487,20.43,20.46,20.54,20.81,20.88,20.41,1511960.0,31212599.0,11:21:09
sz300654,世纪天鸿,10.81,0.4,3.842,10.81,10.82,10.41,10.46,11.26,10.3,23085135.0,249798136.0,11:21:12
sz300655,晶瑞电材,15.71,0.04,0.255,15.71,15.72,15.67,16.12,16.28,15.71,66110138.0,1058144426.0,11:21:12
sz300656,民德电子,21.98,0.08,0.365,21.97,21.98,21.9,22.22,22.52,21.92,1163162.0,25801791.0,11:21:06
sz300657,弘信电子,27.58,0.26,0.952,27.58,27.59,27.32,27.56,27.92,27.5,7084480.0,196427572.0,11:21:12
sz300658,延江股份,10.41,0.02,0.192,10.41,10.42,10.39,10.36,10.68,10.07,13644799.0,140457569.0,11:21:12
sz300659,中孚信息,17.66,-0.52,-2.86,17.65,17.66,18.18,18.17,18.19,17.6,13665313.0,244227329.0,11:21:12
sz300660,江苏雷利,46.57,-0.54,-1.146,46.56,46.57,47.11,47.28,47.66,46.56,2160452.0,101734011.0,11:21:12
sz300661,圣邦股份,66.53,-0.54,-0.805,66.51,66.53,67.07,67.51,67.72,66.16,5208675.0,348206311.0,11:21:12
sz300662,科锐国际,27.98,-0.35,-1.235,27.97,27.99,28.33,28.4,28.48,27.61,1482900.0,41507836.0,11:21:12
sz300663,科蓝软件,18.42,0.39,2.163,18.42,18.44,18.03,18.07,18.45,18.01,10085472.0,184230217.0,11:21:12
sz300664,鹏鹞环保,5.99,0.05,0.842,5.98,5.99,5.94,5.95,6.04,5.93,9766800.0,58505089.0,11:21:06
sz300665,飞鹿股份,9.67,-0.15,-1.527,9.66,9.67,9.82,9.89,9.94,9.53,5349877.0,51891867.0,11:21:09
sz300666,江丰电子,86.38,-0.93,-1.065,86.36,86.39,87.31,88.53,88.88,86.3,3387100.0,296676911.0,11:21:12
sz300667,必创科技,16.05,-0.05,-0.311,16.04,16.05,16.1,16.18,16.35,15.88,3163325.0,51000957.0,11:20:57
sz300668,杰恩设计,19.19,-0.03,-0.156,19.18,19.2,19.22,19.29,19.39,19.0,1034200.0,19856058.0,11:21:12
sz300669,沪宁股份,27.25,-0.25,-0.909,27.21,27.23,27.5,27.54,27.58,26.89,893800.0,24309549.0,11:20:48
sz300670,大烨智能,8.02,-0.15,-1.836,8.02,8.03,8.17,8.15,8.23,7.89,5962000.0,47949740.0,11:21:12
sz300671,富满微,35.2,-0.96,-2.655,35.18,35.2,36.16,36.19,36.36,35.1,3565975.0,127279599.0,11:21:12
sz300672,国科微,104.07,-6.44,-5.828,104.06,104.07,110.51,111.06,111.89,102.9,9026819.0,951171346.0,11:21:12
sz300673,佩蒂股份,18.34,-0.19,-1.025,18.34,18.35,18.53,18.43,18.82,18.18,4003600.0,73884829.0,11:21:12
sz300674,宇信科技,22.7,0.13,0.576,22.7,22.72,22.57,22.7,23.08,22.61,6072756.0,138607230.0,11:21:09
sz300675,建科院,17.2,0.33,1.956,17.19,17.2,16.87,17.08,17.25,16.78,3106200.0,52869677.0,11:21:12
sz300676,华大基因,47.36,-0.45,-0.941,47.37,47.39,47.81,47.83,48.09,47.24,1674469.0,79737066.0,11:21:12
sz300677,英科医疗,38.54,0.93,2.473,38.54,38.56,37.61,37.71,38.93,37.5,6520605.0,250705587.0,11:21:12
sz300678,中科信息,31.0,-0.38,-1.211,30.98,31.01,31.38,31.46,31.72,30.88,2805203.0,87506213.0,11:21:12
sz300679,电连技术,46.1,-0.75,-1.601,46.1,46.12,46.85,47.1,47.37,46.07,1880500.0,87690186.0,11:21:12
sz300680,隆盛科技,43.04,-1.03,-2.337,43.03,43.05,44.07,44.5,44.93,42.9,4077400.0,177581917.0,11:21:12
sz300681,英搏尔,27.5,-0.47,-1.68,27.5,27.51,27.97,28.11,28.33,27.48,2306900.0,64070283.0,11:21:12
sz300682,朗新集团,16.6,-0.8,-4.598,16.59,16.6,17.4,17.5,17.55,16.54,20980898.0,354160092.0,11:21:12
sz300683,海特生物,30.86,-0.53,-1.688,30.86,30.87,31.39,31.63,31.67,30.62,1854300.0,57579512.0,11:21:12
sz300684,中石科技,41.78,0.9,2.202,41.74,41.78,40.88,42.19,42.39,40.9,6547100.0,271976063.0,11:21:12
sz300685,艾德生物,22.2,-0.2,-0.893,22.2,22.21,22.4,22.5,22.58,22.12,2279060.0,50845538.0,11:20:57
sz300686,智动力,14.93,-0.14,-0.929,14.93,14.94,15.07,15.08,15.27,14.9,2484100.0,37380754.0,11:21:12
sz300687,赛意信息,22.84,-0.29,-1.254,22.84,22.85,23.13,23.2,23.38,22.76,4356308.0,100009386.0,11:21:12
sz300688,创业黑马,30.33,-0.42,-1.366,30.28,30.34,30.75,30.95,31.22,30.06,4596200.0,139921176.0,11:21:09
sz300689,澄天伟业,47.48,-0.32,-0.669,47.39,47.47,47.8,47.8,48.2,47.23,569600.0,27187756.0,11:21:12
sz300690,双一科技,30.8,-0.41,-1.314,30.8,30.81,31.21,31.08,31.4,30.67,2041289.0,63211461.0,11:21:03
sz300691,联合光电,17.19,0.01,0.058,17.19,17.2,17.18,17.3,17.35,17.03,1690800.0,29048816.0,11:21:00
sz300692,中环环保,8.52,-0.03,-0.351,8.51,8.52,8.55,8.6,8.7,8.48,4597145.0,39403453.0,11:21:12
sz300693,盛弘股份,42.02,-1.03,-2.393,42.02,42.03,43.05,43.5,43.88,42.02,8966298.0,382471591.0,11:21:12
sz300694,蠡湖股份,12.58,-0.03,-0.238,12.58,12.59,12.61,12.62,12.82,12.44,2337600.0,29484346.0,11:21:12
sz300695,兆丰股份,93.0,0.28,0.302,92.88,92.99,92.72,93.8,94.61,92.49,214595.0,20016389.0,11:21:00
sz300696,爱乐达,25.72,-0.16,-0.618,25.72,25.74,25.88,25.65,26.35,25.5,4225488.0,109418993.0,11:21:12
sz300697,电工合金,15.9,0.12,0.76,15.9,15.91,15.78,15.77,16.14,15.77,3698475.0,59135457.0,11:21:03
sz300698,万马科技,40.09,-0.89,-2.172,40.07,40.09,40.98,41.12,41.4,40.01,2338700.0,95077567.0,11:21:12
sz300699,光威复材,28.79,0.39,1.373,28.79,28.8,28.4,28.66,28.97,28.38,6931508.0,198924387.0,11:21:12
sz300700,岱勒新材,11.56,0.11,0.961,11.56,11.58,11.45,11.57,11.64,11.41,2569291.0,29541154.0,11:21:12
sz300701,森霸传感,12.01,0.01,0.083,11.99,12.01,12.0,12.1,12.18,11.93,2008000.0,24203648.0,11:21:03
sz300702,天宇股份,25.11,-0.13,-0.515,25.11,25.12,25.24,25.36,25.9,25.03,1920900.0,48793683.0,11:21:09
sz300703,创源股份,25.44,-0.14,-0.547,25.42,25.44,25.58,25.86,25.88,25.1,2462900.0,62681368.0,11:21:12
sz300705,九典制药,16.41,-0.02,-0.122,16.41,16.42,16.43,16.69,16.69,16.34,2982664.0,49165132.0,11:21:12
sz300706,阿石创,38.5,-1.69,-4.205,38.5,38.52,40.19,39.61,40.74,38.2,5796300.0,227735994.0,11:21:12
sz300707,威唐工业,15.03,-0.22,-1.443,15.02,15.03,15.25,15.38,15.42,14.92,2940000.0,44403433.0,11:21:09
sz300708,聚灿光电,8.75,-0.07,-0.794,8.75,8.76,8.82,8.81,8.88,8.72,7486895.0,65797112.0,11:21:12
sz300709,精研科技,41.66,-0.02,-0.048,41.65,41.66,41.68,42.3,42.34,41.43,1823900.0,76243703.0,11:21:09
sz300710,万隆光电,24.78,-0.41,-1.628,24.78,24.79,25.19,25.69,25.89,24.5,3089105.0,77248741.0,11:21:09
sz300711,广哈通信,21.32,0.15,0.709,21.31,21.32,21.17,21.2,21.37,21.0,2031585.0,42953443.0,11:21:09
sz300712,永福股份,29.38,0.07,0.239,29.38,29.4,29.31,30.52,30.75,29.12,5030387.0,150027189.0,11:21:12
sz300713,英可瑞,18.46,-0.2,-1.072,18.44,18.46,18.66,18.8,18.9,18.38,1339100.0,24938077.0,11:21:00
sz300715,凯伦股份,11.32,-0.05,-0.44,11.32,11.35,11.37,11.55,11.55,11.23,1555000.0,17637025.0,11:21:12
sz300716,ST泉为,12.57,-0.37,-2.859,12.55,12.57,12.94,12.9,12.98,12.45,1448700.0,18329834.0,11:20:33
sz300717,华信新材,20.69,-0.13,-0.624,20.69,20.7,20.82,20.84,21.13,20.42,1304500.0,27061999.0,11:21:12
sz300718,长盛轴承,82.61,2.03,2.519,82.61,82.62,80.58,82.2,84.49,82.01,8061790.0,672820130.0,11:21:09
sz300719,安达维尔,17.08,-0.17,-0.986,17.06,17.08,17.25,17.0,17.2,16.9,4039217.0,68907485.0,11:21:12
sz300720,海川智能,29.75,0.43,1.467,29.75,29.76,29.32,29.48,31.08,28.41,5482640.0,162408710.0,11:21:12
sz300721,怡达股份,15.17,-0.01,-0.066,15.16,15.17,15.18,15.29,15.49,15.06,4145440.0,63398354.0,11:21:06
sz300722,新余国科,33.27,0.82,2.527,33.27,33.29,32.45,32.0,33.56,31.8,9875440.0,324066454.0,11:21:12
sz300723,一品红,50.15,0.85,1.724,50.15,50.23,49.3,49.3,51.89,49.24,4879449.0,247732361.0,11:21:09
sz300724,捷佳伟创,90.28,-1.41,-1.538,90.27,90.3,91.69,92.55,92.87,90.18,5506482.0,502597387.0,11:21:12
sz300725,药石科技,38.22,-0.3,-0.779,38.23,38.25,38.52,38.83,38.95,38.02,2108299.0,80970199.0,11:21:12
sz300726,宏达电子,39.91,-0.19,-0.474,39.91,39.93,40.1,40.4,41.05,39.91,3926631.0,158658807.0,11:21:12
sz300727,润禾材料,36.14,-0.86,-2.324,36.09,36.14,37.0,36.17,36.86,35.91,1742592.0,63288835.0,11:21:09
sz300729,乐歌股份,14.25,-0.07,-0.489,14.25,14.26,14.32,14.38,14.38,14.17,1565398.0,22321780.0,11:20:57
sz300730,科创信息,13.97,-0.46,-3.188,13.95,13.97,14.43,14.3,14.43,13.83,13451316.0,190021007.0,11:21:12
sz300731,科创新源,44.75,-0.64,-1.41,44.75,44.77,45.39,46.96,47.27,44.5,5195217.0,236139221.0,11:21:12
sz300732,设研院,7.93,-0.01,-0.126,7.93,7.94,7.94,7.94,7.99,7.86,3873831.0,30686875.0,11:21:06
sz300733,西菱动力,17.34,0.03,0.173,17.34,17.35,17.31,17.41,17.64,17.29,1305460.0,22786946.0,11:21:12
sz300735,光弘科技,26.8,0.35,1.323,26.8,26.81,26.45,26.45,26.94,26.42,7903649.0,210634727.0,11:21:12
sz300736,百邦科技,18.89,-0.14,-0.736,18.89,18.9,19.03,19.6,20.45,18.4,11254800.0,217919666.0,11:21:12
sz300737,科顺股份,5.22,0.11,2.153,5.22,5.23,5.11,5.12,5.23,5.1,7192950.0,37083132.0,11:21:12
sz300738,奥飞数据,19.38,0.27,1.413,19.37,19.38,19.11,19.18,19.55,19.02,18865320.0,364286771.0,11:21:12
sz300739,明阳电路,15.77,0.0,0.0,15.77,15.78,15.77,15.9,16.55,15.72,5224200.0,83778654.0,11:21:12
sz300740,水羊股份,20.81,-1.54,-6.89,20.81,20.82,22.35,22.0,22.15,20.6,26688259.0,566932977.0,11:21:12
sz300741,华宝股份,18.09,-0.18,-0.985,18.09,18.11,18.27,18.32,18.38,18.0,659700.0,11979719.0,11:21:06
sz300743,天地数码,18.37,-0.08,-0.434,18.37,18.38,18.45,18.54,18.67,18.11,1254220.0,23062666.0,11:21:12
sz300745,欣锐科技,28.15,0.69,2.513,28.14,28.15,27.46,27.55,28.58,27.55,8266725.0,233102626.0,11:21:12
sz300746,汉嘉设计,12.37,0.05,0.406,12.36,12.37,12.32,12.44,12.47,12.21,3039984.0,37547056.0,11:21:09
sz300747,锐科激光,24.57,-0.24,-0.967,24.56,24.57,24.81,24.82,25.16,24.52,5540438.0,137607906.0,11:21:12
sz300748,金力永磁,34.79,-0.53,-1.501,34.78,34.79,35.32,34.91,35.82,34.75,23988364.0,847197516.0,11:21:12
sz300749,顶固集创,10.28,0.05,0.489,10.28,10.29,10.23,10.27,10.38,10.06,2792900.0,28502553.0,11:21:12
sz300750,宁德时代,379.51,-11.59,-2.963,379.5,379.55,391.1,394.9,395.0,377.01,22403437.0,8605234247.0,11:21:12
sz300751,迈为股份,104.55,-0.96,-0.91,104.54,104.55,105.51,107.01,109.1,104.52,2825122.0,301540026.0,11:21:09
sz300752,隆利科技,18.7,0.09,0.484,18.7,18.71,18.61,18.8,18.84,18.6,1733397.0,32435994.0,11:21:09
sz300753,爱朋医疗,26.28,-0.55,-2.05,26.27,26.28,26.83,26.83,26.88,25.98,2577491.0,68022858.0,11:21:12
sz300755,华致酒行,19.15,-0.26,-1.34,19.14,19.15,19.41,19.6,19.7,18.78,2667200.0,50629872.0,11:21:09
sz300756,金马游乐,56.2,-0.45,-0.794,56.19,56.21,56.65,57.17,58.98,56.0,3326400.0,191887090.0,11:21:12
sz300757,罗博特科,202.01,-4.79,-2.316,202.01,202.03,206.8,211.58,212.8,201.5,2240145.0,459027012.0,11:21:12
sz300758,七彩化学,13.79,0.04,0.291,13.79,13.8,13.75,13.76,14.1,13.76,5896170.0,82261857.0,11:21:12
sz300759,康龙化成,29.08,-0.08,-0.274,29.07,29.08,29.16,29.38,29.57,29.0,6672181.0,195542138.0,11:21:12
sz300760,迈瑞医疗,198.99,-5.82,-2.842,198.99,199.0,204.81,204.8,205.38,198.01,7776777.0,1561008224.0,11:21:12
sz300761,立华股份,20.3,-0.54,-2.591,20.29,20.31,20.84,20.91,20.99,20.14,4698894.0,95874399.0,11:21:12
sz300762,上海瀚讯,26.21,0.06,0.229,26.21,26.25,26.15,26.15,26.64,25.88,14048184.0,369043672.0,11:21:12
sz300763,锦浪科技,76.83,-0.99,-1.272,76.8,76.83,77.82,78.9,78.99,76.62,5627234.0,437804219.0,11:21:12
sz300765,新诺威,31.88,-0.43,-1.331,31.88,31.9,32.31,32.27,32.6,31.88,2620700.0,84338226.0,11:21:12
sz300766,每日互动,34.12,-0.53,-1.53,34.12,34.13,34.65,34.65,34.93,34.01,7254357.0,249271391.0,11:21:09
sz300767,震安科技,21.12,-0.19,-0.892,21.11,21.12,21.31,21.5,21.69,21.03,3621552.0,77426251.0,11:21:12
sz300768,迪普科技,19.56,-0.24,-1.212,19.56,19.57,19.8,19.88,19.88,19.25,9041003.0,176427237.0,11:21:12
sz300769,德方纳米,53.31,-1.59,-2.896,53.31,53.33,54.9,54.46,55.9,53.12,18327980.0,996576497.0,11:21:12
sz300770,新媒股份,43.57,0.12,0.276,43.56,43.57,43.45,43.62,43.79,43.37,1105963.0,48176000.0,11:21:06
sz300771,智莱科技,13.59,0.01,0.074,13.59,13.6,13.58,13.6,13.73,13.45,3115300.0,42403952.0,11:21:12
sz300772,运达股份,16.6,-0.18,-1.073,16.59,16.6,16.78,16.71,17.03,16.55,6298221.0,105674614.0,11:21:12
sz300773,拉卡拉,22.38,-0.17,-0.754,22.38,22.39,22.55,22.65,22.76,22.24,6875500.0,154392594.0,11:21:09
sz300774,倍杰特,20.8,3.47,20.023,20.8,0.0,17.33,18.2,20.8,18.2,28136807.0,561139393.0,11:21:03
sz300775,三角防务,28.31,-0.6,-2.075,28.31,28.32,28.91,28.38,28.68,28.18,19505131.0,554160745.0,11:21:12
sz300776,帝尔激光,63.02,-0.78,-1.223,63.01,63.02,63.8,64.51,64.68,62.83,1560038.0,99199495.0,11:21:09
sz300777,中简科技,30.8,0.01,0.032,30.79,30.8,30.79,30.82,31.01,30.72,2618097.0,80796044.0,11:21:12
sz300778,新城市,13.22,0.1,0.762,13.22,13.23,13.12,13.14,13.3,12.89,2449115.0,32071721.0,11:21:12
sz300779,惠城环保,156.88,5.83,3.86,156.81,156.89,151.05,153.87,163.0,151.31,6478017.0,1029310307.0,11:21:09
sz300780,德恩精工,17.29,-0.03,-0.173,17.27,17.3,17.32,17.31,17.51,17.06,2400345.0,41427142.0,11:21:12
sz300781,因赛集团,39.1,-0.8,-2.005,39.1,39.17,39.9,39.15,39.9,38.78,6334788.0,247849505.0,11:21:12
sz300782,卓胜微,69.46,-0.43,-0.615,69.45,69.47,69.89,70.17,70.38,69.17,2469148.0,172036984.0,11:21:12
sz300783,三只松鼠,23.54,-0.36,-1.506,23.51,23.54,23.9,23.91,23.94,23.31,4849738.0,114164768.0,11:21:12
sz300784,利安科技,52.77,-0.24,-0.453,52.74,52.79,53.01,53.41,53.57,52.41,211199.0,11177248.0,11:20:36
sz300785,值得买,43.59,-1.16,-2.592,43.44,43.56,44.75,43.51,44.67,41.52,16906182.0,733740821.0,11:21:12
sz300786,国林科技,16.69,-0.32,-1.881,16.69,16.7,17.01,17.2,17.3,16.6,8962360.0,151987729.0,11:21:12
sz300787,海能实业,11.79,-0.06,-0.506,11.79,11.8,11.85,11.88,11.99,11.74,3088631.0,36559690.0,11:21:09
sz300788,中信出版,29.66,-0.38,-1.265,29.66,29.67,30.04,30.04,30.22,29.41,2593700.0,76947308.0,11:21:12
sz300789,唐源电气,23.9,0.02,0.084,23.89,23.9,23.88,24.12,24.29,23.72,481111.0,11553753.0,11:21:03
sz300790,宇瞳光学,27.91,-0.76,-2.651,27.9,27.91,28.67,29.01,29.09,27.9,6991900.0,198198236.0,11:21:12
sz300791,仙乐健康,23.54,-0.74,-3.048,23.53,23.54,24.28,24.3,24.38,23.41,2037180.0,48237030.0,11:21:15
sz300792,壹网壹创,30.26,-0.8,-2.576,30.24,30.26,31.06,31.0,31.0,29.96,8821665.0,268594945.0,11:21:15
sz300793,佳禾智能,17.04,0.34,2.036,17.03,17.04,16.7,16.8,17.16,16.62,9319210.0,158346813.0,11:21:15
sz300795,米奥会展,14.68,-0.06,-0.407,14.67,14.68,14.74,14.74,14.8,14.4,3267362.0,47579473.0,11:21:15
sz300796,贝斯美,9.92,-0.23,-2.266,9.9,9.92,10.15,10.05,10.1,9.74,12218768.0,121274151.0,11:21:15
sz300797,钢研纳克,16.43,0.11,0.674,16.42,16.44,16.32,16.32,16.69,16.24,2611950.0,43168512.0,11:21:12
sz300798,锦鸡股份,7.99,0.06,0.757,7.99,8.0,7.93,7.93,8.12,7.93,5155000.0,41309631.0,11:21:15
sz300800,力合科技,12.12,-0.03,-0.247,12.11,12.12,12.15,12.21,12.28,11.94,1349700.0,16378745.0,11:21:15
sz300801,泰和科技,32.3,-1.22,-3.64,32.3,32.31,33.52,33.23,34.15,31.97,11027960.0,364512638.0,11:21:12
sz300802,矩子科技,19.29,-0.05,-0.259,19.29,19.3,19.34,19.46,19.59,19.26,1179040.0,22918963.0,11:21:15
sz300803,指南针,121.35,-1.9,-1.542,121.34,121.35,123.25,127.0,127.25,121.31,12361799.0,1527035262.0,11:21:15
sz300804,广康生化,36.56,-0.04,-0.109,36.51,36.56,36.6,36.6,37.08,36.0,724800.0,26445615.0,11:21:12
sz300805,电声股份,11.56,-0.09,-0.773,11.56,11.57,11.65,11.82,11.83,11.4,5318138.0,61491331.0,11:21:09
sz300806,斯迪克,27.18,-0.34,-1.235,27.18,27.19,27.52,27.66,28.09,26.68,11060848.0,302131688.0,11:21:15
sz300807,天迈科技,47.49,0.79,1.692,47.45,47.5,46.7,46.7,48.51,46.7,1479038.0,70826484.0,11:21:06
sz300808,久量股份,27.47,-0.14,-0.507,27.47,27.48,27.61,27.61,27.9,27.36,361700.0,9989391.0,11:20:45
sz300809,华辰装备,36.96,-0.03,-0.081,36.95,36.96,36.99,37.39,37.81,36.92,1623793.0,60674830.0,11:21:15
sz300810,中科海讯,40.52,-1.4,-3.34,40.5,40.52,41.92,40.8,41.58,40.01,3769750.0,153452487.0,11:21:15
sz300811,铂科新材,70.55,-0.03,-0.043,70.55,70.56,70.58,72.54,73.0,70.5,3523300.0,251630587.0,11:21:15
sz300812,易天股份,23.63,-0.21,-0.881,23.62,23.63,23.84,23.96,24.44,23.45,2277400.0,54195273.0,11:21:15
sz300813,泰林生物,27.42,-0.43,-1.544,27.39,27.42,27.85,27.85,28.24,27.16,889219.0,24505530.0,11:21:15
sz300814,中富电路,71.53,8.38,13.27,71.53,71.55,63.15,66.01,74.0,66.01,15309892.0,1080644787.0,11:21:15
sz300815,玉禾田,23.05,-0.2,-0.86,23.05,23.06,23.25,23.48,23.55,23.03,2777476.0,64646628.0,11:21:12
sz300816,艾可蓝,45.78,1.3,2.923,45.77,45.78,44.48,44.56,46.27,44.56,1749700.0,79937859.0,11:21:15
sz300817,双飞集团,18.89,0.04,0.212,18.89,18.9,18.85,18.95,19.12,18.77,1125641.0,21353741.0,11:21:09
sz300818,耐普矿机,30.5,-0.06,-0.196,30.5,30.51,30.56,30.87,31.24,30.48,617520.0,19030319.0,11:21:15
sz300819,聚杰微纤,23.78,-0.17,-0.71,23.77,23.78,23.95,23.95,24.2,23.66,1239400.0,29557363.0,11:21:15
sz300820,英杰电气,57.47,-0.18,-0.312,57.45,57.47,57.65,58.52,58.52,57.16,2393661.0,138682595.0,11:21:15
sz300821,东岳硅材,15.28,-0.85,-5.27,15.26,15.28,16.13,15.3,16.27,14.92,96762689.0,1508235865.0,11:21:15
sz300822,贝仕达克,19.22,0.86,4.684,19.22,19.23,18.36,18.4,19.5,18.37,12340024.0,235168364.0,11:21:15
sz300823,建科智能,16.63,0.21,1.279,16.61,16.63,16.42,16.58,17.02,16.16,2097324.0,34805259.0,11:21:15
sz300824,北鼎股份,12.47,-0.03,-0.24,12.45,12.47,12.5,12.51,12.63,12.32,1486600.0,18527235.0,11:21:12
sz300825,阿尔特,10.47,0.11,1.062,10.46,10.47,10.36,10.46,10.52,10.34,3399912.0,35429615.0,11:21:15
sz300826,测绘股份,17.3,0.0,0.0,17.27,17.29,17.3,17.39,17.49,17.11,1083134.0,18666042.0,11:21:09
sz300827,上能电气,41.54,0.94,2.315,41.52,41.54,40.6,41.1,42.93,40.7,43169860.0,1798847365.0,11:21:15
sz300828,锐新科技,17.34,0.04,0.231,17.33,17.35,17.3,17.31,17.51,17.1,3911300.0,67710405.0,11:21:15
sz300829,金丹科技,18.47,-0.18,-0.965,18.46,18.47,18.65,18.65,18.85,18.33,1725500.0,32035951.0,11:21:15
sz300830,金现代,11.13,-0.39,-3.385,11.12,11.14,11.52,11.43,11.45,11.08,17703140.0,198540759.0,11:21:15
sz300831,派瑞股份,13.6,-0.04,-0.293,13.59,13.6,13.64,13.69,13.78,13.52,2048800.0,27956396.0,11:21:06
sz300832,新产业,64.15,-0.68,-1.049,64.08,64.16,64.83,66.0,66.0,64.0,1011236.0,65275876.0,11:21:15
sz300833,浩洋股份,40.42,-0.23,-0.566,40.35,40.44,40.65,41.18,41.65,40.2,390300.0,15901135.0,11:21:12
sz300834,星辉环材,23.26,-0.15,-0.641,23.26,23.27,23.41,23.52,23.52,23.12,618000.0,14410463.0,11:21:09
sz300835,龙磁科技,54.78,-0.4,-0.725,54.78,54.79,55.18,55.01,56.15,54.78,996300.0,55369157.0,11:21:12
sz300836,佰奥智能,49.9,0.2,0.402,49.88,49.9,49.7,49.01,50.36,49.01,723190.0,35970093.0,11:21:09
sz300837,浙矿股份,29.82,0.52,1.775,29.81,29.82,29.3,29.65,31.23,28.82,4171561.0,125169486.0,11:21:15
sz300838,浙江力诺,15.21,-0.12,-0.783,15.21,15.22,15.33,15.39,15.5,15.01,1776600.0,27065645.0,11:21:12
sz300839,博汇股份,12.64,-0.25,-1.939,12.64,12.65,12.89,12.85,12.98,12.51,2448100.0,31212936.0,11:21:12
sz300840,酷特智能,19.12,-0.16,-0.83,19.12,19.13,19.28,19.18,19.28,18.63,6061250.0,114921245.0,11:21:12
sz300841,康华生物,81.61,-0.39,-0.476,81.61,81.74,82.0,82.49,82.9,81.37,695700.0,57064410.0,11:21:09
sz300842,帝科股份,58.58,-2.44,-3.999,58.57,58.58,61.02,61.03,62.4,58.5,3204399.0,191280689.0,11:21:15
sz300843,胜蓝股份,45.23,-1.99,-4.214,45.23,45.25,47.22,47.12,47.85,44.8,7405298.0,339010701.0,11:21:15
sz300844,山水比德,37.83,0.07,0.185,37.82,37.83,37.76,38.14,39.87,37.53,1929592.0,74631826.0,11:21:12
sz300845,捷安高科,11.76,-0.04,-0.339,11.76,11.77,11.8,11.79,11.88,11.6,3205738.0,37593405.0,11:21:12
sz300846,首都在线,20.41,-0.01,-0.049,20.41,20.42,20.42,20.65,20.8,20.19,8051665.0,164678585.0,11:21:15
sz300847,中船汉光,18.49,-0.18,-0.964,18.49,18.51,18.67,18.57,18.78,18.21,9348850.0,173272208.0,11:21:15
sz300848,美瑞新材,15.82,-0.22,-1.372,15.81,15.82,16.04,16.04,16.15,15.7,4467230.0,70948430.0,11:21:00
sz300849,锦盛新材,15.54,-0.02,-0.129,15.53,15.54,15.56,15.65,15.76,15.35,1568500.0,24424450.0,11:21:12
sz300850,新强联,46.02,-0.83,-1.772,46.02,46.05,46.85,47.17,47.99,46.01,8360728.0,391352465.0,11:21:15
sz300851,交大思诺,28.4,0.12,0.424,28.4,28.43,28.28,28.55,28.96,28.0,399600.0,11350784.0,11:21:03
sz300852,四会富仕,35.38,-0.07,-0.197,35.38,35.39,35.45,35.91,36.4,35.25,1596606.0,57027876.0,11:21:15
sz300853,申昊科技,21.08,-0.35,-1.633,21.08,21.09,21.43,21.4,21.66,21.06,1095500.0,23354480.0,11:21:03
sz300854,中兰环保,18.44,-0.33,-1.758,18.41,18.44,18.77,18.68,19.04,18.2,1378200.0,25606170.0,11:21:09
sz300855,图南股份,25.98,-0.2,-0.764,25.97,25.98,26.18,26.3,26.59,25.9,1823500.0,47737818.0,11:21:15
sz300856,科思股份,14.98,-0.31,-2.027,14.95,14.98,15.29,15.1,15.16,14.8,14254911.0,213515206.0,11:21:15
sz300857,协创数据,144.57,-1.53,-1.047,144.56,144.62,146.1,151.01,152.0,144.43,3897387.0,571886030.0,11:21:15
sz300858,科拓生物,18.71,-0.1,-0.532,18.71,18.72,18.81,18.62,18.89,18.35,3434700.0,63854168.0,11:21:15
sz300859,西域旅游,35.79,-0.46,-1.269,35.77,35.78,36.25,36.25,36.25,35.32,2848900.0,101718066.0,11:21:12
sz300860,锋尚文化,27.82,-0.14,-0.501,27.82,27.83,27.96,28.03,28.1,27.71,999680.0,27843452.0,11:21:09
sz300861,美畅股份,15.68,-0.08,-0.508,15.67,15.68,15.76,15.86,15.87,15.62,2837080.0,44568296.0,11:21:09
sz300862,蓝盾光电,25.33,0.01,0.039,25.32,25.34,25.32,25.3,25.46,24.55,2962600.0,74273687.0,11:21:15
sz300863,卡倍亿,47.44,-0.07,-0.147,47.39,47.44,47.51,47.7,47.98,47.14,745306.0,35392679.0,11:21:09
sz300864,南大环境,20.93,0.03,0.144,20.9,20.93,20.9,20.96,21.08,20.71,779292.0,16287563.0,11:21:09
sz300865,大宏立,29.54,-0.12,-0.405,29.54,29.55,29.66,29.7,30.09,29.28,633493.0,18753953.0,11:21:12
sz300866,安克创新,103.68,-0.12,-0.116,103.68,103.69,103.8,104.3,105.43,103.63,1452904.0,151657408.0,11:21:15
sz300867,圣元环保,22.63,0.77,3.522,22.62,22.63,21.86,22.22,23.77,22.11,19585823.0,448152558.0,11:21:15
sz300868,杰美特,28.32,-0.12,-0.422,28.29,28.34,28.44,28.84,28.84,28.05,813100.0,23124087.0,11:21:15
sz300869,康泰医学,17.03,-0.29,-1.674,17.02,17.03,17.32,17.3,17.4,16.87,4018136.0,68649155.0,11:21:15
sz300870,欧陆通,178.67,-2.13,-1.178,178.66,178.72,180.8,186.0,187.8,178.67,1428200.0,260713734.0,11:21:15
sz300871,回盛生物,20.65,-0.46,-2.179,20.64,20.65,21.11,21.28,21.29,20.49,2802223.0,58233373.0,11:21:15
sz300872,天阳科技,20.0,-0.1,-0.498,20.0,20.01,20.1,20.21,20.28,19.89,3565894.0,71611928.0,11:21:15
sz300873,海晨股份,22.24,-0.18,-0.803,22.24,22.25,22.42,22.55,22.59,22.23,1274900.0,28546890.0,11:21:15
sz300875,捷强装备,46.34,-2.18,-4.493,46.33,46.34,48.52,45.85,47.2,45.5,5620862.0,260441555.0,11:21:15
sz300876,蒙泰高新,31.33,-0.59,-1.848,31.32,31.34,31.92,31.92,32.0,31.0,961139.0,30262801.0,11:21:15
sz300877,金春股份,27.12,-0.03,-0.11,27.09,27.12,27.15,27.16,27.5,26.78,1111400.0,29987314.0,11:21:15
sz300878,维康药业,28.26,0.38,1.363,28.26,28.28,27.88,27.82,28.5,27.61,1634386.0,45906390.0,11:21:15
sz300879,大叶股份,28.76,-0.24,-0.828,28.76,28.78,29.0,29.23,29.3,28.71,1128600.0,32679129.0,11:21:15
sz300880,迦南智能,18.95,-0.1,-0.525,18.94,18.95,19.05,19.23,19.23,18.89,1006300.0,19160177.0,11:21:09
sz300881,盛德鑫泰,34.25,-0.05,-0.146,34.25,34.29,34.3,34.4,34.85,34.06,841300.0,29064380.0,11:21:09
sz300882,万胜智能,20.12,-0.5,-2.425,20.11,20.12,20.62,20.7,20.86,20.04,5367530.0,109232284.0,11:21:09
sz300883,龙利得,7.1,0.04,0.567,7.1,7.11,7.06,7.15,7.17,6.97,5168800.0,36492623.0,11:21:15
sz300884,狄耐克,13.73,0.0,0.0,13.72,13.73,13.73,13.8,14.02,13.41,6006590.0,82119081.0,11:21:12
sz300885,海昌新材,19.77,-0.1,-0.503,19.77,19.78,19.87,19.97,20.03,19.66,1321030.0,26207922.0,11:21:15
sz300886,华业香料,29.63,-1.69,-5.396,29.61,29.72,31.32,31.32,31.4,29.38,3216158.0,97255502.0,11:21:15
sz300887,谱尼测试,8.6,-0.02,-0.232,8.59,8.6,8.62,8.62,8.75,8.48,8149150.0,70110718.0,11:21:15
sz300888,稳健医疗,41.31,-0.25,-0.602,41.31,41.32,41.56,41.4,41.79,41.0,2257340.0,93357688.0,11:21:15
sz300889,爱克股份,0.0,0.0,0.0,0.0,0.0,25.8,0.0,0.0,0.0,0.0,0.0,11:21:06
sz300890,翔丰华,35.55,-0.27,-0.754,35.55,35.56,35.82,36.0,36.64,35.21,5404518.0,194296509.0,11:21:15
sz300891,惠云钛业,9.65,-0.03,-0.31,9.64,9.65,9.68,9.76,9.86,9.57,5319929.0,51808470.0,11:21:15
sz300892,品渥食品,34.67,-1.07,-2.994,34.65,34.66,35.74,35.7,35.88,33.88,2771600.0,95776734.0,11:21:12
sz300893,松原安全,24.34,-0.18,-0.734,24.3,24.34,24.52,24.88,24.88,24.18,1681702.0,40982725.0,11:21:12
sz300894,火星人,12.6,-0.06,-0.474,12.59,12.61,12.66,12.73,12.77,12.49,1881000.0,23759507.0,11:21:06
sz300895,铜牛信息,44.77,-0.16,-0.356,44.76,44.77,44.93,44.93,45.34,44.4,986888.0,44150594.0,11:21:12
sz300896,爱美客,152.49,-3.02,-1.942,152.49,152.5,155.51,155.5,155.63,152.16,1724138.0,264137071.0,11:21:15
sz300897,山科智能,23.56,-0.14,-0.591,23.55,23.57,23.7,23.8,23.89,23.47,529032.0,12529186.0,11:21:09
sz300898,熊猫乳品,28.15,-0.36,-1.263,28.09,28.15,28.51,28.5,28.5,27.65,2785501.0,78041256.0,11:21:15
sz300899,*ST凯鑫,33.8,0.27,0.805,33.65,33.8,33.53,33.77,35.6,33.55,1460800.0,50444504.0,11:21:06
sz300900,广联航空,17.73,-0.26,-1.445,17.73,17.74,17.99,17.94,17.94,17.72,2784383.0,49596600.0,11:21:15
sz300901,中胤时尚,17.2,0.51,3.056,17.18,17.19,16.69,16.79,17.68,16.79,4878621.0,84268170.0,11:21:15
sz300902,国安达,23.25,-1.03,-4.242,23.25,23.29,24.28,23.74,23.98,23.08,11086341.0,259217308.0,11:21:15
sz300903,科翔股份,17.4,-0.54,-3.01,17.39,17.4,17.94,18.25,18.4,17.27,16349081.0,288902734.0,11:21:15
sz300904,威力传动,68.96,0.56,0.819,68.86,68.96,68.4,68.82,70.0,68.21,507400.0,35024755.0,11:21:12
sz300905,宝丽迪,32.96,-0.63,-1.876,32.95,32.96,33.59,33.5,33.98,32.82,2209661.0,73825702.0,11:21:09
sz300906,日月明,34.65,1.08,3.217,34.65,34.71,33.57,33.79,35.3,33.39,2485674.0,85736303.0,11:21:15
sz300907,康平科技,29.91,-0.42,-1.385,29.91,29.92,30.33,30.72,30.77,29.79,1149383.0,34698117.0,11:21:03
sz300908,仲景食品,30.04,-0.34,-1.119,30.03,30.05,30.38,30.55,30.55,29.86,767012.0,23065317.0,11:21:15
sz300909,汇创达,42.13,0.14,0.333,42.1,42.13,41.99,42.21,42.64,41.53,1642928.0,68842475.0,11:21:00
sz300910,瑞丰新材,57.6,-0.91,-1.555,57.6,57.69,58.51,58.51,59.01,57.46,736013.0,42773724.0,11:21:15
sz300911,亿田智能,37.05,-0.87,-2.294,37.0,37.05,37.92,38.68,39.0,36.63,2249807.0,85156600.0,11:21:06
sz300912,凯龙高科,17.68,-0.4,-2.212,17.66,17.68,18.08,18.21,18.31,17.18,4719200.0,83554829.0,11:21:15
sz300913,兆龙互连,48.58,-0.02,-0.041,48.52,48.58,48.6,49.81,50.78,48.15,2395180.0,117358371.0,11:21:15
sz300915,海融科技,25.62,-0.26,-1.005,25.57,25.62,25.88,25.99,26.16,25.25,477230.0,12201434.0,11:21:12
sz300916,朗特智能,34.82,-0.33,-0.939,34.82,34.83,35.15,35.61,35.67,34.66,567450.0,19851556.0,11:21:06
sz300917,特发服务,41.4,2.99,7.784,41.39,41.4,38.41,38.5,41.5,37.88,8045208.0,322700458.0,11:21:15
sz300918,南山智尚,17.88,-0.12,-0.667,17.84,17.87,18.0,18.0,18.19,17.82,2480100.0,44693311.0,11:21:15
sz300919,中伟股份,47.15,0.25,0.533,47.13,47.15,46.9,47.3,49.17,47.02,14563263.0,697931505.0,11:21:15
sz300920,润阳科技,38.78,-1.05,-2.636,38.77,38.81,39.83,40.0,40.4,38.3,1093900.0,42923862.0,11:21:12
sz300921,南凌科技,23.45,-0.05,-0.213,23.45,23.47,23.5,23.55,23.75,23.12,1309660.0,30649553.0,11:21:15
sz300922,天秦装备,23.95,-1.19,-4.733,23.94,23.95,25.14,24.8,24.8,23.83,3946518.0,95813501.0,11:21:15
sz300923,研奥股份,26.7,-0.07,-0.261,26.7,26.72,26.77,26.74,26.99,26.3,607800.0,16219320.0,11:21:12
sz300925,法本信息,20.63,-0.04,-0.194,20.64,20.65,20.67,20.88,20.96,20.41,4883338.0,100976991.0,11:21:15
sz300926,博俊科技,29.7,-0.48,-1.59,29.7,29.71,30.18,30.29,30.5,29.57,2249569.0,67404155.0,11:21:15
sz300927,江天化学,28.01,-0.68,-2.37,27.95,28.01,28.69,28.0,28.85,27.72,4720971.0,133063617.0,11:21:15
sz300928,华安鑫创,32.22,-0.02,-0.062,32.15,32.21,32.24,32.32,32.67,31.92,538632.0,17368880.0,11:21:12
sz300929,华骐环保,11.85,-0.05,-0.42,11.85,11.86,11.9,12.08,12.08,11.65,1902200.0,22568869.0,11:21:12
sz300930,屹通新材,31.38,0.21,0.674,31.33,31.38,31.17,31.45,31.88,31.0,685900.0,21580036.0,11:21:03
sz300931,通用电梯,11.35,-0.16,-1.39,11.34,11.35,11.51,11.51,11.62,11.02,4719287.0,53483051.0,11:21:15
sz300932,三友联众,11.7,-0.03,-0.256,11.69,11.7,11.73,11.85,11.89,11.57,2117376.0,24790997.0,11:21:15
sz300933,中辰股份,8.53,0.03,0.353,8.52,8.53,8.5,8.5,8.71,8.46,6415041.0,54952245.0,11:21:12
sz300935,盈建科,29.37,-0.24,-0.811,29.37,29.45,29.61,29.99,30.16,28.85,1033626.0,30513441.0,11:21:00
sz300936,中英科技,37.62,0.0,0.0,37.61,37.63,37.62,37.82,38.36,37.35,446700.0,16926833.0,11:20:54
sz300937,药易购,32.28,-0.61,-1.855,32.28,32.3,32.89,33.38,33.38,31.75,4511403.0,145885911.0,11:21:15
sz300938,信测标准,34.89,1.79,5.408,34.88,34.93,33.1,33.38,35.48,33.06,11353171.0,390863338.0,11:21:12
sz300939,秋田微,31.37,-0.05,-0.159,31.32,31.37,31.42,31.79,31.87,31.1,998248.0,31440571.0,11:21:15
sz300940,南极光,24.57,0.27,1.111,24.55,24.57,24.3,24.6,24.89,24.27,2195140.0,54004761.0,11:21:15
sz300941,创识科技,25.94,0.09,0.348,25.94,25.97,25.85,26.15,26.27,25.38,3116294.0,80122866.0,11:21:15
sz300942,易瑞生物,10.3,-0.09,-0.866,10.3,10.31,10.39,10.4,10.46,10.22,2364829.0,24461462.0,11:21:15
sz300943,春晖智控,17.86,-0.21,-1.162,17.86,17.87,18.07,18.15,18.34,17.81,3624922.0,65269520.0,11:21:12
sz300945,曼卡龙,17.6,-0.26,-1.456,17.58,17.6,17.86,17.7,17.98,17.32,5096300.0,89833469.0,11:21:15
sz300946,恒而达,47.23,-2.0,-4.063,47.17,47.23,49.23,49.82,49.98,46.53,1411674.0,67268133.0,11:21:06
sz300947,德必集团,19.34,0.55,2.927,19.3,19.34,18.79,18.8,19.72,18.28,4715904.0,89709772.0,11:21:15
sz300948,冠中生态,17.56,-0.65,-3.569,17.55,17.56,18.21,18.11,18.33,17.32,9260453.0,163730350.0,11:21:15
sz300949,奥雅股份,45.69,-0.41,-0.889,45.69,45.7,46.1,46.47,46.77,44.89,1908200.0,87452034.0,11:21:15
sz300950,德固特,23.26,-0.05,-0.215,23.25,23.27,23.31,23.4,23.58,23.1,1833841.0,42830877.0,11:21:12
sz300951,博硕科技,33.75,-0.28,-0.823,33.75,33.76,34.03,34.33,34.46,33.68,549000.0,18661262.0,11:21:12
sz300952,恒辉安防,27.91,-0.31,-1.099,27.91,27.92,28.22,28.3,28.46,27.89,1372256.0,38588137.0,11:21:15
sz300953,震裕科技,142.97,-2.16,-1.488,142.87,142.98,145.13,146.13,146.78,142.5,1324474.0,190971969.0,11:21:15
sz300955,嘉亨家化,37.55,-0.18,-0.477,37.54,37.55,37.73,38.0,38.0,37.03,1182000.0,44311305.0,11:21:15
sz300956,英力股份,18.48,0.09,0.489,18.47,18.48,18.39,18.48,18.61,18.35,1973074.0,36439382.0,11:21:15
sz300957,贝泰妮,42.82,-0.8,-1.834,42.82,42.84,43.62,43.55,43.6,42.55,3627135.0,155992513.0,11:21:15
sz300958,建工修复,13.98,0.02,0.143,13.98,13.99,13.96,13.96,14.08,13.75,1577532.0,21951543.0,11:21:15
sz300959,线上线下,146.83,3.34,2.328,146.7,146.81,143.49,140.98,148.2,138.55,3742704.0,535106758.0,11:21:12
sz300960,通业科技,25.46,-0.2,-0.779,25.43,25.45,25.66,25.75,25.86,25.32,629754.0,16114152.0,11:21:12
sz300961,深水海纳,15.63,-0.39,-2.434,15.63,15.64,16.02,15.98,16.0,15.56,2415238.0,37958609.0,11:21:12
sz300962,中金辐照,18.52,0.3,1.647,18.51,18.52,18.22,18.11,18.62,18.05,8603000.0,158781472.0,11:21:09
sz300963,中洲特材,18.74,-0.43,-2.243,18.74,18.75,19.17,19.39,19.4,18.63,6535020.0,123980187.0,11:21:12
sz300964,本川智能,52.87,0.65,1.245,52.86,52.87,52.22,54.18,54.44,52.71,1907120.0,101631921.0,11:21:12
sz300965,恒宇信通,57.52,-0.63,-1.083,57.51,57.56,58.15,57.97,58.68,57.34,467400.0,27085178.0,11:21:03
sz300966,共同药业,22.06,-0.19,-0.854,22.05,22.06,22.25,22.28,22.4,21.71,937200.0,20666820.0,11:21:12
sz300967,晓鸣股份,19.84,-0.68,-3.314,19.84,19.86,20.52,20.47,20.5,19.71,3533600.0,70704773.0,11:21:12
sz300968,格林精密,14.63,0.97,7.101,14.63,14.64,13.66,13.7,14.87,13.61,19209362.0,276945251.0,11:21:12
sz300969,恒帅股份,92.18,-1.77,-1.884,92.12,92.18,93.95,94.01,94.59,92.01,625841.0,58110299.0,11:21:12
sz300970,华绿生物,17.69,0.0,0.0,17.68,17.69,17.69,17.85,17.88,17.43,1888300.0,33342790.0,11:21:12
sz300971,博亚精工,26.63,-0.97,-3.514,26.51,26.64,27.6,27.0,27.23,26.31,6975079.0,186541550.0,11:21:12
sz300972,万辰集团,167.89,-5.71,-3.289,167.8,167.92,173.6,173.61,175.7,167.65,971600.0,165405431.0,11:21:12
sz300973,立高食品,40.5,-0.83,-2.008,40.49,40.51,41.33,41.65,41.65,40.16,1510684.0,61369599.0,11:21:03
sz300975,商络电子,12.98,-0.2,-1.517,12.97,12.98,13.18,13.38,13.43,12.91,14772635.0,193579205.0,11:21:12
sz300976,达瑞电子,57.84,0.22,0.382,57.84,57.85,57.62,57.89,58.5,57.57,446982.0,25889143.0,11:21:12
sz300977,深圳瑞捷,19.45,-0.01,-0.051,19.43,19.46,19.46,19.57,19.68,19.03,1165350.0,22542149.0,11:21:12
sz300978,东箭科技,12.32,-0.18,-1.44,12.31,12.33,12.5,12.35,12.51,12.2,14419025.0,177945971.0,11:21:12
sz300979,华利集团,59.42,0.62,1.054,59.39,59.42,58.8,59.01,59.48,58.4,421500.0,24945028.0,11:21:09
sz300980,祥源新材,24.53,-0.48,-1.919,24.52,24.53,25.01,25.12,25.31,24.46,2876205.0,71348685.0,11:21:12
sz300981,中红医疗,14.92,-0.17,-1.127,14.92,14.93,15.09,14.9,15.25,14.36,17241238.0,252255609.0,11:21:12
sz300982,苏文电能,18.86,-0.16,-0.841,18.86,18.87,19.02,19.06,19.2,18.74,1408700.0,26649859.0,11:21:12
sz300983,尤安设计,26.59,0.67,2.585,26.58,26.59,25.92,25.8,26.78,25.61,1647332.0,43447015.0,11:21:12
sz300984,金沃股份,58.61,-1.17,-1.957,58.59,58.61,59.78,59.86,60.1,58.18,920540.0,54220387.0,11:21:12
sz300985,致远新能,19.92,-0.45,-2.209,19.92,19.93,20.37,20.4,20.53,19.82,1977580.0,39735254.0,11:21:12
sz300986,志特新材,10.89,-0.1,-0.91,10.89,10.9,10.99,11.06,11.09,10.84,2974548.0,32595500.0,11:21:09
sz300987,川网传媒,17.85,-0.09,-0.502,17.83,17.85,17.94,17.94,18.03,17.5,1768814.0,31383345.0,11:21:12
sz300988,津荣天宇,23.73,-0.01,-0.042,23.71,23.73,23.74,23.99,24.18,23.31,2794700.0,66312329.0,11:21:12
sz300989,蕾奥规划,17.02,0.02,0.118,17.02,17.03,17.0,17.04,17.04,16.78,1005545.0,17015928.0,11:21:12
sz300990,同飞股份,68.25,-1.92,-2.736,68.25,68.27,70.17,72.68,72.9,68.25,2194220.0,153048290.0,11:21:12
sz300991,创益通,36.95,0.01,0.027,36.95,36.98,36.94,37.3,37.9,36.92,885800.0,33144331.0,11:21:06
sz300992,泰福泵业,24.76,0.02,0.081,24.72,24.76,24.74,24.95,25.02,24.2,1018900.0,25185087.0,11:21:12
sz300993,玉马科技,15.32,0.02,0.131,15.31,15.32,15.3,15.33,15.53,15.22,3446017.0,53019743.0,11:21:12
sz300994,久祺股份,16.62,-0.03,-0.18,16.62,16.64,16.65,16.7,16.95,16.44,1663080.0,27785959.0,11:21:12
sz300995,奇德新材,36.91,0.05,0.136,36.89,36.93,36.86,37.0,37.87,36.68,1171875.0,43627065.0,11:21:12
sz300996,普联软件,18.4,0.16,0.877,18.4,18.41,18.24,18.3,18.89,18.1,10777943.0,199484541.0,11:21:12
sz300997,欢乐家,23.3,-0.83,-3.44,23.3,23.31,24.13,23.97,24.19,22.93,13725075.0,321485599.0,11:21:12
sz300998,宁波方正,22.67,-0.58,-2.495,22.67,22.74,23.25,23.13,23.24,22.63,2003300.0,45947744.0,11:21:09
sz300999,金龙鱼,32.15,-0.59,-1.802,32.14,32.15,32.74,32.01,32.35,31.73,8446253.0,271059686.0,11:21:12
sz301000,肇民科技,37.93,-0.48,-1.25,37.92,37.93,38.41,38.86,38.87,37.81,1702261.0,65101623.0,11:21:00
sz301001,凯淳股份,32.28,-0.55,-1.675,32.2,32.28,32.83,32.62,32.87,31.6,2435400.0,78233851.0,11:21:12
sz301002,崧盛股份,30.52,-0.78,-2.492,30.51,30.52,31.3,31.43,31.8,30.46,848390.0,26246214.0,11:21:03
sz301003,江苏博云,37.91,-0.43,-1.122,37.91,38.04,38.34,38.84,38.84,37.9,955800.0,36463887.0,11:21:12
sz301004,嘉益股份,59.39,0.52,0.883,59.38,59.39,58.87,58.7,59.39,58.05,484056.0,28416571.0,11:21:12
sz301005,超捷股份,52.8,2.49,4.949,52.76,52.92,50.31,50.5,53.67,49.9,8739764.0,456416912.0,11:21:12
sz301006,迈拓股份,17.46,-0.01,-0.057,17.45,17.49,17.47,17.57,17.71,17.19,836300.0,14583639.0,11:21:12
sz301007,德迈仕,34.38,-0.57,-1.631,34.38,34.39,34.95,35.0,35.6,34.22,2556209.0,88735475.0,11:21:12
sz301008,宏昌科技,36.79,-0.05,-0.136,36.77,36.81,36.84,37.0,37.98,36.71,908377.0,33758512.0,11:21:12
sz301009,可靠股份,14.38,-0.56,-3.748,14.37,14.38,14.94,14.84,14.88,14.2,7176825.0,103712798.0,11:21:12
sz301010,晶雪节能,24.27,-0.99,-3.919,24.27,24.31,25.26,25.41,25.59,23.93,4762244.0,116250682.0,11:21:09
sz301011,华立科技,26.02,-0.05,-0.192,26.0,26.02,26.07,26.27,26.33,25.83,860000.0,22418451.0,11:21:12
sz301012,扬电科技,26.79,0.06,0.224,26.79,26.82,26.73,27.08,27.19,26.12,4151021.0,109939978.0,11:21:12
sz301013,利和兴,29.41,-1.22,-3.983,29.4,29.43,30.63,30.5,31.09,29.29,15846247.0,472616067.0,11:21:12
sz301015,百洋医药,22.7,0.02,0.088,22.7,22.71,22.68,22.72,22.9,22.53,1183900.0,26827894.0,11:21:12
sz301016,雷尔伟,18.99,-0.09,-0.472,18.98,18.99,19.08,19.25,19.25,18.8,1386900.0,26382153.0,11:21:12
sz301017,漱玉平民,13.59,-0.24,-1.735,13.59,13.6,13.83,13.95,14.06,13.42,11556716.0,158387100.0,11:21:12
sz301018,申菱环境,52.14,-0.69,-1.306,52.14,52.15,52.83,53.75,54.21,51.93,3171400.0,166741088.0,11:21:12
sz301019,宁波色母,24.0,1.36,6.007,24.0,24.01,22.64,22.65,26.14,22.65,11574679.0,286418540.0,11:21:12
sz301020,密封科技,22.8,0.1,0.441,22.8,22.82,22.7,22.99,22.99,22.62,496200.0,11308945.0,11:21:12
sz301021,英诺激光,38.1,-0.56,-1.449,38.1,38.12,38.66,38.98,39.38,38.08,2174513.0,84165793.0,11:21:12
sz301022,海泰科,32.16,-0.09,-0.279,32.15,32.17,32.25,32.27,32.64,31.98,735845.0,23729028.0,11:21:00
sz301023,江南奕帆,37.66,-0.02,-0.053,37.6,37.66,37.68,38.75,38.75,37.49,367360.0,13866047.0,11:21:12
sz301024,霍普股份,39.08,-0.71,-1.784,39.07,39.08,39.79,40.01,40.2,38.75,685780.0,26994925.0,11:21:12
sz301025,读客文化,10.02,0.08,0.805,10.02,10.03,9.94,9.93,10.1,9.84,3655100.0,36400699.0,11:21:12
sz301026,浩通科技,26.14,0.44,1.712,26.11,26.14,25.7,25.71,26.16,25.7,1779458.0,46337465.0,11:21:12
sz301027,华蓝集团,17.64,0.13,0.742,17.64,17.66,17.51,17.7,18.4,17.2,11398060.0,201703788.0,11:21:12
sz301028,东亚机械,13.64,-0.2,-1.445,13.63,13.65,13.84,13.84,14.04,13.45,3806713.0,52003080.0,11:21:09
sz301029,怡合达,25.7,-0.16,-0.619,25.7,25.72,25.86,26.02,26.12,25.61,2907743.0,75083675.0,11:21:12
sz301030,仕净科技,14.87,-0.15,-0.999,14.86,14.87,15.02,15.02,15.16,14.73,1978540.0,29421837.0,11:21:12
sz301031,中熔电气,101.01,-2.79,-2.688,101.01,101.02,103.8,104.4,105.7,101.01,1256444.0,128505879.0,11:21:12
sz301032,新柴股份,12.9,0.03,0.233,12.9,12.91,12.87,12.96,13.11,12.79,1677900.0,21701882.0,11:21:12
sz301033,迈普医学,64.96,-0.17,-0.261,64.81,64.89,65.13,65.26,66.27,64.52,215869.0,14078449.0,11:21:09
sz301035,润丰股份,70.66,-0.63,-0.884,70.63,70.72,71.29,71.97,72.33,70.3,339900.0,24248390.0,11:21:09
sz301036,双乐股份,35.72,-0.16,-0.446,35.7,35.72,35.88,36.25,36.65,35.6,2643506.0,95983758.0,11:21:09
sz301037,保立佳,15.35,-0.17,-1.095,15.35,15.36,15.52,15.54,15.66,15.11,1123859.0,17348806.0,11:21:12
sz301038,深水规院,24.32,-0.03,-0.123,24.32,24.33,24.35,24.39,24.5,24.06,1343860.0,32598515.0,11:21:12
sz301039,中集车辆,9.99,-0.13,-1.285,9.98,9.99,10.12,10.1,10.16,9.91,7041300.0,70382736.0,11:21:12
sz301040,中环海陆,22.82,-0.08,-0.349,22.82,22.83,22.9,23.07,23.28,22.68,1212300.0,27841582.0,11:21:12
sz301041,金百泽,30.17,0.47,1.582,30.17,30.19,29.7,30.2,30.56,29.52,3914100.0,117410957.0,11:21:12
sz301042,安联锐视,68.19,-1.79,-2.558,68.18,68.19,69.98,69.51,70.0,67.5,1530770.0,105072644.0,11:21:15
sz301043,绿岛风,43.66,-0.71,-1.6,43.65,43.66,44.37,43.78,44.73,43.23,916550.0,40039913.0,11:21:15
sz301045,天禄科技,29.93,-0.27,-0.894,29.93,29.95,30.2,30.89,31.2,29.81,2062900.0,62374575.0,11:21:12
sz301046,能辉科技,29.94,-0.41,-1.351,29.94,29.96,30.35,30.26,30.47,29.81,2392000.0,71811189.0,11:21:12
sz301047,义翘神州,71.22,-0.45,-0.628,71.22,71.23,71.67,72.0,72.31,70.93,405996.0,29065227.0,11:21:06
sz301048,金鹰重工,12.05,0.15,1.261,12.04,12.05,11.9,12.25,12.28,11.86,3533013.0,42322095.0,11:21:15
sz301049,超越科技,24.47,-0.05,-0.204,24.47,24.5,24.52,24.58,24.78,24.08,970500.0,23773206.0,11:21:06
sz301050,雷电微力,44.69,-0.62,-1.368,44.67,44.69,45.31,45.12,45.35,44.53,1501696.0,67365920.0,11:21:03
sz301051,信濠光电,21.38,-0.01,-0.047,21.39,21.4,21.39,21.61,21.85,21.26,1061447.0,22820832.0,11:21:15
sz301052,果麦文化,41.09,-0.18,-0.436,41.08,41.1,41.27,41.57,41.67,40.81,2511785.0,103452339.0,11:21:15
sz301053,远信工业,33.94,-0.16,-0.469,33.94,33.99,34.1,34.4,34.4,33.76,273842.0,9305981.0,11:20:33
sz301055,张小泉,19.56,-0.09,-0.458,19.55,19.57,19.65,19.69,19.78,19.31,1133800.0,22176996.0,11:21:12
sz301056,森赫股份,11.75,0.0,0.0,11.75,11.76,11.75,11.75,11.94,11.63,1147389.0,13511381.0,11:21:12
sz301057,汇隆新材,30.1,-0.66,-2.146,30.1,30.12,30.76,31.07,32.2,29.95,3916205.0,121533453.0,11:21:15
sz301058,中粮科工,11.18,0.05,0.449,11.17,11.18,11.13,11.13,11.18,11.06,2813800.0,31294882.0,11:21:15
sz301059,金三江,12.77,-0.01,-0.078,12.76,12.77,12.78,12.78,12.9,12.62,1921580.0,24484778.0,11:21:12
sz301060,兰卫医学,10.01,-0.05,-0.497,10.01,10.02,10.06,10.1,10.18,9.88,3408302.0,34077115.0,11:21:06
sz301061,匠心家居,97.0,6.79,7.527,96.75,97.0,90.21,90.76,97.0,90.06,992660.0,93624304.0,11:21:15
sz301062,上海艾录,8.21,0.03,0.367,8.2,8.21,8.18,8.19,8.23,8.13,2149052.0,17579321.0,11:21:15
sz301063,海锅股份,24.99,-0.08,-0.319,24.96,24.97,25.07,25.33,25.38,24.8,1405000.0,35103438.0,11:21:12
sz301065,本立科技,23.21,0.05,0.216,23.2,23.21,23.16,23.3,23.5,22.97,595150.0,13829556.0,11:21:09
sz301066,万事利,16.67,-0.42,-2.458,16.67,16.68,17.09,17.03,17.2,16.4,7166615.0,119320685.0,11:21:15
sz301067,显盈科技,39.77,-1.11,-2.715,39.75,39.81,40.88,40.84,41.51,39.26,2848420.0,114117493.0,11:21:15
sz301068,大地海洋,27.97,-0.62,-2.169,27.99,28.03,28.59,28.55,28.78,27.89,516140.0,14595134.0,11:21:15
sz301069,凯盛新材,25.76,-0.16,-0.617,25.75,25.77,25.92,26.34,26.85,25.55,15789979.0,414766608.0,11:21:15
sz301070,开勒股份,54.8,-1.17,-2.09,54.71,54.8,55.97,55.96,56.35,54.61,687000.0,37959254.0,11:21:09
sz301071,力量钻石,38.18,-0.72,-1.851,38.13,38.19,38.9,39.05,39.87,38.1,4854353.0,189109056.0,11:21:15
sz301072,中捷精工,23.81,0.11,0.464,23.8,23.81,23.7,23.82,24.16,23.53,592700.0,14132910.0,11:21:15
sz301073,君亭酒店,23.67,-0.32,-1.334,23.65,23.67,23.99,24.0,24.14,23.41,2216950.0,52409746.0,11:21:12
sz301075,多瑞医药,49.67,0.14,0.283,49.61,49.69,49.53,50.17,50.35,49.2,430000.0,21414892.0,11:21:15
sz301076,新瀚新材,41.56,-0.68,-1.61,41.56,41.59,42.24,42.43,42.87,41.5,1946500.0,81846755.0,11:21:12
sz301077,星华新材,25.28,0.08,0.317,25.27,25.28,25.2,25.33,25.7,24.98,1265112.0,32038194.0,11:21:12
sz301078,孩子王,10.46,-0.14,-1.321,10.45,10.46,10.6,10.57,10.62,10.4,18078053.0,189709926.0,11:21:15
sz301079,邵阳液压,24.69,-0.35,-1.398,24.67,24.69,25.04,25.04,25.2,24.6,1149451.0,28506161.0,11:21:09
sz301080,百普赛斯,59.07,-0.39,-0.656,59.07,59.21,59.46,59.93,61.78,59.02,1153858.0,70068434.0,11:21:15
sz301081,严牌股份,11.3,0.0,0.0,11.29,11.3,11.3,11.29,11.39,11.1,1330004.0,14968321.0,11:21:12
sz301082,久盛电气,18.3,-0.61,-3.226,18.3,18.31,18.91,19.01,19.09,18.22,4508899.0,83386731.0,11:21:15
sz301083,百胜智能,19.59,-0.2,-1.011,19.59,19.6,19.79,19.84,20.09,19.36,2073831.0,40709193.0,11:21:15
sz301085,亚康股份,52.5,-0.58,-1.093,52.48,52.55,53.08,53.31,53.77,52.03,771818.0,40658787.0,11:21:09
sz301086,鸿富瀚,83.76,-4.42,-5.012,83.69,83.76,88.18,89.18,89.97,83.0,1930737.0,164284083.0,11:21:15
sz301087,可孚医疗,42.41,-0.37,-0.865,42.41,42.42,42.78,42.8,43.04,42.36,411407.0,17538111.0,11:21:15
sz301088,戎美股份,16.49,-0.35,-2.078,16.48,16.5,16.84,16.4,16.75,16.1,9552268.0,156533745.0,11:21:15
sz301089,拓新药业,32.66,-0.33,-1.0,32.66,32.68,32.99,33.27,33.58,32.28,2106406.0,69101113.0,11:21:15
sz301090,华润材料,7.99,0.01,0.125,7.99,8.0,7.98,7.99,8.04,7.93,2536500.0,20262448.0,11:21:15
sz301091,深城交,26.05,-0.48,-1.809,26.03,26.05,26.53,26.54,26.7,25.92,3452175.0,90789385.0,11:21:15
sz301092,争光股份,41.02,6.84,20.012,41.02,0.0,34.18,34.18,41.02,34.02,11086396.0,439184910.0,11:21:15
sz301093,华兰股份,46.68,0.29,0.625,46.62,46.68,46.39,47.44,47.44,46.03,1698874.0,79452131.0,11:21:06
sz301095,广立微,69.09,0.08,0.116,69.09,69.1,69.01,69.83,70.44,69.05,1636600.0,113881490.0,11:21:15
sz301096,百诚医药,51.16,-0.08,-0.156,51.14,51.15,51.24,51.49,51.49,50.27,1060300.0,54001470.0,11:21:15
sz301097,天益医疗,59.1,0.86,1.477,59.16,59.29,58.24,58.38,59.89,57.86,795800.0,46901173.0,11:21:12
sz301098,金埔园林,9.36,-0.09,-0.952,9.36,9.37,9.45,9.45,9.5,9.17,5128269.0,47952747.0,11:21:15
sz301099,雅创电子,43.02,-1.02,-2.316,43.0,43.02,44.04,44.8,44.85,42.86,2526639.0,110182425.0,11:21:15
sz301100,风光股份,22.4,0.38,1.726,22.38,22.4,22.02,22.14,23.08,22.14,1380827.0,31260934.0,11:21:15
sz301101,明月镜片,40.21,-0.3,-0.741,40.2,40.24,40.51,40.52,40.87,39.86,1251010.0,50409983.0,11:21:15
sz301102,兆讯传媒,11.79,-0.04,-0.338,11.79,11.8,11.83,11.83,11.87,11.61,2457265.0,28831580.0,11:21:12
sz301103,何氏眼科,21.31,-0.22,-1.022,21.31,21.32,21.53,21.53,21.68,21.02,997329.0,21291925.0,11:21:15
sz301105,鸿铭股份,45.65,0.75,1.67,45.58,45.65,44.9,45.12,45.68,44.81,310100.0,14000286.0,11:21:15
sz301106,骏成科技,29.97,0.07,0.234,29.9,29.97,29.9,29.9,30.37,29.75,527300.0,15855043.0,11:21:15
sz301107,瑜欣电子,27.1,-0.08,-0.294,27.1,27.12,27.18,27.46,27.68,26.99,728969.0,19900506.0,11:21:15
sz301108,洁雅股份,31.91,-0.31,-0.962,31.83,31.91,32.22,32.22,32.47,31.4,561850.0,17927220.0,11:21:15
sz301109,军信股份,15.41,0.35,2.324,15.4,15.41,15.06,15.02,15.45,15.02,6480875.0,99186555.0,11:21:15
sz301110,青木科技,75.45,1.07,1.439,75.39,75.49,74.38,74.92,77.07,73.1,2206532.0,165188075.0,11:21:15
sz301111,粤万年青,17.64,-0.13,-0.732,17.62,17.64,17.77,17.9,17.96,17.37,2228808.0,39248791.0,11:21:12
sz301112,信邦智能,36.86,-0.44,-1.18,36.85,36.87,37.3,37.51,37.66,36.7,874601.0,32459533.0,11:21:09
sz301113,雅艺科技,25.47,-0.51,-1.963,25.41,25.47,25.98,25.99,26.26,25.16,1037820.0,26593672.0,11:21:15
sz301115,联检科技,16.85,0.06,0.357,16.85,16.86,16.79,16.9,16.95,16.67,1285100.0,21585030.0,11:21:00
sz301116,益客食品,12.67,-1.38,-9.822,12.67,12.68,14.05,13.62,13.62,12.56,23435692.0,301915518.0,11:21:15
sz301117,佳缘科技,38.2,0.49,1.299,38.19,38.23,37.71,37.75,38.41,37.23,4172879.0,157352287.0,11:21:15
sz301118,恒光股份,29.59,-1.99,-6.301,29.56,29.6,31.58,31.58,31.6,29.28,16606266.0,495406325.0,11:21:15
sz301119,正强股份,48.69,1.73,3.684,48.69,48.7,46.96,47.48,49.5,46.99,1758542.0,85115909.0,11:21:15
sz301120,新特电气,18.15,-0.35,-1.892,18.14,18.15,18.5,18.5,19.02,18.14,7776487.0,143561585.0,11:21:15
sz301121,紫建电子,40.85,-0.93,-2.226,40.85,40.86,41.78,42.32,42.32,40.79,1596630.0,66083299.0,11:21:15
sz301122,采纳股份,26.95,-0.59,-2.142,26.91,26.95,27.54,27.68,27.94,26.6,2514100.0,68143157.0,11:21:15
sz301123,奕东电子,40.15,-0.75,-1.834,40.15,40.2,40.9,41.6,41.86,39.94,2480579.0,100611120.0,11:21:12
sz301125,腾亚精工,18.02,-0.27,-1.476,18.01,18.02,18.29,18.38,18.56,17.95,1177028.0,21403796.0,11:21:15
sz301126,达嘉维康,12.44,0.06,0.485,12.43,12.44,12.38,12.38,12.66,12.13,5107150.0,63180486.0,11:21:15
sz301127,武汉天源,14.12,0.04,0.284,14.11,14.12,14.08,14.12,14.39,14.08,2796954.0,39772042.0,11:21:12
sz301128,强瑞技术,83.53,-0.93,-1.101,83.51,83.54,84.46,85.88,87.26,83.51,1007331.0,85377348.0,11:21:15
sz301129,瑞纳智能,25.38,0.08,0.316,25.38,25.4,25.3,25.31,25.67,25.14,752040.0,19125645.0,11:21:15
sz301130,西点药业,31.37,-0.54,-1.692,31.35,31.37,31.91,32.32,32.32,30.86,1223700.0,38326092.0,11:21:15
sz301131,聚赛龙,48.29,-0.42,-0.862,48.29,48.35,48.71,48.69,49.09,48.22,515900.0,25068749.0,11:21:12
sz301132,满坤科技,33.37,0.29,0.877,33.36,33.37,33.08,33.44,34.02,33.25,1340700.0,45089262.0,11:21:18
sz301133,金钟股份,29.13,-0.35,-1.187,29.12,29.13,29.48,29.48,29.67,28.85,1521792.0,44482365.0,11:21:18
sz301135,瑞德智能,26.83,-0.16,-0.593,26.84,26.86,26.99,27.07,27.38,26.71,883700.0,23877112.0,11:21:15
sz301136,招标股份,14.4,0.47,3.374,14.4,14.41,13.93,14.01,14.71,13.67,12741526.0,180007608.0,11:21:18
sz301137,哈焊华通,41.94,-0.66,-1.549,41.93,41.94,42.6,42.6,43.11,41.82,2550200.0,107669958.0,11:21:15
sz301138,华研精机,37.78,-0.78,-2.023,37.7,37.79,38.56,38.41,39.28,37.01,1652200.0,63059101.0,11:21:18
sz301139,元道通信,20.11,0.16,0.802,20.1,20.11,19.95,19.99,20.33,19.75,2175099.0,43517490.0,11:21:18
sz301141,中科磁业,55.76,-1.27,-2.227,55.7,55.76,57.03,55.97,57.55,55.65,2727962.0,154224250.0,11:21:18
sz301148,嘉戎技术,0.0,0.0,0.0,0.0,0.0,33.03,0.0,0.0,0.0,0.0,0.0,11:20:27
sz301149,隆华新材,11.4,-0.15,-1.299,11.39,11.4,11.55,11.45,11.71,11.28,5001770.0,57498723.0,11:21:18
sz301150,中一科技,49.14,-3.22,-6.15,49.13,49.14,52.36,51.8,53.28,48.9,12861472.0,653532700.0,11:21:18
sz301151,冠龙节能,20.14,0.03,0.149,20.11,20.14,20.11,20.19,20.39,19.96,955700.0,19251851.0,11:21:18
sz301152,天力锂能,37.51,0.86,2.347,37.5,37.51,36.65,36.89,38.35,36.49,7783122.0,291561877.0,11:21:18
sz301153,中科江南,21.35,-0.16,-0.744,21.35,21.36,21.51,21.56,21.7,21.26,1196100.0,25682729.0,11:21:18
sz301155,海力风电,80.29,-1.59,-1.942,80.29,80.3,81.88,81.79,82.8,80.25,586200.0,47618208.0,11:21:18
sz301156,美农生物,19.74,-0.68,-3.33,19.74,19.75,20.42,20.4,20.42,19.54,6782501.0,134439896.0,11:21:18
sz301157,华塑科技,51.21,0.16,0.313,51.11,51.21,51.05,51.26,51.73,50.36,513600.0,26193386.0,11:21:18
sz301158,德石股份,22.06,-0.3,-1.342,22.03,22.06,22.36,22.38,22.5,21.98,3436251.0,76127222.0,11:21:09
sz301159,三维天地,36.12,-0.07,-0.193,36.11,36.13,36.19,36.19,36.6,35.48,837028.0,30067533.0,11:21:18
sz301160,翔楼新材,57.68,-0.48,-0.825,57.68,57.75,58.16,57.86,58.8,57.61,326705.0,18979803.0,11:21:09
sz301161,唯万密封,32.66,-0.12,-0.366,32.66,32.67,32.78,32.9,33.32,32.51,932323.0,30639791.0,11:21:09
sz301162,国能日新,55.17,-1.13,-2.007,55.12,55.2,56.3,56.99,57.25,54.9,571340.0,31772743.0,11:21:12
sz301163,宏德股份,28.88,0.01,0.035,28.83,28.88,28.87,29.0,29.28,28.51,614400.0,17759486.0,11:21:18
sz301165,锐捷网络,67.99,-0.24,-0.352,67.99,68.0,68.23,69.0,70.39,67.76,2632108.0,180547510.0,11:21:18
sz301166,优宁维,32.47,-0.21,-0.643,32.43,32.46,32.68,32.69,32.9,32.19,527800.0,17167973.0,11:21:18
sz301167,建研设计,17.2,-0.07,-0.405,17.19,17.23,17.27,17.39,17.39,16.91,1586234.0,27249299.0,11:21:15
sz301168,通灵股份,45.33,-0.47,-1.026,45.33,45.34,45.8,45.95,46.34,45.11,738314.0,33495185.0,11:21:15
sz301169,零点有数,42.34,-0.16,-0.376,42.34,42.38,42.5,42.5,43.3,41.69,635900.0,26909432.0,11:21:15
sz301170,锡南科技,28.38,0.05,0.176,28.35,28.38,28.33,28.57,28.67,28.2,696291.0,19780255.0,11:21:18
sz301171,易点天下,33.15,0.12,0.363,33.15,33.16,33.03,33.58,34.51,32.62,28355666.0,950727715.0,11:21:18
sz301172,君逸数码,26.95,4.25,18.722,26.96,26.97,22.7,24.03,27.24,22.95,21321917.0,549072201.0,11:21:18
sz301173,毓恬冠佳,46.81,0.13,0.278,46.8,46.87,46.68,46.94,47.08,46.59,222960.0,10427964.0,11:21:03
sz301175,中科环保,5.52,0.09,1.657,5.51,5.52,5.43,5.44,5.59,5.43,21485282.0,118457681.0,11:21:15
sz301176,逸豪新材,26.23,0.64,2.501,26.23,26.25,25.59,25.98,27.39,25.98,3325770.0,88417342.0,11:21:18
sz301177,迪阿股份,31.47,-0.29,-0.913,31.44,31.47,31.76,31.75,31.82,31.19,655500.0,20642759.0,11:21:03
sz301178,天亿马,57.52,1.15,2.04,57.49,57.52,56.37,56.58,59.68,56.37,1933951.0,112219034.0,11:21:18
sz301179,泽宇智能,15.88,-0.06,-0.376,15.87,15.88,15.94,16.04,16.11,15.81,1340375.0,21368138.0,11:21:18
sz301180,万祥科技,16.19,0.18,1.124,16.18,16.19,16.01,16.1,16.49,16.08,2108300.0,34135030.0,11:21:03
sz301181,标榜股份,33.38,0.04,0.12,33.38,33.39,33.34,33.53,33.9,33.3,1498200.0,50290089.0,11:21:18
sz301182,凯旺科技,33.6,-0.31,-0.914,33.59,33.6,33.91,34.3,34.39,33.3,696600.0,23526425.0,11:21:12
sz301183,东田微,94.47,-4.18,-4.237,94.4,94.47,98.65,101.65,101.98,93.6,4438400.0,429482094.0,11:21:18
sz301185,鸥玛软件,20.6,0.23,1.129,20.6,20.61,20.37,20.38,20.69,20.15,5078393.0,103781799.0,11:21:18
sz301186,超达装备,49.52,-0.98,-1.941,49.49,49.51,50.5,50.8,51.02,49.13,2166136.0,108251652.0,11:21:18
sz301187,欧圣电气,23.64,-0.1,-0.421,23.63,23.64,23.74,23.82,23.88,23.58,409040.0,9683836.0,11:21:15
sz301188,力诺药包,17.2,0.02,0.116,17.18,17.2,17.18,17.24,17.33,17.1,1077800.0,18562491.0,11:20:57
sz301189,奥尼电子,34.66,-0.64,-1.813,34.65,34.67,35.3,35.45,35.58,34.18,1224700.0,42584789.0,11:21:09
sz301190,善水科技,23.0,0.11,0.481,23.0,23.01,22.89,23.12,23.4,22.9,756574.0,17518822.0,11:21:18
sz301191,菲菱科思,85.84,-2.21,-2.51,85.83,85.84,88.05,88.5,89.65,85.6,839000.0,72896970.0,11:21:09
sz301192,泰祥股份,33.4,-0.19,-0.566,33.4,33.43,33.59,34.03,34.13,33.22,958285.0,32148100.0,11:21:18
sz301193,家联科技,20.1,0.04,0.199,20.11,20.14,20.06,19.97,20.29,19.4,1969900.0,38967781.0,11:21:18
sz301195,北路智控,33.67,-0.51,-1.492,33.62,33.65,34.18,34.16,34.42,33.41,727866.0,24582278.0,11:21:06
sz301196,唯科科技,71.47,-0.79,-1.093,71.46,71.48,72.26,72.75,73.23,71.3,780700.0,56422402.0,11:21:18
sz301197,工大科雅,20.77,-0.33,-1.564,20.78,20.79,21.1,21.12,21.27,20.34,1607400.0,33370874.0,11:21:18
sz301198,喜悦智行,12.78,-0.17,-1.313,12.78,12.79,12.95,12.96,13.05,12.58,3396145.0,43386872.0,11:21:12
sz301199,迈赫股份,22.55,-0.38,-1.657,22.55,22.57,22.93,22.93,23.18,22.4,1754001.0,39887096.0,11:21:06
sz301200,大族数控,111.6,0.17,0.153,111.6,111.7,111.43,115.0,115.66,111.5,1393650.0,157178022.0,11:21:12
sz301201,诚达药业,54.26,-3.24,-5.635,54.09,54.29,57.5,55.56,57.2,48.5,17476462.0,926716560.0,11:21:18
sz301202,朗威股份,39.44,-0.44,-1.103,39.44,39.46,39.88,40.06,40.65,39.3,565600.0,22518376.0,11:21:00
sz301203,国泰环保,34.72,0.11,0.318,34.69,34.75,34.61,34.86,35.15,34.5,593600.0,20675329.0,11:21:18
sz301205,联特科技,111.11,-5.89,-5.034,111.11,111.14,117.0,117.97,119.77,109.5,8830143.0,996397570.0,11:21:18
sz301206,三元生物,28.28,-0.13,-0.458,28.27,28.28,28.41,28.55,28.75,28.18,747153.0,21211323.0,11:21:15
sz301207,华兰疫苗,22.44,-0.36,-1.579,22.43,22.44,22.8,22.99,23.45,22.39,8285189.0,188749718.0,11:21:12
sz301208,中亦科技,38.3,-0.2,-0.519,38.25,38.29,38.5,38.44,38.77,38.03,681900.0,26142192.0,11:21:15
sz301209,联合化学,112.62,-2.8,-2.426,112.51,112.72,115.42,115.49,117.48,112.0,1248961.0,142747667.0,11:21:15
sz301210,金杨股份,41.22,-0.52,-1.246,41.21,41.23,41.74,41.7,42.34,41.0,925600.0,38454055.0,11:21:15
sz301211,亨迪药业,14.07,0.08,0.572,14.07,14.08,13.99,14.27,14.39,14.01,7410032.0,105321967.0,11:21:18
sz301212,联盛化学,31.33,-1.12,-3.451,31.31,31.32,32.45,31.91,33.0,31.3,3512039.0,113051769.0,11:21:18
sz301213,观想科技,62.17,1.31,2.152,62.15,62.17,60.86,60.8,62.6,59.12,1452581.0,89234467.0,11:21:18
sz301215,中汽股份,6.59,0.05,0.765,6.58,6.59,6.54,6.54,6.6,6.52,4895280.0,32172040.0,11:21:15
sz301216,万凯新材,17.2,-0.2,-1.149,17.19,17.2,17.4,17.48,17.65,17.0,5662081.0,97997214.0,11:21:18
sz301217,铜冠铜箔,31.87,0.0,0.0,31.87,31.88,31.87,32.69,33.18,31.68,26119951.0,845735979.0,11:21:18
sz301218,华是科技,22.5,-0.05,-0.222,22.48,22.5,22.55,22.65,22.67,22.0,1780300.0,39783523.0,11:21:18
sz301219,腾远钴业,66.85,0.23,0.345,66.85,66.86,66.62,66.94,68.8,66.02,6802354.0,461029004.0,11:21:18
sz301220,亚香股份,40.95,-0.5,-1.206,40.95,41.0,41.45,41.51,42.19,40.77,1163201.0,48240806.0,11:20:18
sz301221,光庭信息,47.52,-0.3,-0.627,47.47,47.52,47.82,48.0,48.24,47.15,651307.0,30988468.0,11:21:09
sz301222,浙江恒威,30.3,-0.23,-0.753,30.28,30.3,30.53,30.75,30.97,30.17,589294.0,18011603.0,11:21:09
sz301223,中荣股份,18.44,0.07,0.381,18.43,18.44,18.37,18.42,18.53,18.29,537468.0,9899943.0,11:21:12
sz301225,恒勃股份,83.39,0.58,0.7,83.38,83.44,82.81,83.58,88.0,82.75,1019570.0,86630238.0,11:21:09
sz301226,祥明智能,28.44,-0.28,-0.975,28.42,28.45,28.72,28.84,29.11,28.33,1095700.0,31444721.0,11:21:15
sz301227,森鹰窗业,43.48,0.83,1.946,43.38,43.48,42.65,43.2,44.18,42.38,1107975.0,48049061.0,11:21:15
sz301228,实朴检测,38.66,-1.97,-4.849,38.66,38.67,40.63,40.1,41.19,38.61,6382675.0,252881245.0,11:21:18
sz301229,纽泰格,20.37,0.03,0.147,20.35,20.38,20.34,20.35,20.48,20.02,1212734.0,24558386.0,11:21:12
sz301230,泓博医药,30.67,-0.14,-0.454,30.66,30.67,30.81,31.01,31.32,30.41,832809.0,25744130.0,11:21:18
sz301231,荣信文化,33.35,0.2,0.603,33.33,33.35,33.15,33.81,35.26,32.89,5389848.0,182092757.0,11:21:18
sz301232,飞沃科技,51.0,1.52,3.072,50.95,51.0,49.48,49.67,51.77,48.97,3160229.0,160130179.0,11:21:18
sz301233,盛帮股份,53.02,-2.55,-4.589,53.02,53.03,55.57,54.06,54.6,52.89,1962516.0,105348063.0,11:21:18
sz301234,五洲医疗,38.85,-0.06,-0.154,38.85,38.9,38.91,39.16,39.75,38.62,411598.0,16114490.0,11:20:39
sz301235,华康洁净,29.82,0.0,0.0,29.82,29.88,29.82,30.1,30.1,29.58,566890.0,16903876.0,11:21:15
sz301236,软通动力,51.44,0.36,0.705,51.43,51.44,51.08,51.71,51.9,51.09,8771601.0,451595495.0,11:21:18
sz301237,和顺科技,49.61,1.79,3.743,49.61,49.64,47.82,48.35,50.19,48.08,1021303.0,50449248.0,11:21:18
sz301238,瑞泰新材,23.81,-0.39,-1.612,23.8,23.83,24.2,24.3,24.57,23.73,9245269.0,223428064.0,11:21:18
sz301239,普瑞眼科,36.14,-0.33,-0.905,36.13,36.16,36.47,36.62,36.73,35.97,675100.0,24447003.0,11:21:15
sz301246,宏源药业,19.54,-0.31,-1.562,19.53,19.54,19.85,19.88,20.36,19.41,9222600.0,183627986.0,11:21:18
sz301248,杰创智能,28.44,0.64,2.302,28.43,28.44,27.8,27.81,28.97,27.81,5256338.0,149363223.0,11:21:18
sz301251,威尔高,53.08,-0.48,-0.896,53.08,53.12,53.56,55.01,55.5,52.81,2646655.0,142799242.0,11:21:18
sz301252,同星科技,26.75,0.46,1.75,26.75,26.76,26.29,26.4,27.05,26.02,1918185.0,51494602.0,11:21:18
sz301255,通力科技,28.32,-0.64,-2.21,28.32,28.33,28.96,29.0,29.16,28.25,799245.0,22840533.0,11:21:15
sz301256,华融化学,14.6,0.86,6.259,14.59,14.6,13.74,14.0,15.66,14.0,61925519.0,921788217.0,11:21:18
sz301257,普蕊斯,43.64,-0.61,-1.379,43.64,43.65,44.25,44.36,44.71,43.3,667100.0,29242709.0,11:21:18
sz301258,富士莱,34.19,-0.4,-1.156,34.18,34.19,34.59,34.77,34.93,33.79,707000.0,24211900.0,11:21:12
sz301259,艾布鲁,32.72,-0.75,-2.241,32.69,32.72,33.47,35.03,35.03,32.33,2897356.0,97009713.0,11:21:18
sz301260,格力博,16.77,-0.17,-1.004,16.77,16.78,16.94,17.1,17.11,16.7,1379403.0,23236240.0,11:21:09
sz301261,恒工精密,77.54,-3.46,-4.272,77.51,77.54,81.0,79.27,81.6,77.4,2184921.0,173123408.0,11:21:18
sz301262,海看股份,25.9,-0.53,-2.005,25.9,25.91,26.43,26.39,26.45,25.6,4449381.0,115448479.0,11:21:18
sz301263,泰恩康,29.28,-0.4,-1.348,29.23,29.27,29.68,29.75,30.05,29.18,1477700.0,43616229.0,11:21:15
sz301265,华新环保,11.86,0.01,0.084,11.86,11.87,11.85,11.85,12.04,11.8,3711697.0,44332387.0,11:21:18
sz301266,宇邦新材,37.02,-0.16,-0.43,37.01,37.03,37.18,37.3,37.67,36.85,836500.0,31060278.0,11:21:18
sz301267,华厦眼科,19.83,-0.07,-0.352,19.83,19.84,19.9,19.96,19.98,19.73,1594449.0,31644716.0,11:21:18
sz301268,铭利达,20.0,-0.34,-1.672,20.0,20.01,20.34,20.42,20.42,19.96,1197260.0,24103585.0,11:21:18
sz301269,华大九天,107.97,-1.01,-0.927,107.96,107.97,108.98,109.97,110.57,107.73,2084349.0,226787943.0,11:21:18
sz301270,汉仪股份,36.68,-0.59,-1.583,36.66,36.69,37.27,37.55,37.59,36.5,1460000.0,53951608.0,11:21:18
sz301272,英华特,42.88,0.05,0.117,42.87,42.97,42.83,43.3,43.8,42.7,286900.0,12395495.0,11:21:09
sz301273,瑞晨环保,28.38,-0.11,-0.386,28.38,28.4,28.49,28.59,29.01,28.2,454300.0,12967856.0,11:21:12
sz301275,汉朔科技,53.34,0.0,0.0,53.34,53.35,53.34,53.5,54.15,53.3,1198007.0,64455783.0,11:21:18
sz301276,嘉曼服饰,22.18,-0.09,-0.404,22.18,22.19,22.27,22.5,22.5,21.8,1439748.0,31825359.0,11:21:18
sz301277,新天地,12.81,-0.14,-1.081,12.81,12.82,12.95,12.95,13.05,12.68,2288196.0,29376718.0,11:21:09
sz301278,快可电子,38.45,-0.18,-0.466,38.45,38.49,38.63,38.15,39.65,37.58,2883149.0,110885289.0,11:21:15
sz301279,金道科技,28.54,-0.69,-2.361,28.51,28.55,29.23,29.21,29.5,28.12,2087720.0,59663318.0,11:21:18
sz301280,珠城科技,48.95,-0.02,-0.041,48.95,48.97,48.97,49.29,49.55,48.76,324196.0,15909133.0,11:21:15
sz301281,科源制药,30.54,-0.12,-0.391,30.51,30.55,30.66,30.84,30.97,30.3,383300.0,11738940.0,11:21:18
sz301282,金禄电子,24.85,0.12,0.485,24.85,24.86,24.73,25.2,25.4,24.78,1603100.0,40229714.0,11:21:03
sz301283,聚胶股份,45.39,0.99,2.23,45.36,45.38,44.4,44.39,45.58,44.33,1104400.0,49951516.0,11:21:15
sz301285,鸿日达,52.69,1.45,2.83,52.62,52.68,51.24,51.7,53.21,51.36,1483300.0,77488228.0,11:21:18
sz301286,侨源股份,32.32,-0.18,-0.554,32.29,32.33,32.5,32.54,32.96,31.97,2515700.0,81540124.0,11:21:15
sz301287,康力源,41.26,0.03,0.073,41.22,41.26,41.23,41.44,41.66,40.6,378000.0,15546950.0,11:21:18
sz301288,*ST清研,17.91,-0.39,-2.131,17.84,17.94,18.3,18.38,19.05,17.76,1679500.0,30957122.0,11:21:00
sz301289,国缆检测,56.22,-0.29,-0.513,56.1,56.2,56.51,56.49,57.32,55.82,650300.0,36558215.0,11:21:15
sz301290,东星医疗,26.77,-0.06,-0.224,26.73,26.76,26.83,26.94,27.05,26.62,341000.0,9139412.0,11:21:03
sz301291,明阳电气,43.7,-0.13,-0.297,43.58,43.69,43.83,44.29,44.55,43.33,3181873.0,139541466.0,11:21:18
sz301292,海科新源,67.4,-1.59,-2.305,67.4,67.43,68.99,67.67,73.0,64.03,15633032.0,1075388675.0,11:21:18
sz301293,三博脑科,55.03,-1.19,-2.117,55.03,55.04,56.22,56.5,56.73,54.98,3661069.0,203912157.0,11:21:18
sz301295,美硕科技,27.58,0.08,0.291,27.5,27.57,27.5,27.78,27.85,27.07,826885.0,22666478.0,11:21:18
sz301296,新巨丰,8.81,-0.01,-0.113,8.8,8.81,8.82,8.84,8.86,8.72,1277300.0,11223272.0,11:21:15
sz301297,富乐德,37.07,0.46,1.256,37.05,37.07,36.61,36.86,37.42,36.61,2254258.0,83753656.0,11:21:09
sz301298,东利机械,16.52,-0.08,-0.482,16.5,16.52,16.6,16.74,16.87,16.34,1647400.0,27253269.0,11:21:18
sz301299,卓创资讯,56.0,-0.2,-0.356,56.03,56.11,56.2,56.23,56.69,55.63,358912.0,20130037.0,11:21:18
sz301300,远翔新材,52.2,3.83,7.918,52.0,52.48,48.37,48.1,54.66,47.06,6738724.0,339737397.0,11:21:18
sz301301,川宁生物,10.89,-0.02,-0.183,10.89,10.9,10.91,10.93,11.01,10.85,3577000.0,39046972.0,11:21:18
sz301302,华如科技,22.87,-0.16,-0.695,22.87,22.88,23.03,22.96,23.02,22.44,1517950.0,34475046.0,11:21:18
sz301303,真兰仪表,15.8,0.04,0.254,15.8,15.82,15.76,15.83,16.0,15.7,778501.0,12330865.0,11:21:15
sz301305,朗坤科技,22.72,0.17,0.754,22.72,22.73,22.55,22.83,23.15,22.55,3819695.0,87403866.0,11:21:18
sz301306,西测测试,53.76,0.05,0.093,53.79,53.87,53.71,53.78,54.3,53.19,891582.0,47985996.0,11:21:09
sz301307,美利信,43.57,3.7,9.28,43.57,43.58,39.87,40.06,43.74,40.06,10889600.0,463233214.0,11:21:18
sz301308,江波龙,267.61,2.05,0.772,267.6,267.65,265.56,274.5,274.96,256.86,11916561.0,3165910255.0,11:21:18
sz301309,万得凯,29.26,-0.26,-0.881,29.25,29.27,29.52,29.52,29.78,28.92,486400.0,14241654.0,11:21:15
sz301310,鑫宏业,41.99,-0.36,-0.85,41.99,42.03,42.35,42.31,42.73,41.86,435060.0,18395973.0,11:21:18
sz301311,昆船智能,19.81,-0.31,-1.541,19.8,19.81,20.12,19.96,20.12,19.7,4117234.0,81764801.0,11:21:18
sz301312,智立方,44.22,-0.24,-0.54,44.21,44.24,44.46,44.5,45.23,44.04,488352.0,21756741.0,11:21:00
sz301313,凡拓数创,29.4,-0.89,-2.938,29.4,29.41,30.29,30.03,30.38,29.1,4209500.0,124775196.0,11:21:18
sz301314,科瑞思,44.33,0.42,0.957,44.31,44.37,43.91,44.23,45.8,43.62,533687.0,23681508.0,11:21:09
sz301315,威士顿,58.37,-1.73,-2.879,58.32,58.37,60.1,63.0,64.3,57.5,6301412.0,379635226.0,11:21:18
sz301316,慧博云通,46.16,-0.51,-1.093,46.15,46.16,46.67,47.08,47.27,45.96,3145848.0,145940679.0,11:21:18
sz301317,鑫磊股份,30.39,-0.61,-1.968,30.39,30.4,31.0,31.11,31.32,30.33,465300.0,14277511.0,11:21:12
sz301318,维海德,28.79,-0.33,-1.133,28.78,28.8,29.12,29.18,29.39,28.58,722203.0,20861159.0,11:21:15
sz301319,唯特偶,41.1,-2.41,-5.539,41.08,41.09,43.51,42.84,43.45,40.76,4535414.0,188623134.0,11:21:18
sz301320,豪江智能,17.34,0.04,0.231,17.32,17.33,17.3,17.47,17.53,17.1,1472723.0,25513741.0,11:21:18
sz301321,翰博高新,15.71,0.06,0.383,15.7,15.72,15.65,15.86,15.92,15.56,1042840.0,16445913.0,11:21:12
sz301322,绿通科技,29.55,-0.28,-0.939,29.5,29.55,29.83,29.95,30.56,29.42,725630.0,21711552.0,11:21:15
sz301323,新莱福,55.71,-0.27,-0.482,55.69,55.71,55.98,55.77,56.99,55.6,1136400.0,64011840.0,11:21:06
sz301325,曼恩斯特,56.39,-1.14,-1.982,56.39,56.4,57.53,57.77,58.4,55.88,2166111.0,123504132.0,11:21:21
sz301326,捷邦科技,104.75,-1.43,-1.347,104.74,104.82,106.18,107.57,108.3,104.2,400073.0,42307278.0,11:21:12
sz301327,华宝新能,57.62,-0.83,-1.42,57.62,57.66,58.45,58.88,59.02,57.52,819818.0,47681669.0,11:21:15
sz301328,维峰电子,42.23,-0.41,-0.962,42.23,42.24,42.64,42.94,43.9,42.01,1246800.0,53252754.0,11:21:21
sz301329,信音电子,22.43,-0.13,-0.576,22.41,22.43,22.56,22.6,22.98,22.1,5505273.0,123854963.0,11:21:21
sz301330,熵基科技,28.96,-0.18,-0.618,28.96,28.97,29.14,29.3,29.4,28.91,1234479.0,35992993.0,11:21:15
sz301331,恩威医药,29.2,-0.6,-2.013,29.2,29.23,29.8,29.76,30.18,28.81,770360.0,22529154.0,11:20:45
sz301332,德尔玛,10.01,0.01,0.1,10.01,10.02,10.0,10.08,10.08,9.94,1605266.0,16051988.0,11:21:21
sz301333,诺思格,57.6,-0.78,-1.336,57.6,57.61,58.38,58.58,58.89,56.85,1158454.0,66878666.0,11:21:18
sz301335,天元宠物,29.75,-0.56,-1.848,29.75,29.81,30.31,30.29,30.38,29.5,1556800.0,46591850.0,11:21:21
sz301336,趣睡科技,52.99,-0.64,-1.193,52.99,53.07,53.63,54.01,54.3,52.5,565800.0,30059257.0,11:21:21
sz301337,亚华电子,30.89,-0.61,-1.937,30.89,30.91,31.5,31.6,31.93,30.67,3669071.0,113811129.0,11:21:21
sz301338,凯格精机,59.2,-0.5,-0.838,59.19,59.23,59.7,60.68,61.11,59.02,1180957.0,70860501.0,11:21:21
sz301339,通行宝,15.42,0.12,0.784,15.41,15.42,15.3,15.36,15.64,15.25,6491240.0,100156188.0,11:21:21
sz301345,涛涛车业,204.84,-4.16,-1.99,204.81,204.89,209.0,208.5,209.94,204.8,371000.0,76651488.0,11:21:18
sz301348,蓝箭电子,20.9,-0.05,-0.239,20.9,20.91,20.95,21.1,21.27,20.88,2420756.0,50924733.0,11:21:21
sz301349,信德新材,55.98,-0.21,-0.374,55.97,55.99,56.19,56.75,58.27,54.89,3785683.0,213873010.0,11:21:21
sz301353,普莱得,27.98,-0.01,-0.036,27.97,27.98,27.99,28.18,28.37,27.68,668303.0,18673831.0,11:21:18
sz301355,南王科技,13.26,0.16,1.221,13.25,13.26,13.1,13.36,13.36,12.91,3654419.0,47787452.0,11:21:21
sz301356,天振股份,22.09,0.19,0.868,22.07,22.08,21.9,21.9,22.25,21.88,761592.0,16805499.0,11:21:18
sz301357,北方长龙,161.86,-3.94,-2.376,161.86,161.87,165.8,157.05,165.3,155.36,4868087.0,777302190.0,11:21:21
sz301358,湖南裕能,76.47,-1.52,-1.949,76.46,76.47,77.99,78.13,79.8,76.1,8248109.0,639417564.0,11:21:21
sz301359,东南电子,20.16,-0.02,-0.099,20.15,20.16,20.18,20.37,20.52,19.85,1091880.0,22079927.0,11:21:15
sz301360,荣旗科技,77.42,-3.7,-4.561,77.45,77.55,81.12,81.14,81.7,76.54,1597715.0,125533508.0,11:21:21
sz301361,众智科技,34.33,-0.6,-1.718,34.32,34.34,34.93,35.02,35.14,34.13,1557800.0,53812231.0,11:21:12
sz301362,民爆光电,41.77,0.04,0.096,41.76,41.77,41.73,42.0,42.37,41.68,211400.0,8874600.0,11:21:12
sz301363,美好医疗,21.06,0.07,0.333,21.05,21.06,20.99,21.07,21.23,20.94,1598840.0,33714500.0,11:21:12
sz301365,矩阵股份,22.9,-0.19,-0.823,22.88,22.9,23.09,23.03,23.38,22.16,4775500.0,108162196.0,11:21:21
sz301366,一博科技,33.92,0.17,0.504,33.92,33.94,33.75,34.3,34.49,33.81,937440.0,32029149.0,11:21:21
sz301367,瑞迈特,92.91,2.51,2.777,92.89,93.06,90.4,93.11,93.9,91.09,1382767.0,127731885.0,11:21:06
sz301368,丰立智能,56.05,-0.83,-1.459,56.06,56.08,56.88,57.48,57.57,55.81,866180.0,48864299.0,11:21:18
sz301369,联动科技,98.97,-1.72,-1.708,98.87,98.97,100.69,100.98,103.11,98.52,504450.0,50522747.0,11:21:03
sz301370,国科恒泰,11.53,-0.02,-0.173,11.53,11.54,11.55,11.6,11.65,11.33,5050902.0,57889454.0,11:21:21
sz301371,敷尔佳,27.19,-0.95,-3.376,27.19,27.22,28.14,27.5,27.69,26.99,5669913.0,154676452.0,11:21:21
sz301372,科净源,27.93,-0.02,-0.072,27.91,27.93,27.95,27.94,28.46,27.6,925714.0,25915883.0,11:21:12
sz301373,凌玮科技,32.4,0.2,0.621,32.39,32.45,32.2,32.24,32.92,32.23,562200.0,18287472.0,11:20:48
sz301376,致欧科技,18.05,0.11,0.613,18.05,18.07,17.94,17.94,18.08,17.79,1105781.0,19786183.0,11:21:09
sz301377,鼎泰高科,109.3,0.29,0.266,109.34,109.36,109.01,114.01,115.5,109.18,4630942.0,519854991.0,11:21:21
sz301378,通达海,32.2,0.36,1.131,32.2,32.23,31.84,31.9,32.32,31.5,1814748.0,58053847.0,11:21:21
sz301379,天山电子,26.79,-0.47,-1.724,26.78,26.8,27.26,27.54,27.93,26.72,2732243.0,74338321.0,11:21:15
sz301380,挖金客,34.68,-0.97,-2.721,34.64,34.68,35.65,35.47,35.47,34.34,1981511.0,68736516.0,11:21:21
sz301381,赛维时代,22.83,-0.26,-1.126,22.8,22.83,23.09,23.08,23.15,22.41,2066385.0,47017417.0,11:21:18
sz301382,蜂助手,36.57,0.9,2.523,36.56,36.57,35.67,35.68,37.17,35.17,13391822.0,485278377.0,11:21:21
sz301383,天键股份,32.11,-0.14,-0.434,32.11,32.16,32.25,32.55,32.74,31.89,607880.0,19598298.0,11:21:21
sz301386,未来电器,24.53,-0.35,-1.407,24.52,24.53,24.88,24.86,25.17,24.46,1199901.0,29587429.0,11:21:21
sz301387,光大同创,39.54,0.9,2.329,39.52,39.54,38.64,38.89,39.86,38.75,1686936.0,66513785.0,11:21:21
sz301388,欣灵电气,30.54,-0.42,-1.357,30.54,30.57,30.96,30.98,31.25,30.35,924100.0,28456153.0,11:21:21
sz301389,隆扬电子,51.46,-0.18,-0.349,51.46,51.47,51.64,53.5,53.81,51.2,3149887.0,164856009.0,11:21:18
sz301390,经纬股份,37.26,-0.07,-0.188,37.24,37.33,37.33,37.71,37.73,36.64,608300.0,22627747.0,11:21:06
sz301391,卡莱特,84.76,-2.24,-2.575,84.7,84.76,87.0,90.0,91.98,84.56,1254471.0,109136796.0,11:21:03
sz301392,汇成真空,120.71,-2.87,-2.322,120.71,120.8,123.58,124.0,125.8,120.71,1109883.0,135961414.0,11:21:21
sz301393,昊帆生物,51.78,-0.22,-0.423,51.77,51.79,52.0,52.1,52.66,51.5,432600.0,22482187.0,11:20:33
sz301395,仁信新材,11.15,-0.01,-0.09,11.14,11.15,11.16,11.2,11.27,11.02,1426564.0,15903284.0,11:21:18
sz301396,宏景科技,60.42,0.14,0.232,60.41,60.42,60.28,60.3,61.18,60.08,2154480.0,130628820.0,11:21:21
sz301397,溯联股份,30.67,-0.39,-1.256,30.67,30.68,31.06,31.06,31.58,30.6,1510550.0,46805207.0,11:21:15
sz301398,星源卓镁,48.08,-0.49,-1.009,48.02,48.09,48.57,48.68,48.99,47.95,926400.0,44825286.0,11:21:21
sz301399,英特科技,18.43,-0.1,-0.54,18.42,18.43,18.53,18.54,18.85,18.25,1031481.0,19069935.0,11:21:12
sz301408,华人健康,14.58,-0.15,-1.018,14.58,14.59,14.73,14.94,15.08,14.39,8258766.0,120673682.0,11:21:21
sz301413,安培龙,124.15,-2.24,-1.772,124.0,124.15,126.39,127.57,128.9,123.76,1192104.0,149447716.0,11:21:18
sz301418,协昌科技,37.81,0.01,0.026,37.8,37.85,37.8,37.93,38.08,37.4,323000.0,12203988.0,11:21:21
sz301419,阿莱德,31.31,0.11,0.353,31.31,31.33,31.2,31.64,31.99,30.95,920105.0,28887334.0,11:21:21
sz301421,波长光电,91.89,-1.46,-1.564,91.88,91.89,93.35,94.01,95.26,91.8,2481002.0,231919503.0,11:21:21
sz301428,世纪恒通,34.64,-0.24,-0.688,34.64,34.65,34.88,35.0,35.17,34.15,1277793.0,44242523.0,11:21:18
sz301429,森泰股份,20.08,0.04,0.2,20.05,20.08,20.04,20.1,20.29,19.69,838800.0,16793681.0,11:21:18
sz301439,泓淋电力,15.38,-0.08,-0.517,15.38,15.39,15.46,15.52,15.66,15.32,1442000.0,22295236.0,11:21:21
sz301446,福事特,32.16,-0.56,-1.711,32.15,32.17,32.72,32.8,32.92,31.92,1227720.0,39693317.0,11:21:21
sz301448,开创电气,57.1,-1.4,-2.393,57.1,57.14,58.5,60.0,60.0,57.0,462981.0,26763365.0,11:21:21
sz301456,盘古智能,28.7,-0.02,-0.07,28.7,28.73,28.72,28.89,29.05,28.58,669200.0,19284057.0,11:21:12
sz301458,钧崴电子,34.02,0.4,1.19,34.02,34.03,33.62,34.1,34.93,33.96,2323801.0,80150629.0,11:21:21
sz301459,丰茂股份,40.72,-0.75,-1.809,40.71,40.77,41.47,41.49,42.05,40.66,622920.0,25674013.0,11:21:21
sz301468,博盈特焊,37.79,-1.38,-3.523,37.78,37.81,39.17,39.21,40.35,37.6,3328277.0,128234399.0,11:21:21
sz301469,恒达新材,30.22,0.11,0.365,30.17,30.22,30.11,30.15,30.49,29.85,407000.0,12274989.0,11:21:15
sz301479,弘景光电,83.97,-1.4,-1.64,83.85,83.97,85.37,85.58,86.3,83.7,271007.0,22964756.0,11:21:21
sz301486,致尚科技,76.39,-0.15,-0.196,76.39,76.49,76.54,77.5,79.47,76.18,1053498.0,81276149.0,11:21:21
sz301487,盟固利,26.42,-0.37,-1.381,26.4,26.42,26.79,26.9,27.2,26.32,8826372.0,236096840.0,11:21:21
sz301488,豪恩汽电,129.01,-0.34,-0.263,128.9,129.0,129.35,131.0,132.58,128.78,1116170.0,145711861.0,11:21:15
sz301489,思泉新材,178.68,3.28,1.87,178.68,178.96,175.4,182.67,184.5,173.13,3179690.0,567940588.0,11:21:21
sz301491,汉桑科技,58.16,-0.74,-1.256,58.13,58.16,58.9,59.26,59.28,57.93,642948.0,37613420.0,11:21:03
sz301498,乖宝宠物,69.46,-1.79,-2.512,69.43,69.45,71.25,71.21,71.49,69.02,1931100.0,135313208.0,11:21:18
sz301499,维科精密,27.31,-0.24,-0.871,27.29,27.3,27.55,27.67,27.85,27.18,652100.0,17886063.0,11:21:21
sz301500,飞南资源,15.68,0.08,0.513,15.67,15.69,15.6,15.63,15.88,15.61,2224730.0,35045539.0,11:21:12
sz301501,恒鑫生活,43.22,-0.59,-1.347,43.22,43.23,43.81,43.99,44.2,43.01,472665.0,20570479.0,11:21:18
sz301502,华阳智能,46.68,0.18,0.387,46.68,46.85,46.5,46.93,47.1,46.05,253900.0,11838872.0,11:21:15
sz301503,智迪科技,37.3,-0.63,-1.661,37.3,37.35,37.93,37.74,38.06,37.15,681300.0,25630859.0,11:21:15
sz301505,苏州规划,22.71,0.39,1.747,22.7,22.73,22.32,22.45,22.99,22.43,1460830.0,33130672.0,11:21:18
sz301507,民生健康,16.79,-1.0,-5.621,16.77,16.79,17.79,17.3,17.86,16.68,18816220.0,320617823.0,11:21:18
sz301508,中机认检,31.74,0.24,0.762,31.74,31.75,31.5,31.58,31.87,31.54,571500.0,18129145.0,11:21:15
sz301509,金凯生科,34.18,-2.32,-6.356,34.18,34.19,36.5,34.99,35.7,33.8,4712207.0,163747624.0,11:21:18
sz301510,固高科技,29.48,-0.21,-0.707,29.48,29.49,29.69,29.95,30.09,29.33,1442901.0,42724246.0,11:21:15
sz301511,德福科技,31.57,1.0,3.271,31.55,31.58,30.57,32.02,32.58,31.34,23116600.0,739527905.0,11:21:18
sz301512,智信精密,45.19,-0.91,-1.974,45.16,45.19,46.1,46.26,46.95,44.5,915910.0,41643585.0,11:21:12
sz301515,港通医疗,22.44,-0.13,-0.576,22.43,22.44,22.57,22.85,22.88,22.12,748600.0,16815639.0,11:20:54
sz301516,中远通,17.25,-0.1,-0.576,17.25,17.26,17.35,17.35,17.56,17.07,1485600.0,25618357.0,11:21:15
sz301517,陕西华达,44.33,0.38,0.865,44.32,44.36,43.95,44.1,44.55,43.54,1589922.0,70104889.0,11:21:15
sz301518,长华化学,39.54,1.86,4.936,39.53,39.54,37.68,37.91,40.94,37.74,6395480.0,254732195.0,11:21:18
sz301519,舜禹股份,14.65,0.0,0.0,14.65,14.66,14.65,14.73,14.83,14.39,1550100.0,22675849.0,11:21:18
sz301520,万邦医药,41.78,-0.32,-0.76,41.77,41.78,42.1,42.15,42.39,41.53,364900.0,15299845.0,11:21:03
sz301522,上大股份,32.29,0.12,0.373,32.29,32.3,32.17,32.18,32.49,32.15,1714700.0,55414689.0,11:21:18
sz301525,儒竞科技,84.77,-1.35,-1.568,84.71,84.76,86.12,85.98,86.74,84.55,359195.0,30626264.0,11:21:15
sz301526,国际复材,5.72,0.05,0.882,5.71,5.72,5.67,5.74,5.82,5.68,20477144.0,117837742.0,11:21:18
sz301528,多浦乐,63.14,-0.38,-0.598,63.08,63.13,63.52,64.35,64.49,62.5,264300.0,16745280.0,11:21:15
sz301529,福赛科技,57.83,-0.51,-0.874,57.82,57.84,58.34,58.35,58.93,57.42,793334.0,46017467.0,11:21:12
sz301533,威马农机,39.3,-0.49,-1.231,39.26,39.3,39.79,40.0,40.15,38.74,1142262.0,44966777.0,11:21:18
sz301535,浙江华远,18.62,0.07,0.377,18.6,18.62,18.55,18.67,18.78,18.51,674797.0,12566578.0,11:21:15
sz301536,星宸科技,55.61,-0.09,-0.162,55.61,55.64,55.7,55.98,56.44,55.5,1001906.0,56096157.0,11:21:18
sz301538,骏鼎达,72.07,-0.84,-1.152,72.07,72.08,72.91,73.6,74.34,71.87,419490.0,30514427.0,11:21:18
sz301539,宏鑫科技,19.85,0.02,0.101,19.84,19.85,19.83,19.92,20.05,19.6,730800.0,14467151.0,11:21:09
sz301548,崇德科技,53.71,-0.04,-0.074,53.71,53.76,53.75,53.72,54.33,53.56,744430.0,40075877.0,11:21:15
sz301550,斯菱股份,82.85,-2.15,-2.529,82.85,82.97,85.0,85.8,86.8,82.2,2107686.0,176110331.0,11:21:15
sz301551,无线传媒,37.0,-0.31,-0.831,36.99,37.0,37.31,37.33,37.7,36.75,2140868.0,79446453.0,11:21:03
sz301552,科力装备,37.59,-0.05,-0.133,37.59,37.6,37.64,37.64,37.98,37.2,339180.0,12747496.0,11:21:06
sz301555,惠柏新材,33.97,1.42,4.363,33.96,34.0,32.55,33.29,34.78,33.29,4842123.0,165915997.0,11:21:15
sz301556,托普云农,97.77,0.2,0.205,97.77,97.78,97.57,97.7,98.98,96.99,597600.0,58609199.0,11:21:00
sz301557,常友科技,123.0,-4.57,-3.582,122.6,123.0,127.57,125.88,131.0,121.88,1159084.0,146000981.0,11:21:18
sz301558,三态股份,9.09,-0.03,-0.329,9.08,9.09,9.12,9.15,9.16,8.94,8020490.0,72533093.0,11:21:18
sz301559,中集环科,16.22,-0.01,-0.062,16.22,16.23,16.23,16.23,16.31,16.16,749601.0,12159644.0,11:20:48
sz301560,众捷汽车,35.84,-0.04,-0.111,35.82,35.83,35.88,35.98,36.28,35.65,498368.0,17912264.0,11:21:15
sz301563,云汉芯城,162.73,-7.4,-4.35,162.71,162.72,170.13,171.0,172.87,162.7,1863284.0,309154444.0,11:21:18
sz301565,中仑新材,27.38,-0.22,-0.797,27.33,27.38,27.6,27.8,28.13,27.1,4278092.0,118123214.0,11:21:18
sz301566,达利凯普,18.23,-0.23,-1.246,18.23,18.24,18.46,18.63,18.72,18.11,9963400.0,182745769.0,11:21:18
sz301567,贝隆精密,45.7,0.2,0.44,45.62,45.7,45.5,45.5,46.48,44.75,2531920.0,115377204.0,11:21:18
sz301568,思泰克,43.09,-0.66,-1.509,43.08,43.1,43.75,44.0,44.47,42.99,1308697.0,57070225.0,11:21:03
sz301571,国科天成,46.96,0.86,1.866,46.93,46.96,46.1,45.8,47.78,45.68,2816098.0,131965517.0,11:21:18
sz301575,艾芬达,51.06,0.04,0.078,51.06,51.09,51.02,51.1,51.19,50.88,405463.0,20688684.0,11:21:15
sz301577,美信科技,59.41,-0.24,-0.402,59.4,59.41,59.65,60.27,61.15,59.03,505300.0,30237531.0,11:21:18
sz301578,辰奕智能,37.36,1.04,2.863,37.36,37.41,36.32,38.23,39.87,37.2,3549413.0,136686735.0,11:21:18
sz301580,爱迪特,44.02,-0.6,-1.345,44.01,44.02,44.62,44.89,44.94,43.95,871740.0,38682312.0,11:21:18
sz301581,黄山谷捷,49.3,-0.52,-1.044,49.22,49.3,49.82,50.2,50.38,49.11,310300.0,15430455.0,11:21:15
sz301584,建发致新,32.38,-1.62,-4.765,32.25,32.37,34.0,33.18,33.6,31.78,9088321.0,294446514.0,11:21:18
sz301585,蓝宇股份,31.8,-0.1,-0.313,31.79,31.85,31.9,32.2,32.2,31.62,361090.0,11508603.0,11:21:12
sz301586,佳力奇,46.94,-0.72,-1.511,46.9,46.94,47.66,47.3,47.57,46.77,371700.0,17486714.0,11:21:06
sz301587,中瑞股份,25.13,1.12,4.665,25.1,25.12,24.01,24.16,26.3,24.12,5135293.0,129934578.0,11:21:15
sz301588,美新科技,19.75,0.05,0.254,19.74,19.76,19.7,19.89,20.11,19.56,1016000.0,20194748.0,11:21:15
sz301589,诺瓦星云,162.05,-3.55,-2.144,162.03,162.06,165.6,165.1,166.0,162.0,243951.0,39833596.0,11:21:03
sz301590,优优绿能,170.23,-1.65,-0.96,170.1,170.27,171.88,171.97,173.3,169.01,241923.0,41286263.0,11:20:45
sz301591,肯特股份,41.17,0.07,0.17,41.12,41.16,41.1,41.33,41.49,40.93,371340.0,15304497.0,11:21:09
sz301592,六九一二,121.4,-1.59,-1.293,121.41,121.58,122.99,122.62,122.98,121.15,248000.0,30294513.0,11:21:18
sz301595,太力科技,36.94,-0.14,-0.378,36.91,36.96,37.08,37.4,37.4,36.8,398894.0,14775888.0,11:21:18
sz301596,瑞迪智驱,72.39,-0.98,-1.336,72.38,72.39,73.37,73.37,73.97,72.31,250760.0,18281543.0,11:21:15
sz301598,博科测试,62.73,-0.33,-0.523,62.65,62.73,63.06,63.33,63.53,62.32,297100.0,18673249.0,11:21:09
sz301600,慧翰股份,125.78,-1.16,-0.914,125.78,125.86,126.94,128.41,129.32,125.3,493105.0,62626522.0,11:21:12
sz301601,惠通科技,30.0,-0.59,-1.929,29.99,30.0,30.59,30.82,30.82,29.92,610946.0,18489807.0,11:21:15
sz301602,超研股份,23.7,-0.52,-2.147,23.69,23.71,24.22,24.4,24.4,23.57,1444795.0,34494860.0,11:21:15
sz301603,乔锋智能,70.51,-0.13,-0.184,70.45,70.51,70.64,71.15,71.88,70.44,683726.0,48732483.0,11:21:15
sz301606,绿联科技,59.74,0.11,0.184,59.7,59.74,59.63,60.01,60.83,59.61,956300.0,57524397.0,11:21:15
sz301607,富特科技,40.29,-0.47,-1.153,40.25,40.28,40.76,41.24,41.85,40.16,1191716.0,48909662.0,11:21:18
sz301608,博实结,83.35,0.42,0.506,83.35,83.5,82.93,83.0,84.11,83.0,332800.0,27853947.0,11:21:18
sz301609,山大电力,48.25,-0.28,-0.577,48.25,48.29,48.53,48.56,48.73,48.17,505933.0,24505498.0,11:21:09
sz301611,珂玛科技,51.71,-1.93,-3.598,51.71,51.72,53.64,54.5,54.5,51.68,3567356.0,188127331.0,11:21:18
sz301613,新铝时代,47.37,-0.42,-0.879,47.34,47.36,47.79,48.05,48.2,47.1,572682.0,27224375.0,11:21:03
sz301616,浙江华业,51.27,0.18,0.352,51.25,51.27,51.09,50.99,51.58,50.87,394800.0,20232694.0,11:21:15
sz301617,博苑股份,80.77,-2.53,-3.037,80.77,80.9,83.3,82.5,84.41,80.5,1069430.0,87872113.0,11:21:18
sz301618,长联科技,54.87,-0.34,-0.616,54.88,54.89,55.21,55.21,55.68,54.66,359800.0,19856558.0,11:21:12
sz301622,英思特,70.18,-0.03,-0.043,70.14,70.18,70.21,70.45,71.3,69.96,450500.0,31823634.0,11:21:12
sz301626,苏州天脉,169.5,0.01,0.006,169.21,169.5,169.49,168.52,171.82,168.18,659273.0,111762216.0,11:21:15
sz301628,强达电路,84.88,0.92,1.096,84.88,85.06,83.96,85.04,86.19,84.6,740991.0,63131750.0,11:21:15
sz301629,矽电股份,198.37,8.17,4.295,198.37,198.39,190.2,197.01,206.66,194.0,1662383.0,333161724.0,11:21:18
sz301630,同宇新材,175.6,1.76,1.012,175.6,175.71,173.84,175.02,178.74,175.02,319700.0,56561274.0,11:21:18
sz301631,壹连科技,105.39,9.67,10.102,105.39,105.49,95.72,96.54,108.79,96.54,4055533.0,420154027.0,11:21:18
sz301632,广东建科,26.08,0.13,0.501,26.07,26.08,25.95,25.96,26.3,25.75,1522269.0,39471903.0,11:21:09
sz301633,港迪技术,68.89,-1.46,-2.075,68.89,68.91,70.35,70.4,70.72,68.0,386600.0,26731850.0,11:21:06
sz301636,泽润新能,51.37,-0.18,-0.349,51.36,51.37,51.55,51.55,51.87,51.27,302211.0,15564739.0,11:21:06
sz301638,C南网数,22.36,-1.53,-6.404,22.36,22.38,23.89,22.8,24.77,21.8,92149006.0,2105792686.0,11:21:21
sz301656,联合动力,27.13,-0.25,-0.913,27.13,27.15,27.38,27.38,27.54,27.01,4379855.0,119194607.0,11:21:21
sz301658,首航新能,30.91,-0.75,-2.369,30.91,30.93,31.66,31.82,31.95,30.8,1700448.0,53070831.0,11:21:21
sz301662,宏工科技,139.58,-2.28,-1.607,139.52,139.86,141.86,141.05,150.53,139.5,2130358.0,309011063.0,11:21:21
sz301665,泰禾股份,31.91,0.82,2.638,31.9,31.91,31.09,31.11,32.4,31.11,3395792.0,108450764.0,11:21:21
sz301668,昊创瑞通,51.74,-0.04,-0.077,51.72,51.74,51.78,52.0,52.29,51.3,981540.0,50821853.0,11:21:21
sz301678,新恒汇,65.59,-0.81,-1.22,65.58,65.59,66.4,67.06,67.38,65.35,1155083.0,76518728.0,11:21:06
sz302132,中航成飞,81.26,-1.26,-1.527,81.18,81.25,82.52,81.6,81.99,80.88,4984761.0,405410329.0,11:21:21
